  0
SECTION
  2
HEADER
  9
$ACADVER
  1
AC1015
  9
$ACADMAINTVER
 70
     6
  9
$DWGCODEPAGE
  3
ANSI_1252
  9
$INSBASE
 10
0.0
 20
0.0
 30
0.0
  9
$EXTMIN
 10
-472.2
 20
-90.0
 30
0.0
  9
$EXTMAX
 10
96.0
 20
342.2
 30
0.0
  9
$LIMMIN
 10
0.0
 20
0.0
  9
$LIMMAX
 10
420.0
 20
297.0
  9
$ORTHOMODE
 70
     0
  9
$REGENMODE
 70
     1
  9
$FILLMODE
 70
     1
  9
$QTEXTMODE
 70
     0
  9
$MIRRTEXT
 70
     1
  9
$LTSCALE
 40
1.0
  9
$ATTMODE
 70
     1
  9
$TEXTSIZE
 40
3.5
  9
$TRACEWID
 40
1.0
  9
$TEXTSTYLE
  7
Standard
  9
$CLAYER
  8
0
  9
$CELTYPE
  6
ByLayer
  9
$CECOLOR
 62
   256
  9
$CELTSCALE
 40
1.0
  9
$DISPSILH
 70
     0
  9
$DIMSCALE
 40
1.0
  9
$DIMASZ
 40
3.302
  9
$DIMEXO
 40
0.0
  9
$DIMDLI
 40
3.75
  9
$DIMRND
 40
0.0
  9
$DIMDLE
 40
0.0
  9
$DIMEXE
 40
3.175
  9
$DIMTP
 40
0.0
  9
$DIMTM
 40
0.0
  9
$DIMTXT
 40
3.5
  9
$DIMCEN
 40
2.5
  9
$DIMTSZ
 40
0.0
  9
$DIMTOL
 70
     0
  9
$DIMLIM
 70
     0
  9
$DIMTIH
 70
     1
  9
$DIMTOH
 70
     1
  9
$DIMSE1
 70
     0
  9
$DIMSE2
 70
     0
  9
$DIMTAD
 70
     1
  9
$DIMZIN
 70
     1
  9
$DIMBLK
  1

  9
$DIMASO
 70
     1
  9
$DIMSHO
 70
     1
  9
$DIMPOST
  1

  9
$DIMAPOST
  1

  9
$DIMALT
 70
     0
  9
$DIMALTD
 70
     3
  9
$DIMALTF
 40
0.0393700787
  9
$DIMLFAC
 40
1.0
  9
$DIMTOFL
 70
     1
  9
$DIMTVP
 40
0.0
  9
$DIMTIX
 70
     0
  9
$DIMSOXD
 70
     0
  9
$DIMSAH
 70
     0
  9
$DIMBLK1
  1

  9
$DIMBLK2
  1

  9
$DIMSTYLE
  2
ISO-25
  9
$DIMCLRD
 70
     0
  9
$DIMCLRE
 70
     0
  9
$DIMCLRT
 70
     0
  9
$DIMTFAC
 40
1.0
  9
$DIMGAP
 40
1.524
  9
$DIMJUST
 70
     0
  9
$DIMSD1
 70
     0
  9
$DIMSD2
 70
     0
  9
$DIMTOLJ
 70
     0
  9
$DIMTZIN
 70
     1
  9
$DIMALTZ
 70
     0
  9
$DIMALTTZ
 70
     0
  9
$DIMUPT
 70
     0
  9
$DIMDEC
 70
     2
  9
$DIMTDEC
 70
     2
  9
$DIMALTU
 70
     2
  9
$DIMALTTD
 70
     3
  9
$DIMTXSTY
  7
Standard
  9
$DIMAUNIT
 70
     0
  9
$DIMADEC
 70
     2
  9
$DIMALTRND
 40
0.0
  9
$DIMAZIN
 70
     0
  9
$DIMDSEP
 70
    44
  9
$DIMATFIT
 70
     3
  9
$DIMFRAC
 70
     0
  9
$DIMLDRBLK
  1

  9
$DIMLUNIT
 70
     2
  9
$DIMLWD
 70
    -2
  9
$DIMLWE
 70
    -2
  9
$DIMTMOVE
 70
     0
  9
$LUNITS
 70
     2
  9
$LUPREC
 70
     2
  9
$SKETCHINC
 40
1.0
  9
$FILLETRAD
 40
0.0
  9
$AUNITS
 70
     0
  9
$AUPREC
 70
     2
  9
$MENU
  1
.
  9
$ELEVATION
 40
0.0
  9
$PELEVATION
 40
0.0
  9
$THICKNESS
 40
0.0
  9
$LIMCHECK
 70
     0
  9
$CHAMFERA
 40
0.0
  9
$CHAMFERB
 40
0.0
  9
$CHAMFERC
 40
0.0
  9
$CHAMFERD
 40
0.0
  9
$SKPOLY
 70
     0
  9
$TDCREATE
 40
2461002.106292141
  9
$TDUCREATE
 40
2461002.022958808
  9
$TDUPDATE
 40
2461002.106334144
  9
$TDUUPDATE
 40
2461002.023000811
  9
$TDINDWG
 40
0.0000000116
  9
$TDUSRTIMER
 40
0.0000000116
  9
$USRTIMER
 70
     1
  9
$ANGBASE
 50
0.0
  9
$ANGDIR
 70
     0
  9
$PDMODE
 70
     0
  9
$PDSIZE
 40
-1.0
  9
$PLINEWID
 40
0.0
  9
$SPLFRAME
 70
     0
  9
$SPLINETYPE
 70
     6
  9
$SPLINESEGS
 70
     8
  9
$HANDSEED
  5
B92
  9
$SURFTAB1
 70
     6
  9
$SURFTAB2
 70
     6
  9
$SURFTYPE
 70
     6
  9
$SURFU
 70
     6
  9
$SURFV
 70
     6
  9
$UCSBASE
  2

  9
$UCSNAME
  2

  9
$UCSORG
 10
0.0
 20
0.0
 30
0.0
  9
$UCSXDIR
 10
1.0
 20
0.0
 30
0.0
  9
$UCSYDIR
 10
0.0
 20
1.0
 30
0.0
  9
$UCSORTHOREF
  2

  9
$UCSORTHOVIEW
 70
     0
  9
$UCSORGTOP
 10
0.0
 20
0.0
 30
0.0
  9
$UCSORGBOTTOM
 10
0.0
 20
0.0
 30
0.0
  9
$UCSORGLEFT
 10
0.0
 20
0.0
 30
0.0
  9
$UCSORGRIGHT
 10
0.0
 20
0.0
 30
0.0
  9
$UCSORGFRONT
 10
0.0
 20
0.0
 30
0.0
  9
$UCSORGBACK
 10
0.0
 20
0.0
 30
0.0
  9
$PUCSBASE
  2

  9
$PUCSNAME
  2

  9
$PUCSORG
 10
0.0
 20
0.0
 30
0.0
  9
$PUCSXDIR
 10
1.0
 20
0.0
 30
0.0
  9
$PUCSYDIR
 10
0.0
 20
1.0
 30
0.0
  9
$PUCSORTHOREF
  2

  9
$PUCSORTHOVIEW
 70
     0
  9
$PUCSORGTOP
 10
0.0
 20
0.0
 30
0.0
  9
$PUCSORGBOTTOM
 10
0.0
 20
0.0
 30
0.0
  9
$PUCSORGLEFT
 10
0.0
 20
0.0
 30
0.0
  9
$PUCSORGRIGHT
 10
0.0
 20
0.0
 30
0.0
  9
$PUCSORGFRONT
 10
0.0
 20
0.0
 30
0.0
  9
$PUCSORGBACK
 10
0.0
 20
0.0
 30
0.0
  9
$USERI1
 70
     0
  9
$USERI2
 70
     0
  9
$USERI3
 70
     0
  9
$USERI4
 70
     0
  9
$USERI5
 70
     0
  9
$USERR1
 40
0.0
  9
$USERR2
 40
0.0
  9
$USERR3
 40
0.0
  9
$USERR4
 40
0.0
  9
$USERR5
 40
0.0
  9
$WORLDVIEW
 70
     1
  9
$SHADEDGE
 70
     3
  9
$SHADEDIF
 70
    70
  9
$TILEMODE
 70
     1
  9
$MAXACTVP
 70
    64
  9
$PINSBASE
 10
0.0
 20
0.0
 30
0.0
  9
$PLIMCHECK
 70
     0
  9
$PEXTMIN
 10
1.0000000000E+20
 20
1.0000000000E+20
 30
1.0000000000E+20
  9
$PEXTMAX
 10
-1.0000000000E+20
 20
-1.0000000000E+20
 30
-1.0000000000E+20
  9
$PLIMMIN
 10
0.0
 20
0.0
  9
$PLIMMAX
 10
420.0
 20
297.0
  9
$UNITMODE
 70
     0
  9
$VISRETAIN
 70
     1
  9
$PLINEGEN
 70
     0
  9
$PSLTSCALE
 70
     1
  9
$TREEDEPTH
 70
  3020
  9
$CMLSTYLE
  2
Standard
  9
$CMLJUST
 70
     0
  9
$CMLSCALE
 40
20.0
  9
$PROXYGRAPHICS
 70
     1
  9
$MEASUREMENT
 70
     1
  9
$CELWEIGHT
370
    -1
  9
$ENDCAPS
280
     0
  9
$JOINSTYLE
280
     0
  9
$LWDISPLAY
290
     1
  9
$INSUNITS
 70
     4
  9
$HYPERLINKBASE
  1

  9
$STYLESHEET
  1

  9
$XEDIT
290
     1
  9
$CEPSNTYPE
380
     0
  9
$PSTYLEMODE
290
     1
  9
$FINGERPRINTGUID
  2
{bfabcfa5-0828-4764-a2c7-7ecab24b8d65}
  9
$VERSIONGUID
  2
{FAEB1C32-E019-11D5-929B-00C0DF256EC4}
  9
$EXTNAMES
290
     1
  9
$PSVPSCALE
 40
0.0
  9
$OLESTARTUP
290
     0
  0
ENDSEC
  0
SECTION
  2
CLASSES
  0
CLASS
  1
ACDBDICTIONARYWDFLT
  2
AcDbDictionaryWithDefault
  3
ObjectDBX Classes
 90
        0
280
     0
281
     0
  0
CLASS
  1
VISUALSTYLE
  2
AcDbVisualStyle
  3
ObjectDBX Classes
 90
     4095
280
     0
281
     0
  0
CLASS
  1
MATERIAL
  2
AcDbMaterial
  3
ObjectDBX Classes
 90
     1153
280
     0
281
     0
  0
CLASS
  1
SCALE
  2
AcDbScale
  3
ObjectDBX Classes
 90
     1153
280
     0
281
     0
  0
CLASS
  1
TABLESTYLE
  2
AcDbTableStyle
  3
ObjectDBX Classes
 90
     4095
280
     0
281
     0
  0
CLASS
  1
MLEADERSTYLE
  2
AcDbMLeaderStyle
  3
ACDB_MLEADERSTYLE_CLASS
 90
     4095
280
     0
281
     0
  0
CLASS
  1
SUN
  2
AcDbSun
  3
SCENEOE
 90
     1153
280
     0
281
     0
  0
CLASS
  1
ACDBPLACEHOLDER
  2
AcDbPlaceHolder
  3
ObjectDBX Classes
 90
        0
280
     0
281
     0
  0
CLASS
  1
LAYOUT
  2
AcDbLayout
  3
ObjectDBX Classes
 90
        0
280
     0
281
     0
  0
ENDSEC
  0
SECTION
  2
TABLES
  0
TABLE
  2
VPORT
  5
8
330
0
100
AcDbSymbolTable
 70
     1
  0
VPORT
  5
29
330
8
100
AcDbSymbolTableRecord
100
AcDbViewportTableRecord
  2
*Active
 70
     0
 10
0.0
 20
0.0
 11
1.0
 21
1.0
 12
-188.1
 22
126.1
 13
0.0
 23
0.0
 14
10.0
 24
10.0
 15
10.0
 25
10.0
 16
0.0
 26
0.0
 36
1.0
 17
0.0
 27
0.0
 37
0.0
 40
440.844
 41
1.3146691347
 42
50.0
 43
0.0
 44
0.0
 50
0.0
 51
0.0
 71
     0
 72
   100
 73
     1
 74
     3
 75
     0
 76
     0
 77
     0
 78
     0
281
     0
 65
     1
110
0.0
120
0.0
130
0.0
111
1.0
121
0.0
131
0.0
112
0.0
122
1.0
132
0.0
 79
     0
146
0.0
  0
ENDTAB
  0
TABLE
  2
LTYPE
  5
5
330
0
100
AcDbSymbolTable
 70
     6
  0
LTYPE
  5
14
330
5
100
AcDbSymbolTableRecord
100
AcDbLinetypeTableRecord
  2
ByBlock
 70
     0
  3

 72
    65
 73
     0
 40
0.0
  0
LTYPE
  5
15
330
5
100
AcDbSymbolTableRecord
100
AcDbLinetypeTableRecord
  2
ByLayer
 70
     0
  3

 72
    65
 73
     0
 40
0.0
  0
LTYPE
  5
16
330
5
100
AcDbSymbolTableRecord
100
AcDbLinetypeTableRecord
  2
Continuous
 70
     0
  3
Solid line
 72
    65
 73
     0
 40
0.0
  0
LTYPE
  5
5E
330
5
100
AcDbSymbolTableRecord
100
AcDbLinetypeTableRecord
  2
HIDDEN
 70
     0
  3
Hidden __ __ __ __ __ __ __ __ __ __ __ __ __ __
 72
    65
 73
     2
 40
1.905
 49
1.27
 74
     0
 49
-0.635
 74
     0
  0
LTYPE
  5
5F
330
5
100
AcDbSymbolTableRecord
100
AcDbLinetypeTableRecord
  2
PHANTOM
 70
     0
  3
Phantom ______  __  __  ______  __  __  ______
 72
    65
 73
     6
 40
12.7
 49
6.35
 74
     0
 49
-1.27
 74
     0
 49
1.27
 74
     0
 49
-1.27
 74
     0
 49
1.27
 74
     0
 49
-1.27
 74
     0
  0
LTYPE
  5
60
330
5
100
AcDbSymbolTableRecord
100
AcDbLinetypeTableRecord
  2
CENTER
 70
     0
  3
Center ____ _ ____ _ ____ _ ____ _ ____ _ ____
 72
    65
 73
     4
 40
10.16
 49
6.35
 74
     0
 49
-1.27
 74
     0
 49
1.27
 74
     0
 49
-1.27
 74
     0
  0
LTYPE
  5
61
330
5
100
AcDbSymbolTableRecord
100
AcDbLinetypeTableRecord
  2
CENTERX2
 70
     0
  3
Center (2x) ________  __  ________  __  _____
 72
    65
 73
     4
 40
20.32
 49
12.7
 74
     0
 49
-2.54
 74
     0
 49
2.54
 74
     0
 49
-2.54
 74
     0
  0
LTYPE
  5
62
330
5
100
AcDbSymbolTableRecord
100
AcDbLinetypeTableRecord
  2
DOT2
 70
     0
  3
Dot (.5x) ........................................
 72
    65
 73
     2
 40
0.635
 49
0.0
 74
     0
 49
-0.635
 74
     0
  0
ENDTAB
  0
TABLE
  2
LAYER
  5
2
330
0
100
AcDbSymbolTable
 70
     1
  0
LAYER
  5
10
330
2
100
AcDbSymbolTableRecord
100
AcDbLayerTableRecord
  2
0
 70
     0
 62
     7
  6
Continuous
370
    -3
390
F
  0
ENDTAB
  0
TABLE
  2
STYLE
  5
3
330
0
100
AcDbSymbolTable
 70
     2
  0
STYLE
  5
11
330
3
100
AcDbSymbolTableRecord
100
AcDbTextStyleTableRecord
  2
Standard
 70
     0
 40
0.0
 41
1.0
 50
0.0
 71
     0
 42
3.5
  3
txt
  4

  0
STYLE
  5
B8E
330
3
100
AcDbSymbolTableRecord
100
AcDbTextStyleTableRecord
  2
SLDTEXTSTYLE0
 70
     0
 40
0.0
 41
0.7
 50
0.0
 71
     0
 42
3.5
  3
TXT
  4

  0
ENDTAB
  0
TABLE
  2
VIEW
  5
6
330
0
100
AcDbSymbolTable
 70
     0
  0
ENDTAB
  0
TABLE
  2
UCS
  5
7
330
0
100
AcDbSymbolTable
 70
     0
  0
ENDTAB
  0
TABLE
  2
APPID
  5
9
330
0
100
AcDbSymbolTable
 70
     1
  0
APPID
  5
12
330
9
100
AcDbSymbolTableRecord
100
AcDbRegAppTableRecord
  2
ACAD
 70
     0
  0
ENDTAB
  0
TABLE
  2
DIMSTYLE
  5
A
330
0
100
AcDbSymbolTable
 70
     1
100
AcDbDimStyleTable
  0
DIMSTYLE
105
27
330
A
100
AcDbSymbolTableRecord
100
AcDbDimStyleTableRecord
  2
ISO-25
 70
     0
 41
2.5
 42
0.625
 43
3.75
 44
1.25
 73
     0
 74
     0
 77
     1
 78
     8
140
2.5
141
2.5
143
0.0393700787
147
0.625
171
     3
172
     1
178
     0
271
     2
272
     2
274
     3
278
    44
283
     0
284
     8
340
11
  0
ENDTAB
  0
TABLE
  2
BLOCK_RECORD
  5
1
330
0
100
AcDbSymbolTable
 70
     1
  0
BLOCK_RECORD
  5
1F
330
1
100
AcDbSymbolTableRecord
100
AcDbBlockTableRecord
  2
*Model_Space
340
22
  0
BLOCK_RECORD
  5
1B
330
1
100
AcDbSymbolTableRecord
100
AcDbBlockTableRecord
  2
*Paper_Space
340
1E
  0
BLOCK_RECORD
  5
23
330
1
100
AcDbSymbolTableRecord
100
AcDbBlockTableRecord
  2
*Paper_Space0
340
26
  0
ENDTAB
  0
ENDSEC
  0
SECTION
  2
BLOCKS
  0
BLOCK
  5
20
330
1F
100
AcDbEntity
  8
0
100
AcDbBlockBegin
  2
*Model_Space
 70
     0
 10
0.0
 20
0.0
 30
0.0
  3
*Model_Space
  1

  0
ENDBLK
  5
21
330
1F
100
AcDbEntity
  8
0
100
AcDbBlockEnd
  0
BLOCK
  5
1C
330
1B
100
AcDbEntity
 67
     1
  8
0
100
AcDbBlockBegin
  2
*Paper_Space
 70
     0
 10
0.0
 20
0.0
 30
0.0
  3
*Paper_Space
  1

  0
ENDBLK
  5
1D
330
1B
100
AcDbEntity
 67
     1
  8
0
100
AcDbBlockEnd
  0
BLOCK
  5
24
330
23
100
AcDbEntity
  8
0
100
AcDbBlockBegin
  2
*Paper_Space0
 70
     0
 10
0.0
 20
0.0
 30
0.0
  3
*Paper_Space0
  1

  0
ENDBLK
  5
25
330
23
100
AcDbEntity
  8
0
100
AcDbBlockEnd
  0
ENDSEC
  0
SECTION
  2
ENTITIES
  0
CIRCLE
  5
63
330
1F
100
AcDbEntity
  8
0
  6
Continuous
 62
     7
370
    25
100
AcDbCircle
 10
-132.4333333333
 20
332.5
 30
0.0
 40
1.599999999999994
  0
CIRCLE
  5
64
330
1F
100
AcDbEntity
  8
0
  6
Continuous
 62
     7
370
    25
100
AcDbCircle
 10
-174.1
 20
332.5
 30
0.0
 40
1.600000000000023
  0
CIRCLE
  5
71
330
1F
100
AcDbEntity
  8
0
  6
Continuous
 62
     7
370
    25
100
AcDbCircle
 10
-174.1
 20
291.3
 30
0.0
 40
1.599999999999909
  0
CIRCLE
  5
86
330
1F
100
AcDbEntity
  8
0
  6
Continuous
 62
     7
370
    25
100
AcDbCircle
 10
-132.4333333333
 20
291.3
 30
0.0
 40
1.600000000000051
  0
CIRCLE
  5
8B
330
1F
100
AcDbEntity
  8
0
  6
Continuous
 62
     7
370
    25
100
AcDbCircle
 10
-215.7666666667
 20
291.3
 30
0.0
 40
1.600000000000051
  0
CIRCLE
  5
8C
330
1F
100
AcDbEntity
  8
0
  6
Continuous
 62
     7
370
    25
100
AcDbCircle
 10
-215.7666666667
 20
332.5
 30
0.0
 40
1.599999999999966
  0
CIRCLE
  5
8D
330
1F
100
AcDbEntity
  8
0
  6
Continuous
 62
     7
370
    25
100
AcDbCircle
 10
47.6666666667
 20
332.5
 30
0.0
 40
1.59999999999998
  0
CIRCLE
  5
8E
330
1F
100
AcDbEntity
  8
0
  6
Continuous
 62
     7
370
    25
100
AcDbCircle
 10
6.0
 20
332.5
 30
0.0
 40
1.599999999999983
  0
CIRCLE
  5
9B
330
1F
100
AcDbEntity
  8
0
  6
Continuous
 62
     7
370
    25
100
AcDbCircle
 10
6.0
 20
291.3
 30
0.0
 40
1.599999999999957
  0
CIRCLE
  5
B0
330
1F
100
AcDbEntity
  8
0
  6
Continuous
 62
     7
370
    25
100
AcDbCircle
 10
47.6666666667
 20
291.3
 30
0.0
 40
1.600000000000044
  0
CIRCLE
  5
B5
330
1F
100
AcDbEntity
  8
0
  6
Continuous
 62
     7
370
    25
100
AcDbCircle
 10
-35.6666666667
 20
291.3
 30
0.0
 40
1.600000000000037
  0
CIRCLE
  5
B6
330
1F
100
AcDbEntity
  8
0
  6
Continuous
 62
     7
370
    25
100
AcDbCircle
 10
-35.6666666667
 20
332.5
 30
0.0
 40
1.599999999999987
  0
CIRCLE
  5
B7
330
1F
100
AcDbEntity
  8
0
  6
Continuous
 62
     7
370
    25
100
AcDbCircle
 10
-419.9
 20
-35.6666666667
 30
0.0
 40
1.599999999999966
  0
CIRCLE
  5
B8
330
1F
100
AcDbEntity
  8
0
  6
Continuous
 62
     7
370
    25
100
AcDbCircle
 10
-419.9
 20
6.0
 30
0.0
 40
1.599999999999955
  0
CIRCLE
  5
C5
330
1F
100
AcDbEntity
  8
0
  6
Continuous
 62
     7
370
    25
100
AcDbCircle
 10
-461.1
 20
6.0
 30
0.0
 40
1.599999999999998
  0
CIRCLE
  5
DA
330
1F
100
AcDbEntity
  8
0
  6
Continuous
 62
     7
370
    25
100
AcDbCircle
 10
-461.1
 20
-35.6666666667
 30
0.0
 40
1.600000000000044
  0
CIRCLE
  5
DF
330
1F
100
AcDbEntity
  8
0
  6
Continuous
 62
     7
370
    25
100
AcDbCircle
 10
-461.1
 20
47.6666666666
 30
0.0
 40
1.599999999999987
  0
CIRCLE
  5
E0
330
1F
100
AcDbEntity
  8
0
  6
Continuous
 62
     7
370
    25
100
AcDbCircle
 10
-419.9
 20
47.6666666666
 30
0.0
 40
1.600000000000051
  0
SPLINE
  5
E1
330
1F
100
AcDbEntity
  8
0
  6
Continuous
 62
     7
370
    25
100
AcDbSpline
210
0.0
220
0.0
230
1.0
 70
     8
 71
     3
 72
    15
 73
    11
 74
     0
 42
0.00000001
 43
0.00000001
 40
0.0
 40
0.0
 40
0.0
 40
0.0
 40
0.1176721074895053
 40
0.22874000874782
 40
0.3363901013182307
 40
0.4499310175578657
 40
0.5697236450913908
 40
0.6999797409935474
 40
0.8418776887678164
 40
1.0
 40
1.0
 40
1.0
 40
1.0
 10
-166.8139745916507
 20
246.7479128856612
 30
0.0
 10
-166.8168612708952
 20
246.8021715447554
 30
0.0
 10
-166.8224726179654
 20
246.9076436606256
 30
0.0
 10
-166.8733684460585
 20
247.055798859942
 30
0.0
 10
-166.9555962606811
 20
247.1863692293181
 30
0.0
 10
-167.0726993001196
 20
247.2930366045696
 30
0.0
 10
-167.2169822744002
 20
247.3794776438588
 30
0.0
 10
-167.3877716220143
 20
247.4401673535558
 30
0.0
 10
-167.5831920055969
 20
247.4762416026024
 30
0.0
 10
-167.7212493270471
 20
247.4806282012781
 30
0.0
 10
-167.7940108892914
 20
247.4829401088917
 30
0.0
  0
SPLINE
  5
E2
330
1F
100
AcDbEntity
  8
0
  6
Continuous
 62
     7
370
    25
100
AcDbSpline
210
0.0
220
0.0
230
1.0
 70
     8
 71
     3
 72
    21
 73
    17
 74
     0
 42
0.00000001
 43
0.00000001
 40
0.0
 40
0.0
 40
0.0
 40
0.0
 40
0.1032102297152663
 40
0.1995523388011971
 40
0.2873595477795812
 40
0.3687432254870149
 40
0.4419801814776898
 40
0.5100931124114364
 40
0.5715102963498497
 40
0.6290040610020705
 40
0.6809194742643205
 40
0.7295487843552468
 40
0.7759652201625936
 40
0.8198840648015783
 40
0.906604487324784
 40
1.0
 40
1.0
 40
1.0
 40
1.0
 10
-168.4673321234112
 20
245.902177858438
 30
0.0
 10
-168.3959256177428
 20
245.9027626338693
 30
0.0
 10
-168.257864349484
 20
245.9038932708741
 30
0.0
 10
-168.0593947233799
 20
245.9156171859091
 30
0.0
 10
-167.8762057741499
 20
245.930304321221
 30
0.0
 10
-167.7104282467676
 20
245.9563280680857
 30
0.0
 10
-167.5592845606332
 20
245.9866677225541
 30
0.0
 10
-167.4241151290219
 20
246.0245820710926
 30
0.0
 10
-167.3020179449349
 20
246.0677540592012
 30
0.0
 10
-167.195376322427
 20
246.1195845105573
 30
0.0
 10
-167.1039939692702
 20
246.1796519556261
 30
0.0
 10
-167.0214673795731
 20
246.2397236980708
 30
0.0
 10
-166.9571781702376
 20
246.3118718905382
 30
0.0
 10
-166.8851223685442
 20
246.4111271901762
 30
0.0
 10
-166.8269880792496
 20
246.5584636685648
 30
0.0
 10
-166.8184182862582
 20
246.6832219672583
 30
0.0
 10
-166.8139745916507
 20
246.7479128856612
 30
0.0
  0
SPLINE
  5
E4
330
1F
100
AcDbEntity
  8
0
  6
Continuous
 62
     7
370
    25
100
AcDbSpline
210
0.0
220
0.0
230
1.0
 70
     8
 71
     3
 72
    15
 73
    11
 74
     0
 42
0.00000001
 43
0.00000001
 40
0.0
 40
0.0
 40
0.0
 40
0.0
 40
0.1221988928636203
 40
0.2400562392741327
 40
0.3562465933059275
 40
0.4728081634720943
 40
0.5930020163755328
 40
0.7202927783487183
 40
0.8560317585107291
 40
1.0
 40
1.0
 40
1.0
 40
1.0
 10
-167.7940108892914
 20
247.4829401088917
 30
0.0
 10
-167.8576687012754
 20
247.4808234981752
 30
0.0
 10
-167.9827226570618
 20
247.4766654767996
 30
0.0
 10
-168.1659515688
 20
247.4444973118173
 30
0.0
 10
-168.3418665395228
 20
247.3942352156329
 30
0.0
 10
-168.5104962537876
 20
247.3198621759289
 30
0.0
 10
-168.6749056292068
 20
247.2251228427473
 30
0.0
 10
-168.8407435932722
 20
247.1139507359765
 30
0.0
 10
-169.0080528019705
 20
246.9834441972866
 30
0.0
 10
-169.1147653843462
 20
246.8842623028267
 30
0.0
 10
-169.1696914700537
 20
246.8332123411966
 30
0.0
  0
SPLINE
  5
E6
330
1F
100
AcDbEntity
  8
0
  6
Continuous
 62
     7
370
    25
100
AcDbSpline
210
0.0
220
0.0
230
1.0
 70
     8
 71
     3
 72
    15
 73
    11
 74
     0
 42
0.00000001
 43
0.00000001
 40
0.0
 40
0.0
 40
0.0
 40
0.0
 40
0.1176721074895003
 40
0.2287400087478226
 40
0.3363901013182282
 40
0.4499310175578656
 40
0.569723645091387
 40
0.6999797409935434
 40
0.8418776887678205
 40
1.0
 40
1.0
 40
1.0
 40
1.0
 10
-210.4408348457342
 20
230.4157894736827
 30
0.0
 10
-210.4437215249786
 20
230.4700481327768
 30
0.0
 10
-210.4493328720488
 20
230.5755202486471
 30
0.0
 10
-210.5002287001419
 20
230.7236754479634
 30
0.0
 10
-210.5824565147645
 20
230.8542458173396
 30
0.0
 10
-210.699559554203
 20
230.9609131925911
 30
0.0
 10
-210.8438425284836
 20
231.0473542318802
 30
0.0
 10
-211.0146318760977
 20
231.1080439415773
 30
0.0
 10
-211.2100522596803
 20
231.1441181906239
 30
0.0
 10
-211.3481095811305
 20
231.1485047892996
 30
0.0
 10
-211.4208711433748
 20
231.1508166969132
 30
0.0
  0
SPLINE
  5
E7
330
1F
100
AcDbEntity
  8
0
  6
Continuous
 62
     7
370
    25
100
AcDbSpline
210
0.0
220
0.0
230
1.0
 70
     8
 71
     3
 72
    21
 73
    17
 74
     0
 42
0.00000001
 43
0.00000001
 40
0.0
 40
0.0
 40
0.0
 40
0.0
 40
0.1032102297152678
 40
0.1995523388011969
 40
0.2873595477795792
 40
0.3687432254870162
 40
0.4419801814776886
 40
0.5100931124114345
 40
0.5715102963498466
 40
0.6290040610020674
 40
0.680919474264322
 40
0.7295487843552468
 40
0.7759652201625948
 40
0.8198840648015775
 40
0.9066044873247844
 40
1.0
 40
1.0
 40
1.0
 40
1.0
 10
-212.0941923774946
 20
229.5700544464595
 30
0.0
 10
-212.0227858718261
 20
229.5706392218908
 30
0.0
 10
-211.8847246035674
 20
229.5717698588955
 30
0.0
 10
-211.6862549774633
 20
229.5834937739306
 30
0.0
 10
-211.5030660282333
 20
229.5981809092424
 30
0.0
 10
-211.337288500851
 20
229.6242046561072
 30
0.0
 10
-211.1861448147165
 20
229.6545443105755
 30
0.0
 10
-211.0509753831053
 20
229.6924586591141
 30
0.0
 10
-210.9288781990183
 20
229.7356306472226
 30
0.0
 10
-210.8222365765104
 20
229.7874610985788
 30
0.0
 10
-210.7308542233536
 20
229.8475285436476
 30
0.0
 10
-210.6483276336565
 20
229.9076002860924
 30
0.0
 10
-210.584038424321
 20
229.9797484785597
 30
0.0
 10
-210.5119826226276
 20
230.0790037781977
 30
0.0
 10
-210.453848333333
 20
230.2263402565862
 30
0.0
 10
-210.4452785403416
 20
230.3510985552799
 30
0.0
 10
-210.4408348457342
 20
230.4157894736827
 30
0.0
  0
SPLINE
  5
EA
330
1F
100
AcDbEntity
  8
0
  6
Continuous
 62
     7
370
    25
100
AcDbSpline
210
0.0
220
0.0
230
1.0
 70
     8
 71
     3
 72
    15
 73
    11
 74
     0
 42
0.00000001
 43
0.00000001
 40
0.0
 40
0.0
 40
0.0
 40
0.0
 40
0.1221988928636231
 40
0.240056239274136
 40
0.3562465933059291
 40
0.4728081634721004
 40
0.5930020163755371
 40
0.7202927783487201
 40
0.856031758510732
 40
1.0
 40
1.0
 40
1.0
 40
1.0
 10
-211.4208711433748
 20
231.1508166969132
 30
0.0
 10
-211.4845289553589
 20
231.1487000861967
 30
0.0
 10
-211.6095829111452
 20
231.1445420648212
 30
0.0
 10
-211.7928118228835
 20
231.1123738998388
 30
0.0
 10
-211.9687267936062
 20
231.0621118036544
 30
0.0
 10
-212.137356507871
 20
230.9877387639503
 30
0.0
 10
-212.3017658832902
 20
230.8929994307688
 30
0.0
 10
-212.4676038473556
 20
230.781827323998
 30
0.0
 10
-212.6349130560539
 20
230.6513207853081
 30
0.0
 10
-212.7416256384296
 20
230.5521388908482
 30
0.0
 10
-212.7965517241371
 20
230.5010889292181
 30
0.0
  0
SPLINE
  5
EB
330
1F
100
AcDbEntity
  8
0
  6
Continuous
 62
     7
370
    25
100
AcDbSpline
210
0.0
220
0.0
230
1.0
 70
     8
 71
     3
 72
    15
 73
    11
 74
     0
 42
0.00000001
 43
0.00000001
 40
0.0
 40
0.0
 40
0.0
 40
0.0
 40
0.1410630835171921
 40
0.2747253149089795
 40
0.4026189766284477
 40
0.5252319682724061
 40
0.6449368289121585
 40
0.7629689286270407
 40
0.8814366529993055
 40
1.0
 40
1.0
 40
1.0
 40
1.0
 10
-158.1508166969139
 20
243.3903811252257
 30
0.0
 10
-158.2402982382479
 20
243.3119855094212
 30
0.0
 10
-158.414566686155
 20
243.1593072912625
 30
0.0
 10
-158.6910170625994
 20
242.9616601857908
 30
0.0
 10
-158.9667127520196
 20
242.7912963885477
 30
0.0
 10
-159.2463164797795
 20
242.6516743631201
 30
0.0
 10
-159.5307991321854
 20
242.5435130342388
 30
0.0
 10
-159.8216841397095
 20
242.4677105424658
 30
0.0
 10
-160.1176322022569
 20
242.4177531429346
 30
0.0
 10
-160.3175867494674
 20
242.4128149300898
 30
0.0
 10
-160.4176043557161
 20
242.410344827585
 30
0.0
  0
SPLINE
  5
ED
330
1F
100
AcDbEntity
  8
0
  6
Continuous
 62
     7
370
    25
100
AcDbSpline
210
0.0
220
0.0
230
1.0
 70
     8
 71
     3
 72
    15
 73
    11
 74
     0
 42
0.00000001
 43
0.00000001
 40
0.0
 40
0.0
 40
0.0
 40
0.0
 40
0.2403948040573564
 40
0.4364613099245807
 40
0.5905846609025599
 40
0.7086751587964052
 40
0.7980228287550487
 40
0.8700975318261894
 40
0.9340266645431583
 40
0.9999999999999999
 40
0.9999999999999999
 40
0.9999999999999999
 40
0.9999999999999999
 10
-157.3667876588014
 20
242.5156079854798
 30
0.0
 10
-157.4382278764513
 20
242.5158248423392
 30
0.0
 10
-157.5679348852988
 20
242.5162185681074
 30
0.0
 10
-157.7427100041834
 20
242.5300398420705
 30
0.0
 10
-157.8815038993598
 20
242.5449255487984
 30
0.0
 10
-157.9849584559668
 20
242.5730743890276
 30
0.0
 10
-158.0638520452581
 20
242.6031587071178
 30
0.0
 10
-158.1128303723928
 20
242.6500335597146
 30
0.0
 10
-158.1466994903181
 20
242.7016234840223
 30
0.0
 10
-158.1494299720257
 20
242.7407473113127
 30
0.0
 10
-158.1508166969139
 20
242.76061705989
 30
0.0
  0
SPLINE
  5
EE
330
1F
100
AcDbEntity
  8
0
  6
Continuous
 62
     7
370
    25
100
AcDbSpline
210
0.0
220
0.0
230
1.0
 70
     8
 71
     3
 72
    15
 73
    11
 74
     0
 42
0.00000001
 43
0.00000001
 40
0.0
 40
0.0
 40
0.0
 40
0.0
 40
0.0656322616269777
 40
0.1282220975627127
 40
0.2029528026718702
 40
0.2992877458107289
 40
0.4246149482836419
 40
0.5779415009608377
 40
0.768952484961485
 40
1.0
 40
1.0
 40
1.0
 40
1.0
 10
-156.5773139745909
 20
242.76061705989
 30
0.0
 10
-156.578880090169
 20
242.7408665212644
 30
0.0
 10
-156.5819397230304
 20
242.7022809929315
 30
0.0
 10
-156.6132192512971
 20
242.6483077267422
 30
0.0
 10
-156.6677699977836
 20
242.6025710328531
 30
0.0
 10
-156.75242173132
 20
242.5734420986189
 30
0.0
 10
-156.860790715666
 20
242.5457476469155
 30
0.0
 10
-157.0004943205118
 20
242.5300187651477
 30
0.0
 10
-157.1717059974764
 20
242.5163210821903
 30
0.0
 10
-157.2977741570005
 20
242.5158602557382
 30
0.0
 10
-157.3667876588014
 20
242.5156079854798
 30
0.0
  0
SPLINE
  5
F0
330
1F
100
AcDbEntity
  8
0
  6
Continuous
 62
     7
370
    25
100
AcDbSpline
210
0.0
220
0.0
230
1.0
 70
     8
 71
     3
 72
    15
 73
    11
 74
     0
 42
0.00000001
 43
0.00000001
 40
0.0
 40
0.0
 40
0.0
 40
0.0
 40
0.2416320027907946
 40
0.4373390089272315
 40
0.5931262044774632
 40
0.7182033752071458
 40
0.8115675851512949
 40
0.8830267354863447
 40
0.9421609005999511
 40
1.0
 40
1.0
 40
1.0
 40
1.0
 10
-157.4992740471862
 20
248.4684210526304
 30
0.0
 10
-157.4170064984134
 20
248.4677437963944
 30
0.0
 10
-157.2681073135719
 20
248.4665180044145
 30
0.0
 10
-157.0660731654666
 20
248.4577559974208
 30
0.0
 10
-156.9052172213731
 20
248.436439328673
 30
0.0
 10
-156.7791931610807
 20
248.4148178125094
 30
0.0
 10
-156.6863350225559
 20
248.3800326633915
 30
0.0
 10
-156.620712527469
 20
248.3389437147279
 30
0.0
 10
-156.5836671431294
 20
248.2832767274296
 30
0.0
 10
-156.5794160086712
 20
248.243219062242
 30
0.0
 10
-156.5773139745909
 20
248.2234119782203
 30
0.0
  0
SPLINE
  5
F1
330
1F
100
AcDbEntity
  8
0
  6
Continuous
 62
     7
370
    25
100
AcDbSpline
210
0.0
220
0.0
230
1.0
 70
     8
 71
     3
 72
    15
 73
    11
 74
     0
 42
0.00000001
 43
0.00000001
 40
0.0
 40
0.0
 40
0.0
 40
0.0
 40
0.0578710932686089
 40
0.1180177507796753
 40
0.1880655479132973
 40
0.2831408432516273
 40
0.4065457060117736
 40
0.5624190757090628
 40
0.7582343377536231
 40
1.0
 40
1.0
 40
1.0
 40
1.0
 10
-158.4212341197814
 20
248.2234119782203
 30
0.0
 10
-158.4192627983043
 20
248.2433187366343
 30
0.0
 10
-158.4152426405078
 20
248.2839150122642
 30
0.0
 10
-158.3758636443776
 20
248.3377111156686
 30
0.0
 10
-158.3118738173725
 20
248.3812814925824
 30
0.0
 10
-158.2182899707137
 20
248.4138454163865
 30
0.0
 10
-158.0929154922769
 20
248.4369306958308
 30
0.0
 10
-157.9324105582953
 20
248.4576013275019
 30
0.0
 10
-157.73046321164
 20
248.4665719013114
 30
0.0
 10
-157.5815495786395
 20
248.467762977206
 30
0.0
 10
-157.4992740471862
 20
248.4684210526304
 30
0.0
  0
SPLINE
  5
F3
330
1F
100
AcDbEntity
  8
0
  6
Continuous
 62
     7
370
    25
100
AcDbSpline
210
0.0
220
0.0
230
1.0
 70
     8
 71
     3
 72
    15
 73
    11
 74
     0
 42
0.00000001
 43
0.00000001
 40
0.0
 40
0.0
 40
0.0
 40
0.0
 40
0.102259758766232
 40
0.2070822809471703
 40
0.317228044689424
 40
0.4348117000386162
 40
0.5607975684450572
 40
0.6964560678516307
 40
0.8423746833105085
 40
0.9999999999999999
 40
0.9999999999999999
 40
0.9999999999999999
 40
0.9999999999999999
 10
-159.876769509981
 20
243.7515426497266
 30
0.0
 10
-159.8178198166248
 20
243.7537081224483
 30
0.0
 10
-159.6984430734304
 20
243.7580933374727
 30
0.0
 10
-159.5206309678588
 20
243.8038087778564
 30
0.0
 10
-159.3411758640049
 20
243.8709091759052
 30
0.0
 10
-159.1611518981927
 20
243.9670541669884
 30
0.0
 10
-158.979650334904
 20
244.0884613002109
 30
0.0
 10
-158.7938768821843
 20
244.2319137978682
 30
0.0
 10
-158.6070602553704
 20
244.4024224400653
 30
0.0
 10
-158.4847485530295
 20
244.5270934489471
 30
0.0
 10
-158.4212341197814
 20
244.5918330308519
 30
0.0
  0
SPLINE
  5
F4
330
1F
100
AcDbEntity
  8
0
  6
Continuous
 62
     7
370
    25
100
AcDbSpline
210
0.0
220
0.0
230
1.0
 70
     8
 71
     3
 72
    19
 73
    15
 74
     0
 42
0.00000001
 43
0.00000001
 40
0.0
 40
0.0
 40
0.0
 40
0.0
 40
0.0946847680196936
 40
0.1787449033661362
 40
0.2523805549985002
 40
0.3161833745246621
 40
0.4301116933259532
 40
0.5366551475056118
 40
0.641588280498377
 40
0.7504283843959463
 40
0.8082927124557967
 40
0.8683424249510039
 40
0.9325852691364158
 40
1.0
 40
1.0
 40
1.0
 40
1.0
 10
-160.9747731397451
 20
245.1054446460969
 30
0.0
 10
-160.9745606090122
 20
245.0424826064809
 30
0.0
 10
-160.9741593957429
 20
244.9236235341903
 30
0.0
 10
-160.9585366822489
 20
244.7564956916597
 30
0.0
 10
-160.9385621726279
 20
244.6104865176693
 30
0.0
 10
-160.8978646726727
 20
244.4481805850189
 30
0.0
 10
-160.8271716078856
 20
244.2718116029751
 30
0.0
 10
-160.7095386758112
 20
244.088546197903
 30
0.0
 10
-160.5554597046877
 20
243.9385875201218
 30
0.0
 10
-160.3961420523976
 20
243.849037499322
 30
0.0
 10
-160.2533000887557
 20
243.8005759104374
 30
0.0
 10
-160.1359102797338
 20
243.7700900140978
 30
0.0
 10
-160.0090618829412
 20
243.754720079077
 30
0.0
 10
-159.9215695874078
 20
243.7526186685305
 30
0.0
 10
-159.876769509981
 20
243.7515426497266
 30
0.0
  0
SPLINE
  5
F6
330
1F
100
AcDbEntity
  8
0
  6
Continuous
 62
     7
370
    25
100
AcDbSpline
210
0.0
220
0.0
230
1.0
 70
     8
 71
     3
 72
    15
 73
    11
 74
     0
 42
0.00000001
 43
0.00000001
 40
0.0
 40
0.0
 40
0.0
 40
0.0
 40
0.2415195096037178
 40
0.4406815993524201
 40
0.5981580861822069
 40
0.7214373048256281
 40
0.813104714793407
 40
0.8830811930713338
 40
0.9421878279297516
 40
1.0
 40
1.0
 40
1.0
 40
1.0
 10
-161.8967332123405
 20
248.4684210526304
 30
0.0
 10
-161.8144640206777
 20
248.4677274778156
 30
0.0
 10
-161.6643539156231
 20
248.4664619665566
 30
0.0
 10
-161.4605283065377
 20
248.4577442127303
 30
0.0
 10
-161.2983691560284
 20
248.4367920696583
 30
0.0
 10
-161.1730313302648
 20
248.4147953381209
 30
0.0
 10
-161.0816885130178
 20
248.3802427100821
 30
0.0
 10
-161.018018202992
 20
248.3383332498416
 30
0.0
 10
-160.9810965357709
 20
248.2833179226883
 30
0.0
 10
-160.976865323176
 20
248.2432326922657
 30
0.0
 10
-160.9747731397452
 20
248.2234119782203
 30
0.0
  0
SPLINE
  5
F7
330
1F
100
AcDbEntity
  8
0
  6
Continuous
 62
     7
370
    25
100
AcDbSpline
210
0.0
220
0.0
230
1.0
 70
     8
 71
     3
 72
    15
 73
    11
 74
     0
 42
0.00000001
 43
0.00000001
 40
0.0
 40
0.0
 40
0.0
 40
0.0
 40
0.0582771791205317
 40
0.1188458902904492
 40
0.1893852181308124
 40
0.2834565789023449
 40
0.4059747165863984
 40
0.5647178514940487
 40
0.7619071640881243
 40
1.0
 40
1.0
 40
1.0
 40
1.0
 10
-162.811433756805
 20
248.2234119782202
 30
0.0
 10
-162.8094618247881
 20
248.2433171520271
 30
0.0
 10
-162.8054404219048
 20
248.2839101961341
 30
0.0
 10
-162.7660715802792
 20
248.3377326547417
 30
0.0
 10
-162.7025027225131
 20
248.3808512389176
 30
0.0
 10
-162.610422764872
 20
248.4140037324013
 30
0.0
 10
-162.4855629754987
 20
248.4372292795772
 30
0.0
 10
-162.3250137599769
 20
248.4574280956259
 30
0.0
 10
-162.1242957863003
 20
248.4665391192872
 30
0.0
 10
-161.9771950944051
 20
248.4677556360987
 30
0.0
 10
-161.8967332123405
 20
248.4684210526304
 30
0.0
  0
SPLINE
  5
F9
330
1F
100
AcDbEntity
  8
0
  6
Continuous
 62
     7
370
    25
100
AcDbSpline
210
0.0
220
0.0
230
1.0
 70
     8
 71
     3
 72
    23
 73
    19
 74
     0
 42
0.00000001
 43
0.00000001
 40
0.0
 40
0.0
 40
0.0
 40
0.0
 40
0.0814902456175958
 40
0.1569685909447328
 40
0.227037253138485
 40
0.2920095343376719
 40
0.3530934870870317
 40
0.4111858237718803
 40
0.4669094942584974
 40
0.521230193023205
 40
0.5748546090921342
 40
0.6282709762056606
 40
0.6822872884965083
 40
0.7376040636229405
 40
0.7957406162243916
 40
0.8590351239744274
 40
0.9268630313079079
 40
1.0
 40
1.0
 40
1.0
 40
1.0
 10
-160.4176043557161
 20
242.410344827585
 30
0.0
 10
-160.5241827401673
 20
242.4121122663164
 30
0.0
 10
-160.7294767444458
 20
242.4155167519103
 30
0.0
 10
-161.0247158333839
 20
242.4504239781984
 30
0.0
 10
-161.2946235300999
 20
242.5067852808552
 30
0.0
 10
-161.5378732557902
 20
242.5897360822606
 30
0.0
 10
-161.757033370666
 20
242.6900688696444
 30
0.0
 10
-161.9551780580942
 20
242.8053753476636
 30
0.0
 10
-162.1283534877271
 20
242.941722605288
 30
0.0
 10
-162.2819896140343
 20
243.0911210068001
 30
0.0
 10
-162.4159286095336
 20
243.2549344181803
 30
0.0
 10
-162.5259842973194
 20
243.4349202840931
 30
0.0
 10
-162.6206094698865
 20
243.6260096797355
 30
0.0
 10
-162.6901989312271
 20
243.83414406928
 30
0.0
 10
-162.7451615115127
 20
244.0587760416907
 30
0.0
 10
-162.7842670003663
 20
244.3033365033903
 30
0.0
 10
-162.8080902656679
 20
244.5695782584823
 30
0.0
 10
-162.810291623691
 20
244.7539094931086
 30
0.0
 10
-162.811433756805
 20
244.8495462794907
 30
0.0
  0
SPLINE
  5
FA
330
1F
100
AcDbEntity
  8
0
  6
Continuous
 62
     7
370
    25
100
AcDbSpline
210
0.0
220
0.0
230
1.0
 70
     8
 71
     3
 72
    21
 73
    17
 74
     0
 42
0.00000001
 43
0.00000001
 40
0.0
 40
0.0
 40
0.0
 40
0.0
 40
0.0534615862767154
 40
0.0946752193102171
 40
0.1315036719748479
 40
0.1713119924079033
 40
0.1952800275156279
 40
0.2245990224944263
 40
0.2593964874852919
 40
0.2998199085270069
 40
0.3925486262407344
 40
0.4974834190757996
 40
0.6134831567586995
 40
0.7373846600162702
 40
0.8670250033557827
 40
1.0
 40
1.0
 40
1.0
 40
1.0
 10
-148.2753176043549
 20
243.5137931034472
 30
0.0
 10
-148.2766409004008
 20
243.4568496217996
 30
0.0
 10
-148.278984327749
 20
243.3560083077134
 30
0.0
 10
-148.3044747766683
 20
243.2169485113128
 30
0.0
 10
-148.3613799065759
 20
243.1032978874124
 30
0.0
 10
-148.4344338287166
 20
243.0227793984774
 30
0.0
 10
-148.5155603424398
 20
242.9655011383495
 30
0.0
 10
-148.5952202938633
 20
242.915677988458
 30
0.0
 10
-148.6963216967067
 20
242.8686325497319
 30
0.0
 10
-148.8592146201183
 20
242.794725768662
 30
0.0
 10
-149.098063657816
 20
242.7083931923368
 30
0.0
 10
-149.4181485732323
 20
242.6121468511741
 30
0.0
 10
-149.7765959761714
 20
242.5306494981843
 30
0.0
 10
-150.1645665123509
 20
242.4634390823804
 30
0.0
 10
-150.574340154788
 20
242.4182812554044
 30
0.0
 10
-150.8541462527539
 20
242.4130126037286
 30
0.0
 10
-150.9958257713241
 20
242.4103448275851
 30
0.0
  0
SPLINE
  5
FB
330
1F
100
AcDbEntity
  8
0
  6
Continuous
 62
     7
370
    25
100
AcDbSpline
210
0.0
220
0.0
230
1.0
 70
     8
 71
     3
 72
    15
 73
    11
 74
     0
 42
0.00000001
 43
0.00000001
 40
0.0
 40
0.0
 40
0.0
 40
0.0
 40
0.0992212011639651
 40
0.1954481480868786
 40
0.294724456836969
 40
0.4011016367919323
 40
0.5240096121960269
 40
0.6663804154101758
 40
0.8267965478902843
 40
1.0
 40
1.0
 40
1.0
 40
1.0
 10
-148.6038112522678
 20
244.132667876587
 30
0.0
 10
-148.5780148751411
 20
244.1307113375709
 30
0.0
 10
-148.5272005927334
 20
244.126857303122
 30
0.0
 10
-148.4573868091757
 20
244.0916749368888
 30
0.0
 10
-148.4007060656636
 20
244.0369744240829
 30
0.0
 10
-148.3536523569028
 20
243.9652224197387
 30
0.0
 10
-148.3213798987316
 20
243.8741278935693
 30
0.0
 10
-148.2937555169164
 20
243.7674414149065
 30
0.0
 10
-148.2782945137263
 20
243.6448967834624
 30
0.0
 10
-148.276334943628
 20
243.5585969271068
 30
0.0
 10
-148.2753176043549
 20
243.5137931034472
 30
0.0
  0
SPLINE
  5
FC
330
1F
100
AcDbEntity
  8
0
  6
Continuous
 62
     7
370
    25
100
AcDbSpline
210
0.0
220
0.0
230
1.0
 70
     8
 71
     3
 72
    19
 73
    15
 74
     0
 42
0.00000001
 43
0.00000001
 40
0.0
 40
0.0
 40
0.0
 40
0.0
 40
0.0971146957721439
 40
0.1882102994443698
 40
0.2758067139154678
 40
0.3581100317040023
 40
0.5104222420473562
 40
0.6465977152842443
 40
0.7643665824807926
 40
0.863267021066613
 40
0.9050066170013648
 40
0.9411584068604985
 40
0.97249613145952
 40
1.0
 40
1.0
 40
1.0
 40
1.0
 10
-150.8361161524493
 20
243.5809437386559
 30
0.0
 10
-150.7610565388021
 20
243.5818256876389
 30
0.0
 10
-150.6155894470465
 20
243.583534923104
 30
0.0
 10
-150.4031540010376
 20
243.6014442535813
 30
0.0
 10
-150.2026081549419
 20
243.6242976961501
 30
0.0
 10
-149.9589592477348
 20
243.6765510051499
 30
0.0
 10
-149.6819333803081
 20
243.7501102488994
 30
0.0
 10
-149.3838898177684
 20
243.8492750635707
 30
0.0
 10
-149.1304439268242
 20
243.9500809506521
 30
0.0
 10
-148.9469782582215
 20
244.028560533723
 30
0.0
 10
-148.8227339613957
 20
244.0859334715058
 30
0.0
 10
-148.7418702655389
 20
244.1103152716842
 30
0.0
 10
-148.670594658659
 20
244.1290639877886
 30
0.0
 10
-148.6250839630083
 20
244.1315199195106
 30
0.0
 10
-148.6038112522678
 20
244.1326678765869
 30
0.0
  0
SPLINE
  5
FD
330
1F
100
AcDbEntity
  8
0
  6
Continuous
 62
     7
370
    25
100
AcDbSpline
210
0.0
220
0.0
230
1.0
 70
     8
 71
     3
 72
    19
 73
    15
 74
     0
 42
0.00000001
 43
0.00000001
 40
0.0
 40
0.0
 40
0.0
 40
0.0
 40
0.1298750253114368
 40
0.2447445841043139
 40
0.3498083870148816
 40
0.4521027102799163
 40
0.5041421745672076
 40
0.559616041006242
 40
0.6185979630488433
 40
0.6817758259940262
 40
0.7505710150359112
 40
0.826351890577157
 40
0.9093713975063219
 40
0.9999999999999999
 40
0.9999999999999999
 40
0.9999999999999999
 40
0.9999999999999999
 10
-152.0720508166961
 20
244.6045372050806
 30
0.0
 10
-152.0691827341842
 20
244.5238079375887
 30
0.0
 10
-152.0637779409232
 20
244.3716766794815
 30
0.0
 10
-152.0168197447892
 20
244.1583422358688
 30
0.0
 10
-151.9361103882652
 20
243.9730230579783
 30
0.0
 10
-151.8294441795053
 20
243.8489714226047
 30
0.0
 10
-151.7266741898922
 20
243.7686232760395
 30
0.0
 10
-151.6376292874386
 20
243.7152254024913
 30
0.0
 10
-151.534623617664
 20
243.6749324559399
 30
0.0
 10
-151.4212370276297
 20
243.6399878162606
 30
0.0
 10
-151.2948901472363
 20
243.6131928301042
 30
0.0
 10
-151.1548949727525
 20
243.5931043737953
 30
0.0
 10
-151.0002123240779
 20
243.5829488086449
 30
0.0
 10
-150.8923897703607
 20
243.5816313387463
 30
0.0
 10
-150.8361161524493
 20
243.5809437386559
 30
0.0
  0
SPLINE
  5
100
330
1F
100
AcDbEntity
  8
0
  6
Continuous
 62
     7
370
    25
100
AcDbSpline
210
0.0
220
0.0
230
1.0
 70
     8
 71
     3
 72
    23
 73
    19
 74
     0
 42
0.00000001
 43
0.00000001
 40
0.0
 40
0.0
 40
0.0
 40
0.0
 40
0.0518298873011452
 40
0.1011958379216794
 40
0.1485971189938447
 40
0.1952452089432173
 40
0.2424114205948181
 40
0.2910852948882828
 40
0.3422434713215017
 40
0.3961013724723203
 40
0.4538779987767503
 40
0.5164833860463186
 40
0.5835708698508485
 40
0.6557817460107338
 40
0.7335433791305348
 40
0.8165870653557925
 40
0.9054918782333243
 40
1.0
 40
1.0
 40
1.0
 40
1.0
 10
-147.9159709618867
 20
246.7969147005434
 30
0.0
 10
-147.9187357459838
 20
246.7198805474397
 30
0.0
 10
-147.9241338793378
 20
246.5694743613985
 30
0.0
 10
-147.9669048171541
 20
246.3520444924283
 30
0.0
 10
-148.0353022724923
 20
246.1495084890963
 30
0.0
 10
-148.1353757331304
 20
245.964099189834
 30
0.0
 10
-148.2621079247039
 20
245.7938149228645
 30
0.0
 10
-148.4160380879855
 20
245.6378541260368
 30
0.0
 10
-148.5992652457612
 20
245.5005348810717
 30
0.0
 10
-148.8084989185337
 20
245.3785105347646
 30
0.0
 10
-149.0445217128424
 20
245.2712993259991
 30
0.0
 10
-149.3079448393748
 20
245.1802046100259
 30
0.0
 10
-149.5976231809665
 20
245.1015837586831
 30
0.0
 10
-149.9146536397385
 20
245.0417884185294
 30
0.0
 10
-150.2573358889626
 20
244.9925827968155
 30
0.0
 10
-150.6268356203555
 20
244.9588010015829
 30
0.0
 10
-151.0222280862337
 20
244.9391972064328
 30
0.0
 10
-151.2946532925595
 20
244.9363254695769
 30
0.0
 10
-151.4350272232297
 20
244.9348457350261
 30
0.0
  0
SPLINE
  5
101
330
1F
100
AcDbEntity
  8
0
  6
Continuous
 62
     7
370
    25
100
AcDbSpline
210
0.0
220
0.0
230
1.0
 70
     8
 71
     3
 72
    23
 73
    19
 74
     0
 42
0.00000001
 43
0.00000001
 40
0.0
 40
0.0
 40
0.0
 40
0.0
 40
0.0760774510321356
 40
0.1491560166057603
 40
0.2199833241499151
 40
0.2883862901621506
 40
0.3542018448873033
 40
0.4173450489077156
 40
0.4775900388216971
 40
0.5366653998855023
 40
0.5942664573747058
 40
0.6499611817416658
 40
0.7056108574363663
 40
0.7609468316049592
 40
0.8173679022819985
 40
0.8752754864099915
 40
0.9358209275867952
 40
1.0
 40
1.0
 40
1.0
 40
1.0
 10
-150.2934664246816
 20
248.5736842105252
 30
0.0
 10
-150.2087160308078
 20
248.5724032860896
 30
0.0
 10
-150.042556005932
 20
248.5698919297838
 30
0.0
 10
-149.7984449560686
 20
248.5468179202445
 30
0.0
 10
-149.5642344044101
 20
248.5134749509725
 30
0.0
 10
-149.3409327788315
 20
248.4645932589977
 30
0.0
 10
-149.1300952758359
 20
248.4016070113793
 30
0.0
 10
-148.9340094412672
 20
248.3236866155048
 30
0.0
 10
-148.7522445836196
 20
248.2322099890827
 30
0.0
 10
-148.5850285231687
 20
248.1274180512854
 30
0.0
 10
-148.4337962870705
 20
248.008313218088
 30
0.0
 10
-148.3023197784932
 20
247.8732028059612
 30
0.0
 10
-148.1849969330733
 20
247.7288835192864
 30
0.0
 10
-148.0877239350367
 20
247.5690709818613
 30
0.0
 10
-148.0118032292579
 20
247.3955401668765
 30
0.0
 10
-147.9544095533189
 20
247.2089260577359
 30
0.0
 10
-147.9219063252137
 20
247.0073675525806
 30
0.0
 10
-147.9179874726414
 20
246.868415031036
 30
0.0
 10
-147.9159709618867
 20
246.7969147005434
 30
0.0
  0
SPLINE
  5
102
330
1F
100
AcDbEntity
  8
0
  6
Continuous
 62
     7
370
    25
100
AcDbSpline
210
0.0
220
0.0
230
1.0
 70
     8
 71
     3
 72
    15
 73
    11
 74
     0
 42
0.00000001
 43
0.00000001
 40
0.0
 40
0.0
 40
0.0
 40
0.0
 40
0.1196705158931813
 40
0.2385573335891882
 40
0.3593858084379349
 40
0.4809507633280585
 40
0.6050315227133102
 40
0.7320976870801663
 40
0.8629145540828663
 40
1.0
 40
1.0
 40
1.0
 40
1.0
 10
-152.356987295825
 20
247.8078039927394
 30
0.0
 10
-152.2884434214904
 20
247.8659954952602
 30
0.0
 10
-152.1518045529012
 20
247.9819974158277
 30
0.0
 10
-151.9275210059423
 20
248.1329536548971
 30
0.0
 10
-151.6905817852511
 20
248.265711040012
 30
0.0
 10
-151.4383465608871
 20
248.3765506181514
 30
0.0
 10
-151.173013629874
 20
248.4672373750334
 30
0.0
 10
-150.8920302402656
 20
248.5268440958737
 30
0.0
 10
-150.5977141554283
 20
248.5670864346734
 30
0.0
 10
-150.3964520950596
 20
248.5714509108144
 30
0.0
 10
-150.2934664246816
 20
248.5736842105252
 30
0.0
  0
SPLINE
  5
104
330
1F
100
AcDbEntity
  8
0
  6
Continuous
 62
     7
370
    25
100
AcDbSpline
210
0.0
220
0.0
230
1.0
 70
     8
 71
     3
 72
    15
 73
    11
 74
     0
 42
0.00000001
 43
0.00000001
 40
0.0
 40
0.0
 40
0.0
 40
0.0
 40
0.1775877061613045
 40
0.3298536653440791
 40
0.4568514894031133
 40
0.5588720212392804
 40
0.710667659733483
 40
0.8212840700570782
 40
0.9071287067058046
 40
1.0
 40
1.0
 40
1.0
 40
1.0
 10
-153.1101633393822
 20
248.4684210526305
 30
0.0
 10
-153.0593441418895
 20
248.4679987190677
 30
0.0
 10
-152.964951917759
 20
248.4672142713338
 30
0.0
 10
-152.8342533413661
 20
248.4635098770666
 30
0.0
 10
-152.7252526464638
 20
248.4589091733174
 30
0.0
 10
-152.6165844554325
 20
248.4484955992629
 30
0.0
 10
-152.5147798966259
 20
248.4260935412345
 30
0.0
 10
-152.4203350006155
 20
248.3882543518044
 30
0.0
 10
-152.3654516963453
 20
248.3201835169152
 30
0.0
 10
-152.3598817612344
 20
248.2684464283278
 30
0.0
 10
-152.356987295825
 20
248.241560798547
 30
0.0
  0
SPLINE
  5
105
330
1F
100
AcDbEntity
  8
0
  6
Continuous
 62
     7
370
    25
100
AcDbSpline
210
0.0
220
0.0
230
1.0
 70
     8
 71
     3
 72
    15
 73
    11
 74
     0
 42
0.00000001
 43
0.00000001
 40
0.0
 40
0.0
 40
0.0
 40
0.0
 40
0.09223927038749
 40
0.1853265192157386
 40
0.3041255210829729
 40
0.4643524575867231
 40
0.5651835990670906
 40
0.6886141458733226
 40
0.8328394262673078
 40
0.9999999999999999
 40
0.9999999999999999
 40
0.9999999999999999
 40
0.9999999999999999
 10
-153.8796733212334
 20
248.241560798547
 30
0.0
 10
-153.876597920748
 20
248.2689242531936
 30
0.0
 10
-153.8704188468595
 20
248.3239027214977
 30
0.0
 10
-153.8011701772218
 20
248.3872913195903
 30
0.0
 10
-153.7004126163999
 20
248.4261312848145
 30
0.0
 10
-153.59199469238
 20
248.4478461786173
 30
0.0
 10
-153.4812033422695
 20
248.4589401192084
 30
0.0
 10
-153.3745627399693
 20
248.4634252405426
 30
0.0
 10
-153.2487263121004
 20
248.4672225495989
 30
0.0
 10
-153.158564632693
 20
248.4680024047361
 30
0.0
 10
-153.1101633393822
 20
248.4684210526305
 30
0.0
  0
SPLINE
  5
107
330
1F
100
AcDbEntity
  8
0
  6
Continuous
 62
     7
370
    25
100
AcDbSpline
210
0.0
220
0.0
230
1.0
 70
     8
 71
     3
 72
    23
 73
    19
 74
     0
 42
0.00000001
 43
0.00000001
 40
0.0
 40
0.0
 40
0.0
 40
0.0
 40
0.0892263287494572
 40
0.1720712931906806
 40
0.2483334384209704
 40
0.3187441558143446
 40
0.3835619750278755
 40
0.4443151937708704
 40
0.5014209362768178
 40
0.5551536898937571
 40
0.6069492751069686
 40
0.658046043229348
 40
0.7088651094687637
 40
0.7610945380811934
 40
0.815441258692379
 40
0.8731665030603454
 40
0.9343525586747037
 40
1.0
 40
1.0
 40
1.0
 40
1.0
 10
-150.9958257713241
 20
242.4103448275851
 30
0.0
 10
-151.1192787800635
 20
242.4114946682879
 30
0.0
 10
-151.3573555804855
 20
242.4137121144103
 30
0.0
 10
-151.7002875518558
 20
242.4373618602019
 30
0.0
 10
-152.0156211514682
 20
242.4762943379317
 30
0.0
 10
-152.3029263359312
 20
242.5326411423516
 30
0.0
 10
-152.565293794003
 20
242.6022580392271
 30
0.0
 10
-152.8021688923752
 20
242.6915276710958
 30
0.0
 10
-153.0157094643124
 20
242.7961251801693
 30
0.0
 10
-153.2053740203791
 20
242.9183574787546
 30
0.0
 10
-153.3703075221204
 20
243.0597911385969
 30
0.0
 10
-153.5135035097026
 20
243.2179312866856
 30
0.0
 10
-153.6310808771493
 20
243.3968561116026
 30
0.0
 10
-153.7234080990308
 20
243.5947618539834
 30
0.0
 10
-153.7939992909953
 20
243.8112899168446
 30
0.0
 10
-153.8446498181464
 20
244.0459758637518
 30
0.0
 10
-153.8729699704048
 20
244.3001561759494
 30
0.0
 10
-153.8773870801429
 20
244.4756112942679
 30
0.0
 10
-153.8796733212333
 20
244.5664246823945
 30
0.0
  0
SPLINE
  5
109
330
1F
100
AcDbEntity
  8
0
  6
Continuous
 62
     7
370
    25
100
AcDbSpline
210
0.0
220
0.0
230
1.0
 70
     8
 71
     3
 72
    15
 73
    11
 74
     0
 42
0.00000001
 43
0.00000001
 40
0.0
 40
0.0
 40
0.0
 40
0.0
 40
0.1469728896188379
 40
0.2765229361067936
 40
0.3931430337394525
 40
0.5014938642899621
 40
0.6106223423587521
 40
0.7255380880207842
 40
0.8540968798017828
 40
0.9999999999999999
 40
0.9999999999999999
 40
0.9999999999999999
 40
0.9999999999999999
 10
-185.6520871143368
 20
241.4303085299442
 30
0.0
 10
-185.6837682338599
 20
241.3509669983395
 30
0.0
 10
-185.7433748471096
 20
241.2016894456464
 30
0.0
 10
-185.8521520643794
 20
240.9999740924921
 30
0.0
 10
-185.9766015444734
 20
240.8347763059091
 30
0.0
 10
-186.1198913092498
 20
240.7017765050443
 30
0.0
 10
-186.2895350402713
 20
240.6057810756273
 30
0.0
 10
-186.4862704248496
 20
240.5448066114403
 30
0.0
 10
-186.7108113790635
 20
240.511499747972
 30
0.0
 10
-186.8703579437658
 20
240.508257267894
 30
0.0
 10
-186.9551724137923
 20
240.5065335753163
 30
0.0
  0
SPLINE
  5
10D
330
1F
100
AcDbEntity
  8
0
  6
Continuous
 62
     7
370
    25
100
AcDbSpline
210
0.0
220
0.0
230
1.0
 70
     8
 71
     3
 72
    17
 73
    13
 74
     0
 42
0.00000001
 43
0.00000001
 40
0.0
 40
0.0
 40
0.0
 40
0.0
 40
0.0843686813780688
 40
0.1631210214581197
 40
0.2355459456944005
 40
0.302700695697016
 40
0.424308793008783
 40
0.535790239846377
 40
0.6419394968940616
 40
0.7496969449436708
 40
0.866424776138097
 40
1.0
 40
1.0
 40
1.0
 40
1.0
 10
-179.9606170598903
 20
240.5065335753163
 30
0.0
 10
-180.0144596380562
 20
240.5075521465365
 30
0.0
 10
-180.1185605461765
 20
240.5095214836786
 30
0.0
 10
-180.2688642865016
 20
240.5154638506364
 30
0.0
 10
-180.4075179410546
 20
240.5305483351659
 30
0.0
 10
-180.572296282811
 20
240.5557487866895
 30
0.0
 10
-180.7592870692904
 20
240.6024463204238
 30
0.0
 10
-180.9555975323468
 20
240.6967831292092
 30
0.0
 10
-181.1238889437081
 20
240.8219674745432
 30
0.0
 10
-181.2549716196806
 20
240.9894605952417
 30
0.0
 10
-181.3689142866603
 20
241.1885747708824
 30
0.0
 10
-181.4233827682516
 20
241.3390940330355
 30
0.0
 10
-181.4524500907433
 20
241.4194192377482
 30
0.0
  0
SPLINE
  5
10F
330
1F
100
AcDbEntity
  8
0
  6
Continuous
 62
     7
370
    25
100
AcDbSpline
210
0.0
220
0.0
230
1.0
 70
     8
 71
     3
 72
    15
 73
    11
 74
     0
 42
0.00000001
 43
0.00000001
 40
0.0
 40
0.0
 40
0.0
 40
0.0
 40
0.1344000080304845
 40
0.2563376880440766
 40
0.3703415301285725
 40
0.4861174048177607
 40
0.6039520944848066
 40
0.7255194323389045
 40
0.857488006416727
 40
1.0
 40
1.0
 40
1.0
 40
1.0
 10
-177.9769509981843
 20
241.1490018148808
 30
0.0
 10
-177.9793150520549
 20
241.0997777468858
 30
0.0
 10
-177.9838239513659
 20
241.0058939445643
 30
0.0
 10
-178.0198322275045
 20
240.8737603517559
 30
0.0
 10
-178.0838841609859
 20
240.7606064758221
 30
0.0
 10
-178.1723699208305
 20
240.6676414225648
 30
0.0
 10
-178.2809014102962
 20
240.5942932754451
 30
0.0
 10
-178.4077655889605
 20
240.5433956545515
 30
0.0
 10
-178.5501990030829
 20
240.5125885403903
 30
0.0
 10
-178.6507151904835
 20
240.5086029291225
 30
0.0
 10
-178.7029038112514
 20
240.5065335753163
 30
0.0
  0
SPLINE
  5
111
330
1F
100
AcDbEntity
  8
0
  6
Continuous
 62
     7
370
    25
100
AcDbSpline
210
0.0
220
0.0
230
1.0
 70
     8
 71
     3
 72
    15
 73
    11
 74
     0
 42
0.00000001
 43
0.00000001
 40
0.0
 40
0.0
 40
0.0
 40
0.0
 40
0.2382752693238303
 40
0.4339060083545003
 40
0.591205941992615
 40
0.7159279130854765
 40
0.8107202932335984
 40
0.8823638049073992
 40
0.9416864063293869
 40
1.0
 40
1.0
 40
1.0
 40
1.0
 10
-178.8843920145183
 20
248.4684210526303
 30
0.0
 10
-178.8039330045937
 20
248.4671705875134
 30
0.0
 10
-178.6574148706235
 20
248.4648934551488
 30
0.0
 10
-178.4577705678045
 20
248.4541401745963
 30
0.0
 10
-178.2980750821087
 20
248.431485707785
 30
0.0
 10
-178.1725771530129
 20
248.4073994665045
 30
0.0
 10
-178.0808446142962
 20
248.371466419183
 30
0.0
 10
-178.0155850384814
 20
248.3283971339984
 30
0.0
 10
-177.9843176621551
 20
248.2699213771983
 30
0.0
 10
-177.9793924711325
 20
248.2303324723246
 30
0.0
 10
-177.9769509981843
 20
248.2107078039915
 30
0.0
  0
SPLINE
  5
112
330
1F
100
AcDbEntity
  8
0
  6
Continuous
 62
     7
370
    25
100
AcDbSpline
210
0.0
220
0.0
230
1.0
 70
     8
 71
     3
 72
    15
 73
    11
 74
     0
 42
0.00000001
 43
0.00000001
 40
0.0
 40
0.0
 40
0.0
 40
0.0
 40
0.0575802091839437
 40
0.1173421531447264
 40
0.1884545776192855
 40
0.2858455028923249
 40
0.4113795791834928
 40
0.565752516288049
 40
0.7581589393248204
 40
1.0
 40
1.0
 40
1.0
 40
1.0
 10
-179.7990925589829
 20
248.2107078039915
 30
0.0
 10
-179.7975355140469
 20
248.2304383711511
 30
0.0
 10
-179.7943624271837
 20
248.2706471037363
 30
0.0
 10
-179.7598973019769
 20
248.327783353895
 30
0.0
 10
-179.6946640474211
 20
248.3725107844984
 30
0.0
 10
-179.6000047092102
 20
248.4067207301853
 30
0.0
 10
-179.4737982850957
 20
248.4313219183641
 30
0.0
 10
-179.3146193628194
 20
248.4541665625534
 30
0.0
 10
-179.1144082908123
 20
248.4650370466462
 30
0.0
 10
-178.9666702614925
 20
248.467210572726
 30
0.0
 10
-178.8843920145183
 20
248.4684210526303
 30
0.0
  0
SPLINE
  5
116
330
1F
100
AcDbEntity
  8
0
  6
Continuous
 62
     7
370
    25
100
AcDbSpline
210
0.0
220
0.0
230
1.0
 70
     8
 71
     3
 72
    15
 73
    11
 74
     0
 42
0.00000001
 43
0.00000001
 40
0.0
 40
0.0
 40
0.0
 40
0.0
 40
0.2167007690945824
 40
0.3995395788872633
 40
0.5508442198251119
 40
0.6766794754318523
 40
0.7771218947766054
 40
0.8619818373286302
 40
0.934365263888403
 40
1.0
 40
1.0
 40
1.0
 40
1.0
 10
-183.44337568058
 20
248.4684210526303
 30
0.0
 10
-183.366539728389
 20
248.4677795690856
 30
0.0
 10
-183.2248743152478
 20
248.4665968410946
 30
0.0
 10
-183.0296441673135
 20
248.4569739144969
 30
0.0
 10
-182.8676551198312
 20
248.4373475737731
 30
0.0
 10
-182.736045492265
 20
248.4106206464272
 30
0.0
 10
-182.6325646630571
 20
248.371154282455
 30
0.0
 10
-182.5521222259109
 20
248.3271558718326
 30
0.0
 10
-182.4933806209396
 20
248.2715320578538
 30
0.0
 10
-182.4730212914238
 20
248.2266207805312
 30
0.0
 10
-182.4633393829394
 20
248.2052631578934
 30
0.0
  0
SPLINE
  5
117
330
1F
100
AcDbEntity
  8
0
  6
Continuous
 62
     7
370
    25
100
AcDbSpline
210
0.0
220
0.0
230
1.0
 70
     8
 71
     3
 72
    15
 73
    11
 74
     0
 42
0.00000001
 43
0.00000001
 40
0.0
 40
0.0
 40
0.0
 40
0.0
 40
0.0760360775298832
 40
0.1534016869713416
 40
0.2371156785593457
 40
0.3371972994987258
 40
0.4589951122886985
 40
0.6077146767209877
 40
0.7862454410212304
 40
1.0
 40
1.0
 40
1.0
 40
1.0
 10
-184.4306715063513
 20
248.2052631578934
 30
0.0
 10
-184.419360835198
 20
248.2303368953209
 30
0.0
 10
-184.3965417196931
 20
248.2809227980267
 30
0.0
 10
-184.334968332782
 20
248.342593392365
 30
0.0
 10
-184.2521516793805
 20
248.3880783757134
 30
0.0
 10
-184.1480386073377
 20
248.4244221063405
 30
0.0
 10
-184.016625708983
 20
248.4486284228347
 30
0.0
 10
-183.8555998000609
 20
248.4612344414039
 30
0.0
 10
-183.6612247923107
 20
248.4680096683336
 30
0.0
 10
-183.520212605286
 20
248.468275954475
 30
0.0
 10
-183.44337568058
 20
248.4684210526303
 30
0.0
  0
SPLINE
  5
11B
330
1F
100
AcDbEntity
  8
0
  6
Continuous
 62
     7
370
    25
100
AcDbSpline
210
0.0
220
0.0
230
1.0
 70
     8
 71
     3
 72
    15
 73
    11
 74
     0
 42
0.00000001
 43
0.00000001
 40
0.0
 40
0.0
 40
0.0
 40
0.0
 40
0.2386555119721004
 40
0.4345984409774238
 40
0.59214939581261
 40
0.7153191750347956
 40
0.8086043687037052
 40
0.8803622099874862
 40
0.9415933487689012
 40
1.0
 40
1.0
 40
1.0
 40
1.0
 10
-188.0967332123404
 20
248.4684210526302
 30
0.0
 10
-188.0162714037303
 20
248.4671754853789
 30
0.0
 10
-187.8697481732747
 20
248.4649072721661
 30
0.0
 10
-187.6701348624173
 20
248.4540997538433
 30
0.0
 10
-187.5109387023004
 20
248.4316773801406
 30
0.0
 10
-187.3867935392188
 20
248.4074584872571
 30
0.0
 10
-187.2959211705015
 20
248.3713065248665
 30
0.0
 10
-187.2322677476481
 20
248.3273309007246
 30
0.0
 10
-187.1959393119432
 20
248.2710062381524
 30
0.0
 10
-187.1914727514875
 20
248.2304884249938
 30
0.0
 10
-187.1892921960065
 20
248.2107078039914
 30
0.0
  0
SPLINE
  5
11C
330
1F
100
AcDbEntity
  8
0
  6
Continuous
 62
     7
370
    25
100
AcDbSpline
210
0.0
220
0.0
230
1.0
 70
     8
 71
     3
 72
    15
 73
    11
 74
     0
 42
0.00000001
 43
0.00000001
 40
0.0
 40
0.0
 40
0.0
 40
0.0
 40
0.0579373720575848
 40
0.1177571892562445
 40
0.1875230237840554
 40
0.2833537675349653
 40
0.407271070313097
 40
0.5635561525068462
 40
0.7579247413669744
 40
1.0
 40
1.0
 40
1.0
 40
1.0
 10
-189.0114337568051
 20
248.2107078039914
 30
0.0
 10
-189.0091396475871
 20
248.2304290582931
 30
0.0
 10
-189.0044768911698
 20
248.2705123308461
 30
0.0
 10
-188.9706919930323
 20
248.3271888105994
 30
0.0
 10
-188.9072852791548
 20
248.3727297639978
 30
0.0
 10
-188.8141580956556
 20
248.4066832330473
 30
0.0
 10
-188.6886421387783
 20
248.431717859706
 30
0.0
 10
-188.5287447379487
 20
248.4540526829456
 30
0.0
 10
-188.3273606555301
 20
248.4650306728056
 30
0.0
 10
-188.1790141642752
 20
248.4672114668345
 30
0.0
 10
-188.0967332123404
 20
248.4684210526302
 30
0.0
  0
SPLINE
  5
11E
330
1F
100
AcDbEntity
  8
0
  6
Continuous
 62
     7
370
    25
100
AcDbSpline
210
0.0
220
0.0
230
1.0
 70
     8
 71
     3
 72
    15
 73
    11
 74
     0
 42
0.00000001
 43
0.00000001
 40
0.0
 40
0.0
 40
0.0
 40
0.0
 40
0.1617409939855063
 40
0.302197676435853
 40
0.4262806754951682
 40
0.5375972537557661
 40
0.6451305721214472
 40
0.7552469365710679
 40
0.8716251513512633
 40
1.0
 40
1.0
 40
1.0
 40
1.0
 10
-188.2491833030845
 20
240.5065335753163
 30
0.0
 10
-188.3104829815398
 20
240.5082215828066
 30
0.0
 10
-188.4250156052055
 20
240.511375464385
 30
0.0
 10
-188.5836409133521
 20
240.5445098472755
 30
0.0
 10
-188.7176180969104
 20
240.5954379116057
 30
0.0
 10
-188.8244916155172
 20
240.6710282452412
 30
0.0
 10
-188.9096717405488
 20
240.7636162101189
 30
0.0
 10
-188.9669448594089
 20
240.8775747855708
 30
0.0
 10
-189.0049940688805
 20
241.0074667579698
 30
0.0
 10
-189.0092181788868
 20
241.1003066062905
 30
0.0
 10
-189.011433756805
 20
241.1490018148807
 30
0.0
  0
SPLINE
  5
11F
330
1F
100
AcDbEntity
  8
0
  6
Continuous
 62
     7
370
    25
100
AcDbSpline
210
0.0
220
0.0
230
1.0
 70
     8
 71
     3
 72
    21
 73
    17
 74
     0
 42
0.00000001
 43
0.00000001
 40
0.0
 40
0.0
 40
0.0
 40
0.0
 40
0.0534615862767154
 40
0.0946752193102171
 40
0.1315036719748479
 40
0.1713119924079033
 40
0.1952800275156279
 40
0.2245990224944263
 40
0.2593964874852919
 40
0.2998199085270069
 40
0.3925486262407324
 40
0.4974834190757996
 40
0.6134831567586995
 40
0.7373846600162702
 40
0.8670250033557827
 40
1.0
 40
1.0
 40
1.0
 40
1.0
 10
-191.6582577132478
 20
243.5137931034469
 30
0.0
 10
-191.6595810092938
 20
243.4568496217993
 30
0.0
 10
-191.6619244366419
 20
243.3560083077131
 30
0.0
 10
-191.6874148855612
 20
243.2169485113125
 30
0.0
 10
-191.7443200154689
 20
243.103297887412
 30
0.0
 10
-191.8173739376095
 20
243.0227793984771
 30
0.0
 10
-191.8985004513327
 20
242.9655011383492
 30
0.0
 10
-191.9781604027562
 20
242.9156779884577
 30
0.0
 10
-192.0792618055996
 20
242.8686325497316
 30
0.0
 10
-192.2421547290113
 20
242.7947257686617
 30
0.0
 10
-192.4810037667089
 20
242.7083931923365
 30
0.0
 10
-192.8010886821252
 20
242.6121468511739
 30
0.0
 10
-193.1595360850643
 20
242.530649498184
 30
0.0
 10
-193.5475066212439
 20
242.4634390823801
 30
0.0
 10
-193.957280263681
 20
242.4182812554041
 30
0.0
 10
-194.2370863616468
 20
242.4130126037283
 30
0.0
 10
-194.378765880217
 20
242.4103448275848
 30
0.0
  0
SPLINE
  5
120
330
1F
100
AcDbEntity
  8
0
  6
Continuous
 62
     7
370
    25
100
AcDbSpline
210
0.0
220
0.0
230
1.0
 70
     8
 71
     3
 72
    15
 73
    11
 74
     0
 42
0.00000001
 43
0.00000001
 40
0.0
 40
0.0
 40
0.0
 40
0.0
 40
0.0992212011639653
 40
0.1954481480868789
 40
0.294724456836963
 40
0.4011016367919314
 40
0.5240096121960263
 40
0.6663804154101753
 40
0.8267965478902841
 40
1.0
 40
1.0
 40
1.0
 40
1.0
 10
-191.9867513611607
 20
244.1326678765867
 30
0.0
 10
-191.960954984034
 20
244.1307113375706
 30
0.0
 10
-191.9101407016263
 20
244.1268573031217
 30
0.0
 10
-191.8403269180687
 20
244.0916749368886
 30
0.0
 10
-191.7836461745566
 20
244.0369744240826
 30
0.0
 10
-191.7365924657958
 20
243.9652224197384
 30
0.0
 10
-191.7043200076245
 20
243.8741278935689
 30
0.0
 10
-191.6766956258093
 20
243.7674414149061
 30
0.0
 10
-191.6612346226193
 20
243.6448967834621
 30
0.0
 10
-191.6592750525209
 20
243.5585969271065
 30
0.0
 10
-191.6582577132478
 20
243.5137931034469
 30
0.0
  0
SPLINE
  5
121
330
1F
100
AcDbEntity
  8
0
  6
Continuous
 62
     7
370
    25
100
AcDbSpline
210
0.0
220
0.0
230
1.0
 70
     8
 71
     3
 72
    19
 73
    15
 74
     0
 42
0.00000001
 43
0.00000001
 40
0.0
 40
0.0
 40
0.0
 40
0.0
 40
0.0971146957721439
 40
0.1882102994443728
 40
0.2758067139154678
 40
0.3581100317040023
 40
0.5104222420473562
 40
0.6465977152842443
 40
0.7643665824807926
 40
0.863267021066613
 40
0.9050066170013648
 40
0.9411584068604985
 40
0.97249613145952
 40
1.0
 40
1.0
 40
1.0
 40
1.0
 10
-194.2190562613422
 20
243.5809437386556
 30
0.0
 10
-194.143996647695
 20
243.5818256876387
 30
0.0
 10
-193.9985295559393
 20
243.5835349231037
 30
0.0
 10
-193.7860941099306
 20
243.601444253581
 30
0.0
 10
-193.5855482638349
 20
243.6242976961498
 30
0.0
 10
-193.3418993566277
 20
243.6765510051497
 30
0.0
 10
-193.064873489201
 20
243.750110248899
 30
0.0
 10
-192.7668299266614
 20
243.8492750635704
 30
0.0
 10
-192.5133840357171
 20
243.9500809506519
 30
0.0
 10
-192.3299183671144
 20
244.0285605337227
 30
0.0
 10
-192.2056740702887
 20
244.0859334715055
 30
0.0
 10
-192.1248103744318
 20
244.1103152716839
 30
0.0
 10
-192.053534767552
 20
244.1290639877882
 30
0.0
 10
-192.0080240719012
 20
244.1315199195103
 30
0.0
 10
-191.9867513611607
 20
244.1326678765867
 30
0.0
  0
SPLINE
  5
122
330
1F
100
AcDbEntity
  8
0
  6
Continuous
 62
     7
370
    25
100
AcDbSpline
210
0.0
220
0.0
230
1.0
 70
     8
 71
     3
 72
    19
 73
    15
 74
     0
 42
0.00000001
 43
0.00000001
 40
0.0
 40
0.0
 40
0.0
 40
0.0
 40
0.1298750253114368
 40
0.244744584104314
 40
0.3498083870148817
 40
0.4521027102799164
 40
0.5041421745672106
 40
0.5596160410062418
 40
0.6185979630488432
 40
0.6817758259940261
 40
0.7505710150359112
 40
0.826351890577157
 40
0.9093713975063219
 40
0.9999999999999999
 40
0.9999999999999999
 40
0.9999999999999999
 40
0.9999999999999999
 10
-195.4549909255891
 20
244.6045372050803
 30
0.0
 10
-195.4521228430771
 20
244.5238079375884
 30
0.0
 10
-195.4467180498162
 20
244.3716766794812
 30
0.0
 10
-195.3997598536821
 20
244.1583422358685
 30
0.0
 10
-195.3190504971582
 20
243.973023057978
 30
0.0
 10
-195.2123842883982
 20
243.8489714226044
 30
0.0
 10
-195.1096142987851
 20
243.7686232760392
 30
0.0
 10
-195.0205693963315
 20
243.715225402491
 30
0.0
 10
-194.9175637265569
 20
243.6749324559396
 30
0.0
 10
-194.8041771365226
 20
243.6399878162603
 30
0.0
 10
-194.6778302561293
 20
243.6131928301039
 30
0.0
 10
-194.5378350816454
 20
243.5931043737949
 30
0.0
 10
-194.3831524329709
 20
243.5829488086446
 30
0.0
 10
-194.2753298792536
 20
243.581631338746
 30
0.0
 10
-194.2190562613422
 20
243.5809437386556
 30
0.0
  0
SPLINE
  5
125
330
1F
100
AcDbEntity
  8
0
  6
Continuous
 62
     7
370
    25
100
AcDbSpline
210
0.0
220
0.0
230
1.0
 70
     8
 71
     3
 72
    23
 73
    19
 74
     0
 42
0.00000001
 43
0.00000001
 40
0.0
 40
0.0
 40
0.0
 40
0.0
 40
0.0518298873011452
 40
0.1011958379216794
 40
0.1485971189938447
 40
0.1952452089432173
 40
0.2424114205948181
 40
0.2910852948882828
 40
0.3422434713215017
 40
0.3961013724723203
 40
0.4538779987767503
 40
0.5164833860463186
 40
0.5835708698508485
 40
0.6557817460107338
 40
0.7335433791305332
 40
0.8165870653557925
 40
0.9054918782333243
 40
1.0
 40
1.0
 40
1.0
 40
1.0
 10
-191.2989110707796
 20
246.7969147005431
 30
0.0
 10
-191.3016758548767
 20
246.7198805474394
 30
0.0
 10
-191.3070739882308
 20
246.5694743613982
 30
0.0
 10
-191.349844926047
 20
246.352044492428
 30
0.0
 10
-191.4182423813853
 20
246.1495084890961
 30
0.0
 10
-191.5183158420233
 20
245.9640991898337
 30
0.0
 10
-191.6450480335969
 20
245.7938149228642
 30
0.0
 10
-191.7989781968784
 20
245.6378541260365
 30
0.0
 10
-191.9822053546541
 20
245.5005348810714
 30
0.0
 10
-192.1914390274267
 20
245.3785105347642
 30
0.0
 10
-192.4274618217353
 20
245.2712993259988
 30
0.0
 10
-192.6908849482678
 20
245.1802046100256
 30
0.0
 10
-192.9805632898594
 20
245.1015837586828
 30
0.0
 10
-193.2975937486314
 20
245.0417884185291
 30
0.0
 10
-193.6402759978556
 20
244.9925827968151
 30
0.0
 10
-194.0097757292484
 20
244.9588010015826
 30
0.0
 10
-194.4051681951266
 20
244.9391972064325
 30
0.0
 10
-194.6775934014525
 20
244.9363254695766
 30
0.0
 10
-194.8179673321226
 20
244.9348457350258
 30
0.0
  0
SPLINE
  5
126
330
1F
100
AcDbEntity
  8
0
  6
Continuous
 62
     7
370
    25
100
AcDbSpline
210
0.0
220
0.0
230
1.0
 70
     8
 71
     3
 72
    23
 73
    19
 74
     0
 42
0.00000001
 43
0.00000001
 40
0.0
 40
0.0
 40
0.0
 40
0.0
 40
0.0760774510321337
 40
0.1491560166057585
 40
0.2199833241499135
 40
0.2883862901621492
 40
0.3542018448873021
 40
0.4173450489077125
 40
0.477590038821696
 40
0.5366653998855013
 40
0.5942664573747051
 40
0.6499611817416651
 40
0.7056108574363656
 40
0.7609468316049588
 40
0.8173679022819982
 40
0.8752754864099913
 40
0.9358209275867951
 40
1.0
 40
1.0
 40
1.0
 40
1.0
 10
-193.6764065335746
 20
248.573684210525
 30
0.0
 10
-193.5916561397007
 20
248.5724032860894
 30
0.0
 10
-193.4254961148249
 20
248.5698919297834
 30
0.0
 10
-193.1813850649616
 20
248.5468179202442
 30
0.0
 10
-192.9471745133031
 20
248.5134749509722
 30
0.0
 10
-192.7238728877244
 20
248.4645932589974
 30
0.0
 10
-192.5130353847288
 20
248.401607011379
 30
0.0
 10
-192.3169495501601
 20
248.3236866155045
 30
0.0
 10
-192.1351846925125
 20
248.2322099890824
 30
0.0
 10
-191.9679686320616
 20
248.1274180512852
 30
0.0
 10
-191.8167363959634
 20
248.0083132180877
 30
0.0
 10
-191.6852598873862
 20
247.8732028059609
 30
0.0
 10
-191.5679370419662
 20
247.7288835192861
 30
0.0
 10
-191.4706640439297
 20
247.569070981861
 30
0.0
 10
-191.3947433381508
 20
247.3955401668762
 30
0.0
 10
-191.3373496622118
 20
247.2089260577356
 30
0.0
 10
-191.3048464341067
 20
247.0073675525802
 30
0.0
 10
-191.3009275815343
 20
246.8684150310357
 30
0.0
 10
-191.2989110707796
 20
246.7969147005431
 30
0.0
  0
SPLINE
  5
127
330
1F
100
AcDbEntity
  8
0
  6
Continuous
 62
     7
370
    25
100
AcDbSpline
210
0.0
220
0.0
230
1.0
 70
     8
 71
     3
 72
    15
 73
    11
 74
     0
 42
0.00000001
 43
0.00000001
 40
0.0
 40
0.0
 40
0.0
 40
0.0
 40
0.1196705158931834
 40
0.2385573335891874
 40
0.3593858084379365
 40
0.4809507633280569
 40
0.6050315227133113
 40
0.732097687080164
 40
0.8629145540828668
 40
1.0
 40
1.0
 40
1.0
 40
1.0
 10
-195.7399274047179
 20
247.8078039927391
 30
0.0
 10
-195.6713835303833
 20
247.8659954952599
 30
0.0
 10
-195.5347446617941
 20
247.9819974158274
 30
0.0
 10
-195.3104611148353
 20
248.1329536548968
 30
0.0
 10
-195.073521894144
 20
248.2657110400118
 30
0.0
 10
-194.82128666978
 20
248.3765506181512
 30
0.0
 10
-194.555953738767
 20
248.4672373750331
 30
0.0
 10
-194.2749703491585
 20
248.5268440958735
 30
0.0
 10
-193.9806542643213
 20
248.5670864346731
 30
0.0
 10
-193.7793922039525
 20
248.5714509108141
 30
0.0
 10
-193.6764065335746
 20
248.573684210525
 30
0.0
  0
SPLINE
  5
129
330
1F
100
AcDbEntity
  8
0
  6
Continuous
 62
     7
370
    25
100
AcDbSpline
210
0.0
220
0.0
230
1.0
 70
     8
 71
     3
 72
    15
 73
    11
 74
     0
 42
0.00000001
 43
0.00000001
 40
0.0
 40
0.0
 40
0.0
 40
0.0
 40
0.1775877061612974
 40
0.3298536653440809
 40
0.4568514894031078
 40
0.5588720212392756
 40
0.7106676597334791
 40
0.8212840700570821
 40
0.907128706705804
 40
1.0
 40
1.0
 40
1.0
 40
1.0
 10
-196.4931034482751
 20
248.4684210526302
 30
0.0
 10
-196.4422842507824
 20
248.4679987190675
 30
0.0
 10
-196.3478920266519
 20
248.4672142713335
 30
0.0
 10
-196.2171934502591
 20
248.4635098770663
 30
0.0
 10
-196.1081927553567
 20
248.4589091733171
 30
0.0
 10
-195.9995245643255
 20
248.4484955992626
 30
0.0
 10
-195.8977200055188
 20
248.4260935412343
 30
0.0
 10
-195.8032751095085
 20
248.3882543518041
 30
0.0
 10
-195.7483918052383
 20
248.3201835169149
 30
0.0
 10
-195.7428218701273
 20
248.2684464283275
 30
0.0
 10
-195.7399274047179
 20
248.2415607985467
 30
0.0
  0
SPLINE
  5
12A
330
1F
100
AcDbEntity
  8
0
  6
Continuous
 62
     7
370
    25
100
AcDbSpline
210
0.0
220
0.0
230
1.0
 70
     8
 71
     3
 72
    15
 73
    11
 74
     0
 42
0.00000001
 43
0.00000001
 40
0.0
 40
0.0
 40
0.0
 40
0.0
 40
0.0922392703874893
 40
0.1853265192157371
 40
0.3041255210829705
 40
0.4643524575867194
 40
0.565183599067094
 40
0.6886141458733251
 40
0.8328394262673012
 40
1.0
 40
1.0
 40
1.0
 40
1.0
 10
-197.2626134301263
 20
248.2415607985467
 30
0.0
 10
-197.2595380296409
 20
248.2689242531933
 30
0.0
 10
-197.2533589557524
 20
248.3239027214973
 30
0.0
 10
-197.1841102861146
 20
248.38729131959
 30
0.0
 10
-197.0833527252928
 20
248.4261312848143
 30
0.0
 10
-196.974934801273
 20
248.447846178617
 30
0.0
 10
-196.8641434511624
 20
248.4589401192081
 30
0.0
 10
-196.7575028488623
 20
248.4634252405423
 30
0.0
 10
-196.6316664209933
 20
248.4672225495986
 30
0.0
 10
-196.541504741586
 20
248.4680024047358
 30
0.0
 10
-196.4931034482751
 20
248.4684210526302
 30
0.0
  0
SPLINE
  5
12C
330
1F
100
AcDbEntity
  8
0
  6
Continuous
 62
     7
370
    25
100
AcDbSpline
210
0.0
220
0.0
230
1.0
 70
     8
 71
     3
 72
    23
 73
    19
 74
     0
 42
0.00000001
 43
0.00000001
 40
0.0
 40
0.0
 40
0.0
 40
0.0
 40
0.0892263287494573
 40
0.1720712931906808
 40
0.2483334384209706
 40
0.3187441558143449
 40
0.3835619750278742
 40
0.4443151937708708
 40
0.5014209362768182
 40
0.555153689893756
 40
0.6069492751069676
 40
0.6580460432293482
 40
0.708865109468763
 40
0.7610945380811934
 40
0.8154412586923787
 40
0.873166503060345
 40
0.9343525586747037
 40
1.0
 40
1.0
 40
1.0
 40
1.0
 10
-194.378765880217
 20
242.4103448275848
 30
0.0
 10
-194.5022188889564
 20
242.4114946682876
 30
0.0
 10
-194.7402956893784
 20
242.41371211441
 30
0.0
 10
-195.0832276607487
 20
242.4373618602017
 30
0.0
 10
-195.3985612603611
 20
242.4762943379314
 30
0.0
 10
-195.6858664448241
 20
242.5326411423513
 30
0.0
 10
-195.9482339028959
 20
242.6022580392268
 30
0.0
 10
-196.1851090012682
 20
242.6915276710955
 30
0.0
 10
-196.3986495732053
 20
242.796125180169
 30
0.0
 10
-196.5883141292721
 20
242.9183574787542
 30
0.0
 10
-196.7532476310133
 20
243.0597911385967
 30
0.0
 10
-196.8964436185956
 20
243.2179312866853
 30
0.0
 10
-197.0140209860423
 20
243.3968561116023
 30
0.0
 10
-197.1063482079238
 20
243.594761853983
 30
0.0
 10
-197.1769393998883
 20
243.8112899168443
 30
0.0
 10
-197.2275899270393
 20
244.0459758637516
 30
0.0
 10
-197.2559100792978
 20
244.300156175949
 30
0.0
 10
-197.2603271890358
 20
244.4756112942676
 30
0.0
 10
-197.2626134301263
 20
244.5664246823942
 30
0.0
  0
SPLINE
  5
12D
330
1F
100
AcDbEntity
  8
0
  6
Continuous
 62
     7
370
    25
100
AcDbSpline
210
0.0
220
0.0
230
1.0
 70
     8
 71
     3
 72
    15
 73
    11
 74
     0
 42
0.00000001
 43
0.00000001
 40
0.0
 40
0.0
 40
0.0
 40
0.0
 40
0.0575013082228242
 40
0.1177833225087162
 40
0.1909023155161942
 40
0.2843742750538015
 40
0.4098820071280481
 40
0.5649908144954151
 40
0.7597791733776421
 40
1.0
 40
1.0
 40
1.0
 40
1.0
 10
-204.5018148820318
 20
223.8368421052617
 30
0.0
 10
-204.5039856875666
 20
223.8170469553858
 30
0.0
 10
-204.5084322766324
 20
223.7764993818785
 30
0.0
 10
-204.5454041278971
 20
223.7196835375106
 30
0.0
 10
-204.6097808881799
 20
223.6740682671033
 30
0.0
 10
-204.7041118091299
 20
223.6390193460025
 30
0.0
 10
-204.8289173080474
 20
223.6091461033012
 30
0.0
 10
-204.9907225256304
 20
223.5889814647926
 30
0.0
 10
-205.1923986604292
 20
223.5739799210676
 30
0.0
 10
-205.3414601823942
 20
223.5737894129444
 30
0.0
 10
-205.423774954627
 20
223.5736842105248
 30
0.0
  0
SPLINE
  5
12F
330
1F
100
AcDbEntity
  8
0
  6
Continuous
 62
     7
370
    25
100
AcDbSpline
210
0.0
220
0.0
230
1.0
 70
     8
 71
     3
 72
    15
 73
    11
 74
     0
 42
0.00000001
 43
0.00000001
 40
0.0
 40
0.0
 40
0.0
 40
0.0
 40
0.2416320027908025
 40
0.437339008927234
 40
0.5931262044774664
 40
0.7182033752071484
 40
0.8115675851513067
 40
0.8830267354863418
 40
0.9421609005999521
 40
1.0
 40
1.0
 40
1.0
 40
1.0
 10
-205.4237749546271
 20
232.1362976406519
 30
0.0
 10
-205.3415074058543
 20
232.1356203844158
 30
0.0
 10
-205.1926082210129
 20
232.134394592436
 30
0.0
 10
-204.9905740729075
 20
232.1256325854422
 30
0.0
 10
-204.8297181288141
 20
232.1043159166944
 30
0.0
 10
-204.7036940685217
 20
232.0826944005309
 30
0.0
 10
-204.6108359299968
 20
232.0479092514129
 30
0.0
 10
-204.5452134349099
 20
232.0068203027494
 30
0.0
 10
-204.5081680505703
 20
231.951153315451
 30
0.0
 10
-204.5039169161121
 20
231.9110956502634
 30
0.0
 10
-204.5018148820318
 20
231.8912885662417
 30
0.0
  0
SPLINE
  5
130
330
1F
100
AcDbEntity
  8
0
  6
Continuous
 62
     7
370
    25
100
AcDbSpline
210
0.0
220
0.0
230
1.0
 70
     8
 71
     3
 72
    15
 73
    11
 74
     0
 42
0.00000001
 43
0.00000001
 40
0.0
 40
0.0
 40
0.0
 40
0.0
 40
0.0578710932686078
 40
0.1180177507796704
 40
0.1880655479132885
 40
0.2831408432516339
 40
0.4065457060117657
 40
0.5624190757090618
 40
0.7582343377536161
 40
1.0
 40
1.0
 40
1.0
 40
1.0
 10
-206.3457350272224
 20
231.8912885662417
 30
0.0
 10
-206.3437637057452
 20
231.9111953246558
 30
0.0
 10
-206.3397435479487
 20
231.9517916002857
 30
0.0
 10
-206.3003645518185
 20
232.00558770369
 30
0.0
 10
-206.2363747248135
 20
232.0491580806039
 30
0.0
 10
-206.1427908781546
 20
232.081722004408
 30
0.0
 10
-206.0174163997179
 20
232.1048072838523
 30
0.0
 10
-205.8569114657363
 20
232.1254779155234
 30
0.0
 10
-205.654964119081
 20
232.1344484893328
 30
0.0
 10
-205.5060504860805
 20
232.1356395652275
 30
0.0
 10
-205.4237749546271
 20
232.1362976406519
 30
0.0
  0
SPLINE
  5
132
330
1F
100
AcDbEntity
  8
0
  6
Continuous
 62
     7
370
    25
100
AcDbSpline
210
0.0
220
0.0
230
1.0
 70
     8
 71
     3
 72
    15
 73
    11
 74
     0
 42
0.00000001
 43
0.00000001
 40
0.0
 40
0.0
 40
0.0
 40
0.0
 40
0.2403474126626196
 40
0.4352384166293161
 40
0.590428959664695
 40
0.7142877885057506
 40
0.8094473837366745
 40
0.8812043244868323
 40
0.9424683910617045
 40
1.0
 40
1.0
 40
1.0
 40
1.0
 10
-205.423774954627
 20
223.5736842105248
 30
0.0
 10
-205.5060987728169
 20
223.5737685756017
 30
0.0
 10
-205.6551766758526
 20
223.5739213499629
 30
0.0
 10
-205.8567543091509
 20
223.5891497916863
 30
0.0
 10
-206.0182451893531
 20
223.6086219138908
 30
0.0
 10
-206.1423260181103
 20
223.6400492946045
 30
0.0
 10
-206.2374984477253
 20
223.6727932091638
 30
0.0
 10
-206.3001055489791
 20
223.7209220907331
 30
0.0
 10
-206.3394832067796
 20
223.7758776498258
 30
0.0
 10
-206.3436951994669
 20
223.8169507808975
 30
0.0
 10
-206.3457350272223
 20
223.8368421052617
 30
0.0
  0
SPLINE
  5
133
330
1F
100
AcDbEntity
  8
0
  6
Continuous
 62
     7
370
    25
100
AcDbSpline
210
0.0
220
0.0
230
1.0
 70
     8
 71
     3
 72
    15
 73
    11
 74
     0
 42
0.00000001
 43
0.00000001
 40
0.0
 40
0.0
 40
0.0
 40
0.0
 40
0.0575013082228253
 40
0.1177833225087173
 40
0.1909023155161952
 40
0.2843742750538024
 40
0.4098820071280489
 40
0.5649908144954157
 40
0.7597791733776491
 40
1.0
 40
1.0
 40
1.0
 40
1.0
 10
-199.9602540834837
 20
223.8368421052617
 30
0.0
 10
-199.9624248890185
 20
223.8170469553859
 30
0.0
 10
-199.9668714780843
 20
223.7764993818785
 30
0.0
 10
-200.0038433293491
 20
223.7196835375106
 30
0.0
 10
-200.0682200896318
 20
223.6740682671033
 30
0.0
 10
-200.1625510105818
 20
223.6390193460026
 30
0.0
 10
-200.2873565094993
 20
223.6091461033013
 30
0.0
 10
-200.4491617270823
 20
223.5889814647927
 30
0.0
 10
-200.6508378618811
 20
223.5739799210676
 30
0.0
 10
-200.7998993838461
 20
223.5737894129444
 30
0.0
 10
-200.8822141560789
 20
223.5736842105249
 30
0.0
  0
SPLINE
  5
135
330
1F
100
AcDbEntity
  8
0
  6
Continuous
 62
     7
370
    25
100
AcDbSpline
210
0.0
220
0.0
230
1.0
 70
     8
 71
     3
 72
    15
 73
    11
 74
     0
 42
0.00000001
 43
0.00000001
 40
0.0
 40
0.0
 40
0.0
 40
0.0
 40
0.2416320027907955
 40
0.4373390089272334
 40
0.5931262044774657
 40
0.7182033752071475
 40
0.8115675851513056
 40
0.8830267354863407
 40
0.9421609005999508
 40
1.0
 40
1.0
 40
1.0
 40
1.0
 10
-200.882214156079
 20
232.1362976406519
 30
0.0
 10
-200.7999466073063
 20
232.1356203844158
 30
0.0
 10
-200.6510474224648
 20
232.134394592436
 30
0.0
 10
-200.4490132743594
 20
232.1256325854423
 30
0.0
 10
-200.288157330266
 20
232.1043159166944
 30
0.0
 10
-200.1621332699736
 20
232.0826944005309
 30
0.0
 10
-200.0692751314487
 20
232.0479092514129
 30
0.0
 10
-200.0036526363618
 20
232.0068203027494
 30
0.0
 10
-199.9666072520222
 20
231.951153315451
 30
0.0
 10
-199.962356117564
 20
231.9110956502635
 30
0.0
 10
-199.9602540834837
 20
231.8912885662417
 30
0.0
  0
SPLINE
  5
136
330
1F
100
AcDbEntity
  8
0
  6
Continuous
 62
     7
370
    25
100
AcDbSpline
210
0.0
220
0.0
230
1.0
 70
     8
 71
     3
 72
    15
 73
    11
 74
     0
 42
0.00000001
 43
0.00000001
 40
0.0
 40
0.0
 40
0.0
 40
0.0
 40
0.057871093268609
 40
0.1180177507796755
 40
0.1880655479132881
 40
0.2831408432516271
 40
0.4065457060117657
 40
0.5624190757090619
 40
0.758234337753616
 40
1.0
 40
1.0
 40
1.0
 40
1.0
 10
-201.8041742286743
 20
231.8912885662417
 30
0.0
 10
-201.8022029071971
 20
231.9111953246558
 30
0.0
 10
-201.7981827494006
 20
231.9517916002857
 30
0.0
 10
-201.7588037532704
 20
232.00558770369
 30
0.0
 10
-201.6948139262654
 20
232.0491580806039
 30
0.0
 10
-201.6012300796065
 20
232.081722004408
 30
0.0
 10
-201.4758556011698
 20
232.1048072838523
 30
0.0
 10
-201.3153506671882
 20
232.1254779155234
 30
0.0
 10
-201.1134033205329
 20
232.1344484893328
 30
0.0
 10
-200.9644896875324
 20
232.1356395652275
 30
0.0
 10
-200.882214156079
 20
232.1362976406519
 30
0.0
  0
SPLINE
  5
138
330
1F
100
AcDbEntity
  8
0
  6
Continuous
 62
     7
370
    25
100
AcDbSpline
210
0.0
220
0.0
230
1.0
 70
     8
 71
     3
 72
    15
 73
    11
 74
     0
 42
0.00000001
 43
0.00000001
 40
0.0
 40
0.0
 40
0.0
 40
0.0
 40
0.2403474126626196
 40
0.4352384166293161
 40
0.590428959664695
 40
0.7142877885057571
 40
0.8094473837366747
 40
0.8812043244868273
 40
0.9424683910617031
 40
1.0
 40
1.0
 40
1.0
 40
1.0
 10
-200.8822141560789
 20
223.5736842105249
 30
0.0
 10
-200.9645379742688
 20
223.5737685756017
 30
0.0
 10
-201.1136158773045
 20
223.5739213499629
 30
0.0
 10
-201.3151935106028
 20
223.5891497916863
 30
0.0
 10
-201.476684390805
 20
223.6086219138908
 30
0.0
 10
-201.6007652195622
 20
223.6400492946045
 30
0.0
 10
-201.6959376491772
 20
223.6727932091638
 30
0.0
 10
-201.758544750431
 20
223.7209220907331
 30
0.0
 10
-201.7979224082315
 20
223.7758776498258
 30
0.0
 10
-201.8021344009188
 20
223.8169507808976
 30
0.0
 10
-201.8041742286742
 20
223.8368421052617
 30
0.0
  0
SPLINE
  5
139
330
1F
100
AcDbEntity
  8
0
  6
Continuous
 62
     7
370
    25
100
AcDbSpline
210
0.0
220
0.0
230
1.0
 70
     8
 71
     3
 72
    21
 73
    17
 74
     0
 42
0.00000001
 43
0.00000001
 40
0.0
 40
0.0
 40
0.0
 40
0.0
 40
0.0534615862767155
 40
0.0946752193102171
 40
0.1315036719748498
 40
0.1713119924079052
 40
0.1952800275156284
 40
0.2245990224944267
 40
0.2593964874852923
 40
0.2998199085270072
 40
0.3925486262407326
 40
0.4974834190758004
 40
0.6134831567586996
 40
0.7373846600162705
 40
0.8670250033557828
 40
1.0
 40
1.0
 40
1.0
 40
1.0
 10
-191.6582577132477
 20
227.1816696914687
 30
0.0
 10
-191.6595810092936
 20
227.1247262098211
 30
0.0
 10
-191.6619244366418
 20
227.0238848957349
 30
0.0
 10
-191.6874148855611
 20
226.8848250993343
 30
0.0
 10
-191.7443200154688
 20
226.7711744754338
 30
0.0
 10
-191.8173739376095
 20
226.6906559864989
 30
0.0
 10
-191.8985004513326
 20
226.633377726371
 30
0.0
 10
-191.9781604027561
 20
226.5835545764795
 30
0.0
 10
-192.0792618055995
 20
226.5365091377534
 30
0.0
 10
-192.2421547290112
 20
226.4626023566835
 30
0.0
 10
-192.4810037667089
 20
226.3762697803582
 30
0.0
 10
-192.8010886821251
 20
226.2800234391956
 30
0.0
 10
-193.1595360850642
 20
226.1985260862058
 30
0.0
 10
-193.5475066212437
 20
226.1313156704019
 30
0.0
 10
-193.9572802636809
 20
226.0861578434259
 30
0.0
 10
-194.2370863616467
 20
226.0808891917501
 30
0.0
 10
-194.3787658802169
 20
226.0782214156066
 30
0.0
  0
SPLINE
  5
13A
330
1F
100
AcDbEntity
  8
0
  6
Continuous
 62
     7
370
    25
100
AcDbSpline
210
0.0
220
0.0
230
1.0
 70
     8
 71
     3
 72
    15
 73
    11
 74
     0
 42
0.00000001
 43
0.00000001
 40
0.0
 40
0.0
 40
0.0
 40
0.0
 40
0.0992212011639668
 40
0.1954481480868768
 40
0.2947244568369738
 40
0.4011016367919376
 40
0.5240096121960244
 40
0.6663804154101739
 40
0.8267965478902831
 40
1.0
 40
1.0
 40
1.0
 40
1.0
 10
-191.9867513611606
 20
227.8005444646084
 30
0.0
 10
-191.9609549840339
 20
227.7985879255924
 30
0.0
 10
-191.9101407016263
 20
227.7947338911435
 30
0.0
 10
-191.8403269180686
 20
227.7595515249103
 30
0.0
 10
-191.7836461745565
 20
227.7048510121044
 30
0.0
 10
-191.7365924657957
 20
227.6330990077602
 30
0.0
 10
-191.7043200076244
 20
227.5420044815907
 30
0.0
 10
-191.6766956258092
 20
227.4353180029279
 30
0.0
 10
-191.6612346226192
 20
227.3127733714839
 30
0.0
 10
-191.6592750525208
 20
227.2264735151283
 30
0.0
 10
-191.6582577132477
 20
227.1816696914687
 30
0.0
  0
SPLINE
  5
13B
330
1F
100
AcDbEntity
  8
0
  6
Continuous
 62
     7
370
    25
100
AcDbSpline
210
0.0
220
0.0
230
1.0
 70
     8
 71
     3
 72
    19
 73
    15
 74
     0
 42
0.00000001
 43
0.00000001
 40
0.0
 40
0.0
 40
0.0
 40
0.0
 40
0.0971146957721439
 40
0.1882102994443726
 40
0.275806713915471
 40
0.3581100317040024
 40
0.5104222420473584
 40
0.6465977152842444
 40
0.7643665824807927
 40
0.863267021066613
 40
0.9050066170013648
 40
0.9411584068604985
 40
0.97249613145952
 40
1.0
 40
1.0
 40
1.0
 40
1.0
 10
-194.2190562613421
 20
227.2488203266774
 30
0.0
 10
-194.143996647695
 20
227.2497022756604
 30
0.0
 10
-193.9985295559392
 20
227.2514115111255
 30
0.0
 10
-193.7860941099304
 20
227.2693208416028
 30
0.0
 10
-193.5855482638348
 20
227.2921742841716
 30
0.0
 10
-193.3418993566276
 20
227.3444275931714
 30
0.0
 10
-193.0648734892009
 20
227.4179868369208
 30
0.0
 10
-192.7668299266613
 20
227.5171516515922
 30
0.0
 10
-192.5133840357171
 20
227.6179575386736
 30
0.0
 10
-192.3299183671143
 20
227.6964371217445
 30
0.0
 10
-192.2056740702886
 20
227.7538100595272
 30
0.0
 10
-192.1248103744317
 20
227.7781918597057
 30
0.0
 10
-192.0535347675519
 20
227.79694057581
 30
0.0
 10
-192.0080240719011
 20
227.7993965075321
 30
0.0
 10
-191.9867513611606
 20
227.8005444646084
 30
0.0
  0
SPLINE
  5
13C
330
1F
100
AcDbEntity
  8
0
  6
Continuous
 62
     7
370
    25
100
AcDbSpline
210
0.0
220
0.0
230
1.0
 70
     8
 71
     3
 72
    19
 73
    15
 74
     0
 42
0.00000001
 43
0.00000001
 40
0.0
 40
0.0
 40
0.0
 40
0.0
 40
0.1298750253114404
 40
0.2447445841043137
 40
0.3498083870148847
 40
0.4521027102799164
 40
0.5041421745672106
 40
0.5596160410062436
 40
0.6185979630488434
 40
0.6817758259940263
 40
0.7505710150359121
 40
0.8263518905771572
 40
0.909371397506322
 40
0.9999999999999999
 40
0.9999999999999999
 40
0.9999999999999999
 40
0.9999999999999999
 10
-195.454990925589
 20
228.2724137931021
 30
0.0
 10
-195.452122843077
 20
228.1916845256102
 30
0.0
 10
-195.4467180498161
 20
228.039553267503
 30
0.0
 10
-195.399759853682
 20
227.8262188238903
 30
0.0
 10
-195.3190504971581
 20
227.6408996459998
 30
0.0
 10
-195.2123842883981
 20
227.5168480106261
 30
0.0
 10
-195.1096142987849
 20
227.436499864061
 30
0.0
 10
-195.0205693963314
 20
227.3831019905128
 30
0.0
 10
-194.9175637265568
 20
227.3428090439614
 30
0.0
 10
-194.8041771365225
 20
227.307864404282
 30
0.0
 10
-194.6778302561291
 20
227.2810694181256
 30
0.0
 10
-194.5378350816453
 20
227.2609809618167
 30
0.0
 10
-194.3831524329707
 20
227.2508253966664
 30
0.0
 10
-194.2753298792535
 20
227.2495079267678
 30
0.0
 10
-194.2190562613421
 20
227.2488203266774
 30
0.0
  0
SPLINE
  5
13F
330
1F
100
AcDbEntity
  8
0
  6
Continuous
 62
     7
370
    25
100
AcDbSpline
210
0.0
220
0.0
230
1.0
 70
     8
 71
     3
 72
    23
 73
    19
 74
     0
 42
0.00000001
 43
0.00000001
 40
0.0
 40
0.0
 40
0.0
 40
0.0
 40
0.0518298873011452
 40
0.1011958379216794
 40
0.1485971189938446
 40
0.1952452089432173
 40
0.2424114205948181
 40
0.2910852948882828
 40
0.3422434713215017
 40
0.396101372472321
 40
0.453877998776751
 40
0.5164833860463187
 40
0.5835708698508486
 40
0.6557817460107341
 40
0.7335433791305335
 40
0.8165870653557927
 40
0.9054918782333244
 40
1.0
 40
1.0
 40
1.0
 40
1.0
 10
-191.2989110707795
 20
230.4647912885649
 30
0.0
 10
-191.3016758548766
 20
230.3877571354612
 30
0.0
 10
-191.3070739882307
 20
230.23735094942
 30
0.0
 10
-191.3498449260469
 20
230.0199210804497
 30
0.0
 10
-191.4182423813852
 20
229.8173850771178
 30
0.0
 10
-191.5183158420232
 20
229.6319757778555
 30
0.0
 10
-191.6450480335967
 20
229.461691510886
 30
0.0
 10
-191.7989781968783
 20
229.3057307140583
 30
0.0
 10
-191.982205354654
 20
229.1684114690932
 30
0.0
 10
-192.1914390274266
 20
229.046387122786
 30
0.0
 10
-192.4274618217352
 20
228.9391759140206
 30
0.0
 10
-192.6908849482676
 20
228.8480811980474
 30
0.0
 10
-192.9805632898593
 20
228.7694603467046
 30
0.0
 10
-193.2975937486313
 20
228.7096650065508
 30
0.0
 10
-193.6402759978554
 20
228.6604593848369
 30
0.0
 10
-194.0097757292483
 20
228.6266775896043
 30
0.0
 10
-194.4051681951265
 20
228.6070737944543
 30
0.0
 10
-194.6775934014524
 20
228.6042020575984
 30
0.0
 10
-194.8179673321225
 20
228.6027223230476
 30
0.0
  0
SPLINE
  5
140
330
1F
100
AcDbEntity
  8
0
  6
Continuous
 62
     7
370
    25
100
AcDbSpline
210
0.0
220
0.0
230
1.0
 70
     8
 71
     3
 72
    23
 73
    19
 74
     0
 42
0.00000001
 43
0.00000001
 40
0.0
 40
0.0
 40
0.0
 40
0.0
 40
0.0760774510321337
 40
0.1491560166057584
 40
0.2199833241499137
 40
0.2883862901621489
 40
0.3542018448873024
 40
0.4173450489077141
 40
0.4775900388216959
 40
0.5366653998855011
 40
0.5942664573747048
 40
0.649961181741665
 40
0.7056108574363655
 40
0.7609468316049587
 40
0.8173679022819981
 40
0.8752754864099912
 40
0.9358209275867951
 40
1.0
 40
1.0
 40
1.0
 40
1.0
 10
-193.6764065335745
 20
232.2415607985467
 30
0.0
 10
-193.5916561397006
 20
232.2402798741111
 30
0.0
 10
-193.4254961148248
 20
232.2377685178052
 30
0.0
 10
-193.1813850649615
 20
232.2146945082659
 30
0.0
 10
-192.947174513303
 20
232.1813515389939
 30
0.0
 10
-192.7238728877243
 20
232.1324698470192
 30
0.0
 10
-192.5130353847287
 20
232.0694835994008
 30
0.0
 10
-192.31694955016
 20
231.9915632035263
 30
0.0
 10
-192.1351846925124
 20
231.9000865771042
 30
0.0
 10
-191.9679686320615
 20
231.7952946393069
 30
0.0
 10
-191.8167363959633
 20
231.6761898061094
 30
0.0
 10
-191.6852598873861
 20
231.5410793939827
 30
0.0
 10
-191.5679370419661
 20
231.3967601073079
 30
0.0
 10
-191.4706640439296
 20
231.2369475698828
 30
0.0
 10
-191.3947433381507
 20
231.063416754898
 30
0.0
 10
-191.3373496622117
 20
230.8768026457573
 30
0.0
 10
-191.3048464341066
 20
230.675244140602
 30
0.0
 10
-191.3009275815342
 20
230.5362916190574
 30
0.0
 10
-191.2989110707795
 20
230.4647912885649
 30
0.0
  0
SPLINE
  5
141
330
1F
100
AcDbEntity
  8
0
  6
Continuous
 62
     7
370
    25
100
AcDbSpline
210
0.0
220
0.0
230
1.0
 70
     8
 71
     3
 72
    15
 73
    11
 74
     0
 42
0.00000001
 43
0.00000001
 40
0.0
 40
0.0
 40
0.0
 40
0.0
 40
0.1196705158931835
 40
0.2385573335891877
 40
0.3593858084379368
 40
0.4809507633280561
 40
0.6050315227133116
 40
0.7320976870801638
 40
0.8629145540828667
 40
1.0
 40
1.0
 40
1.0
 40
1.0
 10
-195.7399274047178
 20
231.4756805807608
 30
0.0
 10
-195.6713835303832
 20
231.5338720832817
 30
0.0
 10
-195.534744661794
 20
231.6498740038492
 30
0.0
 10
-195.3104611148352
 20
231.8008302429186
 30
0.0
 10
-195.0735218941439
 20
231.9335876280335
 30
0.0
 10
-194.8212866697799
 20
232.044427206173
 30
0.0
 10
-194.5559537387668
 20
232.1351139630549
 30
0.0
 10
-194.2749703491584
 20
232.1947206838952
 30
0.0
 10
-193.9806542643212
 20
232.2349630226949
 30
0.0
 10
-193.7793922039524
 20
232.2393274988358
 30
0.0
 10
-193.6764065335745
 20
232.2415607985467
 30
0.0
  0
SPLINE
  5
143
330
1F
100
AcDbEntity
  8
0
  6
Continuous
 62
     7
370
    25
100
AcDbSpline
210
0.0
220
0.0
230
1.0
 70
     8
 71
     3
 72
    15
 73
    11
 74
     0
 42
0.00000001
 43
0.00000001
 40
0.0
 40
0.0
 40
0.0
 40
0.0
 40
0.177587706161298
 40
0.3298536653440817
 40
0.4568514894031089
 40
0.5588720212392769
 40
0.7106676597334809
 40
0.8212840700570878
 40
0.9071287067058037
 40
1.0
 40
1.0
 40
1.0
 40
1.0
 10
-196.493103448275
 20
232.136297640652
 30
0.0
 10
-196.4422842507823
 20
232.1358753070892
 30
0.0
 10
-196.3478920266517
 20
232.1350908593553
 30
0.0
 10
-196.2171934502589
 20
232.1313864650881
 30
0.0
 10
-196.1081927553566
 20
232.1267857613388
 30
0.0
 10
-195.9995245643254
 20
232.1163721872844
 30
0.0
 10
-195.8977200055187
 20
232.093970129256
 30
0.0
 10
-195.8032751095084
 20
232.0561309398258
 30
0.0
 10
-195.7483918052382
 20
231.9880601049367
 30
0.0
 10
-195.7428218701272
 20
231.9363230163493
 30
0.0
 10
-195.7399274047179
 20
231.9094373865685
 30
0.0
  0
SPLINE
  5
144
330
1F
100
AcDbEntity
  8
0
  6
Continuous
 62
     7
370
    25
100
AcDbSpline
210
0.0
220
0.0
230
1.0
 70
     8
 71
     3
 72
    15
 73
    11
 74
     0
 42
0.00000001
 43
0.00000001
 40
0.0
 40
0.0
 40
0.0
 40
0.0
 40
0.0922392703874895
 40
0.1853265192157319
 40
0.3041255210829688
 40
0.4643524575867182
 40
0.565183599067093
 40
0.6886141458733244
 40
0.8328394262673007
 40
1.0
 40
1.0
 40
1.0
 40
1.0
 10
-197.2626134301262
 20
231.9094373865685
 30
0.0
 10
-197.2595380296408
 20
231.9368008412151
 30
0.0
 10
-197.2533589557523
 20
231.9917793095191
 30
0.0
 10
-197.1841102861145
 20
232.0551679076118
 30
0.0
 10
-197.0833527252927
 20
232.0940078728361
 30
0.0
 10
-196.9749348012729
 20
232.1157227666388
 30
0.0
 10
-196.8641434511623
 20
232.1268167072298
 30
0.0
 10
-196.7575028488621
 20
232.1313018285641
 30
0.0
 10
-196.6316664209932
 20
232.1350991376204
 30
0.0
 10
-196.5415047415859
 20
232.1358789927576
 30
0.0
 10
-196.493103448275
 20
232.136297640652
 30
0.0
  0
SPLINE
  5
146
330
1F
100
AcDbEntity
  8
0
  6
Continuous
 62
     7
370
    25
100
AcDbSpline
210
0.0
220
0.0
230
1.0
 70
     8
 71
     3
 72
    23
 73
    19
 74
     0
 42
0.00000001
 43
0.00000001
 40
0.0
 40
0.0
 40
0.0
 40
0.0
 40
0.0892263287494572
 40
0.1720712931906807
 40
0.2483334384209704
 40
0.3187441558143447
 40
0.3835619750278744
 40
0.4443151937708703
 40
0.5014209362768185
 40
0.5551536898937564
 40
0.6069492751069678
 40
0.6580460432293485
 40
0.7088651094687634
 40
0.7610945380811921
 40
0.8154412586923774
 40
0.8731665030603453
 40
0.9343525586747021
 40
1.0
 40
1.0
 40
1.0
 40
1.0
 10
-194.3787658802169
 20
226.0782214156066
 30
0.0
 10
-194.5022188889563
 20
226.0793712563094
 30
0.0
 10
-194.7402956893783
 20
226.0815887024318
 30
0.0
 10
-195.0832276607486
 20
226.1052384482234
 30
0.0
 10
-195.398561260361
 20
226.1441709259532
 30
0.0
 10
-195.685866444824
 20
226.200517730373
 30
0.0
 10
-195.9482339028958
 20
226.2701346272486
 30
0.0
 10
-196.1851090012681
 20
226.3594042591173
 30
0.0
 10
-196.3986495732052
 20
226.4640017681908
 30
0.0
 10
-196.588314129272
 20
226.586234066776
 30
0.0
 10
-196.7532476310132
 20
226.7276677266184
 30
0.0
 10
-196.8964436185955
 20
226.8858078747071
 30
0.0
 10
-197.0140209860422
 20
227.064732699624
 30
0.0
 10
-197.1063482079237
 20
227.2626384420048
 30
0.0
 10
-197.1769393998881
 20
227.4791665048661
 30
0.0
 10
-197.2275899270392
 20
227.7138524517733
 30
0.0
 10
-197.2559100792976
 20
227.9680327639708
 30
0.0
 10
-197.2603271890356
 20
228.1434878822894
 30
0.0
 10
-197.2626134301262
 20
228.234301270416
 30
0.0
  0
SPLINE
  5
147
330
1F
100
AcDbEntity
  8
0
  6
Continuous
 62
     7
370
    25
100
AcDbSpline
210
0.0
220
0.0
230
1.0
 70
     8
 71
     3
 72
    15
 73
    11
 74
     0
 42
0.00000001
 43
0.00000001
 40
0.0
 40
0.0
 40
0.0
 40
0.0
 40
0.1514331118291901
 40
0.2911987825666476
 40
0.4220885977172028
 40
0.5450187667839769
 40
0.662703586791535
 40
0.7756997499186137
 40
0.8877285658665478
 40
1.0
 40
1.0
 40
1.0
 40
1.0
 10
-157.968602540834
 20
227.0764065335742
 30
0.0
 10
-158.0642095814663
 20
226.9932773582199
 30
0.0
 10
-158.2480574434079
 20
226.8334238468806
 30
0.0
 10
-158.5336234032885
 20
226.6251861803634
 30
0.0
 10
-158.813412490726
 20
226.4511527618911
 30
0.0
 10
-159.0914097551461
 20
226.3113972115285
 30
0.0
 10
-159.3679777080056
 20
226.2050162088545
 30
0.0
 10
-159.6455887048985
 20
226.1320953860542
 30
0.0
 10
-159.924736034852
 20
226.0865302471008
 30
0.0
 10
-160.1124124019134
 20
226.0809930225826
 30
0.0
 10
-160.2063520871134
 20
226.0782214156069
 30
0.0
  0
SPLINE
  5
148
330
1F
100
AcDbEntity
  8
0
  6
Continuous
 62
     7
370
    25
100
AcDbSpline
210
0.0
220
0.0
230
1.0
 70
     8
 71
     3
 72
    17
 73
    13
 74
     0
 42
0.00000001
 43
0.00000001
 40
0.0
 40
0.0
 40
0.0
 40
0.0
 40
0.0819604730034949
 40
0.160348457956989
 40
0.2345095531516597
 40
0.3047515188792665
 40
0.4371181844893606
 40
0.5604633014706571
 40
0.6752398699972025
 40
0.7855218626609748
 40
0.8930897568774173
 40
1.0
 40
1.0
 40
1.0
 40
1.0
 10
-155.9268602540826
 20
226.0782214156069
 30
0.0
 10
-155.9922341255244
 20
226.0785332468315
 30
0.0
 10
-156.1201323561256
 20
226.0791433172005
 30
0.0
 10
-156.306543331384
 20
226.0951174982131
 30
0.0
 10
-156.4830700916063
 20
226.1156298829057
 30
0.0
 10
-156.6999577663687
 20
226.1567945725276
 30
0.0
 10
-156.9516908112196
 20
226.2246455689656
 30
0.0
 10
-157.2228953760614
 20
226.343822446557
 30
0.0
 10
-157.4623818928727
 20
226.4869222425303
 30
0.0
 10
-157.6624069964946
 20
226.6626152178402
 30
0.0
 10
-157.8346277748169
 20
226.8574757877032
 30
0.0
 10
-157.9240356688562
 20
227.0035789495948
 30
0.0
 10
-157.968602540834
 20
227.0764065335742
 30
0.0
  0
SPLINE
  5
149
330
1F
100
AcDbEntity
  8
0
  6
Continuous
 62
     7
370
    25
100
AcDbSpline
210
0.0
220
0.0
230
1.0
 70
     8
 71
     3
 72
    15
 73
    11
 74
     0
 42
0.00000001
 43
0.00000001
 40
0.0
 40
0.0
 40
0.0
 40
0.0
 40
0.1439830786336865
 40
0.2797533174149179
 40
0.4083023982868971
 40
0.5306583469628221
 40
0.6491997265336037
 40
0.7658832496536565
 40
0.8829185227191262
 40
1.0
 40
1.0
 40
1.0
 40
1.0
 10
-153.7254083484564
 20
227.0582577132476
 30
0.0
 10
-153.8143166500956
 20
226.9799099909621
 30
0.0
 10
-153.9870618960322
 20
226.8276835249825
 30
0.0
 10
-154.259530045804
 20
226.6305945228836
 30
0.0
 10
-154.5280691877398
 20
226.4596732810278
 30
0.0
 10
-154.7985296155402
 20
226.32007212015
 30
0.0
 10
-155.0725369992085
 20
226.2114207549506
 30
0.0
 10
-155.3526091802909
 20
226.1356160732082
 30
0.0
 10
-155.6377112691481
 20
226.0856321917887
 30
0.0
 10
-155.8304645787994
 20
226.0806919993254
 30
0.0
 10
-155.9268602540826
 20
226.0782214156069
 30
0.0
  0
SPLINE
  5
14B
330
1F
100
AcDbEntity
  8
0
  6
Continuous
 62
     7
370
    25
100
AcDbSpline
210
0.0
220
0.0
230
1.0
 70
     8
 71
     3
 72
    15
 73
    11
 74
     0
 42
0.00000001
 43
0.00000001
 40
0.0
 40
0.0
 40
0.0
 40
0.0
 40
0.2403948040573552
 40
0.4364613099245784
 40
0.5905846609025559
 40
0.7086751587964026
 40
0.7980228287550456
 40
0.8700975318261808
 40
0.93402666454316
 40
1.0
 40
1.0
 40
1.0
 40
1.0
 10
-152.9413793103439
 20
226.1834845735016
 30
0.0
 10
-153.0128195279938
 20
226.183701430361
 30
0.0
 10
-153.1425265368414
 20
226.1840951561292
 30
0.0
 10
-153.317301655726
 20
226.1979164300923
 30
0.0
 10
-153.4560955509024
 20
226.2128021368202
 30
0.0
 10
-153.5595501075093
 20
226.2409509770494
 30
0.0
 10
-153.6384436968007
 20
226.2710352951396
 30
0.0
 10
-153.6874220239353
 20
226.3179101477365
 30
0.0
 10
-153.7212911418606
 20
226.3695000720441
 30
0.0
 10
-153.7240216235682
 20
226.4086238993345
 30
0.0
 10
-153.7254083484564
 20
226.4284936479118
 30
0.0
  0
SPLINE
  5
14C
330
1F
100
AcDbEntity
  8
0
  6
Continuous
 62
     7
370
    25
100
AcDbSpline
210
0.0
220
0.0
230
1.0
 70
     8
 71
     3
 72
    15
 73
    11
 74
     0
 42
0.00000001
 43
0.00000001
 40
0.0
 40
0.0
 40
0.0
 40
0.0
 40
0.0656322616269776
 40
0.1282220975627232
 40
0.2029528026718697
 40
0.2992877458107283
 40
0.4246149482836432
 40
0.577941500960838
 40
0.7689524849614852
 40
1.0
 40
1.0
 40
1.0
 40
1.0
 10
-152.1519056261334
 20
226.4284936479118
 30
0.0
 10
-152.1534717417115
 20
226.4087431092862
 30
0.0
 10
-152.156531374573
 20
226.3701575809533
 30
0.0
 10
-152.1878109028396
 20
226.316184314764
 30
0.0
 10
-152.2423616493261
 20
226.270447620875
 30
0.0
 10
-152.3270133828625
 20
226.2413186866407
 30
0.0
 10
-152.4353823672086
 20
226.2136242349374
 30
0.0
 10
-152.5750859720543
 20
226.1978953531695
 30
0.0
 10
-152.7462976490189
 20
226.1841976702121
 30
0.0
 10
-152.872365808543
 20
226.18373684376
 30
0.0
 10
-152.9413793103439
 20
226.1834845735016
 30
0.0
  0
SPLINE
  5
14E
330
1F
100
AcDbEntity
  8
0
  6
Continuous
 62
     7
370
    25
100
AcDbSpline
210
0.0
220
0.0
230
1.0
 70
     8
 71
     3
 72
    15
 73
    11
 74
     0
 42
0.00000001
 43
0.00000001
 40
0.0
 40
0.0
 40
0.0
 40
0.0
 40
0.2416320027907952
 40
0.4373390089272329
 40
0.5931262044774651
 40
0.7182033752071467
 40
0.8115675851512983
 40
0.8830267354863446
 40
0.942160900599951
 40
1.0
 40
1.0
 40
1.0
 40
1.0
 10
-153.0738656987287
 20
232.1362976406522
 30
0.0
 10
-152.9915981499559
 20
232.1356203844161
 30
0.0
 10
-152.8426989651145
 20
232.1343945924363
 30
0.0
 10
-152.6406648170092
 20
232.1256325854426
 30
0.0
 10
-152.4798088729157
 20
232.1043159166948
 30
0.0
 10
-152.3537848126233
 20
232.0826944005312
 30
0.0
 10
-152.2609266740984
 20
232.0479092514133
 30
0.0
 10
-152.1953041790115
 20
232.0068203027498
 30
0.0
 10
-152.158258794672
 20
231.9511533154514
 30
0.0
 10
-152.1540076602137
 20
231.9110956502638
 30
0.0
 10
-152.1519056261334
 20
231.8912885662421
 30
0.0
  0
SPLINE
  5
14F
330
1F
100
AcDbEntity
  8
0
  6
Continuous
 62
     7
370
    25
100
AcDbSpline
210
0.0
220
0.0
230
1.0
 70
     8
 71
     3
 72
    15
 73
    11
 74
     0
 42
0.00000001
 43
0.00000001
 40
0.0
 40
0.0
 40
0.0
 40
0.0
 40
0.057871093268609
 40
0.1180177507796755
 40
0.1880655479132881
 40
0.2831408432516271
 40
0.4065457060117657
 40
0.5624190757090619
 40
0.7582343377536229
 40
1.0
 40
1.0
 40
1.0
 40
1.0
 10
-153.995825771324
 20
231.8912885662421
 30
0.0
 10
-153.9938544498469
 20
231.9111953246561
 30
0.0
 10
-153.9898342920503
 20
231.9517916002861
 30
0.0
 10
-153.9504552959202
 20
232.0055877036903
 30
0.0
 10
-153.8864654689151
 20
232.0491580806043
 30
0.0
 10
-153.7928816222562
 20
232.0817220044084
 30
0.0
 10
-153.6675071438195
 20
232.1048072838526
 30
0.0
 10
-153.5070022098379
 20
232.1254779155237
 30
0.0
 10
-153.3050548631826
 20
232.1344484893332
 30
0.0
 10
-153.1561412301821
 20
232.1356395652278
 30
0.0
 10
-153.0738656987287
 20
232.1362976406522
 30
0.0
  0
SPLINE
  5
151
330
1F
100
AcDbEntity
  8
0
  6
Continuous
 62
     7
370
    25
100
AcDbSpline
210
0.0
220
0.0
230
1.0
 70
     8
 71
     3
 72
    15
 73
    11
 74
     0
 42
0.00000001
 43
0.00000001
 40
0.0
 40
0.0
 40
0.0
 40
0.0
 40
0.101050502579596
 40
0.204851805026313
 40
0.313299241354766
 40
0.4287466250119064
 40
0.5531935292493864
 40
0.6895811326193089
 40
0.8383405447526499
 40
0.9999999999999999
 40
0.9999999999999999
 40
0.9999999999999999
 40
0.9999999999999999
 10
-155.3932849364782
 20
227.4194192377485
 30
0.0
 10
-155.3367471518197
 20
227.4216001086694
 30
0.0
 10
-155.2221325092019
 20
227.4260212182461
 30
0.0
 10
-155.0520540054837
 20
227.4715097601354
 30
0.0
 10
-154.8815231757127
 20
227.5386512769911
 30
0.0
 10
-154.7119660141552
 20
227.6352176949956
 30
0.0
 10
-154.5410149661179
 20
227.7575947689343
 30
0.0
 10
-154.3625875768341
 20
227.9008850055195
 30
0.0
 10
-154.1796924504559
 20
228.070831430591
 30
0.0
 10
-154.058789448667
 20
228.1950297902048
 30
0.0
 10
-153.995825771324
 20
228.2597096188736
 30
0.0
  0
SPLINE
  5
152
330
1F
100
AcDbEntity
  8
0
  6
Continuous
 62
     7
370
    25
100
AcDbSpline
210
0.0
220
0.0
230
1.0
 70
     8
 71
     3
 72
    17
 73
    13
 74
     0
 42
0.00000001
 43
0.00000001
 40
0.0
 40
0.0
 40
0.0
 40
0.0
 40
0.1443770599058726
 40
0.278131894188441
 40
0.4011267271877628
 40
0.5153679802429291
 40
0.6264508472459961
 40
0.7410290321681838
 40
0.8014215843555791
 40
0.8641187626450558
 40
0.9303426872389946
 40
1.0
 40
1.0
 40
1.0
 40
1.0
 10
-156.4241379310336
 20
228.6517241379299
 30
0.0
 10
-156.4218815491697
 20
228.5637665126829
 30
0.0
 10
-156.4175347937901
 20
228.3943225516118
 30
0.0
 10
-156.3697864037882
 20
228.153774233741
 30
0.0
 10
-156.2932879994647
 20
227.9402432875643
 30
0.0
 10
-156.1827306530629
 20
227.7576264459191
 30
0.0
 10
-156.0382903591377
 20
227.6066895352272
 30
0.0
 10
-155.8861957356879
 20
227.5172506960423
 30
0.0
 10
-155.7499439409399
 20
227.4684069788018
 30
0.0
 10
-155.6385477826102
 20
227.4381599272219
 30
0.0
 10
-155.5183518602283
 20
227.422547736217
 30
0.0
 10
-155.4356702983425
 20
227.4204794904172
 30
0.0
 10
-155.3932849364782
 20
227.4194192377485
 30
0.0
  0
SPLINE
  5
154
330
1F
100
AcDbEntity
  8
0
  6
Continuous
 62
     7
370
    25
100
AcDbSpline
210
0.0
220
0.0
230
1.0
 70
     8
 71
     3
 72
    15
 73
    11
 74
     0
 42
0.00000001
 43
0.00000001
 40
0.0
 40
0.0
 40
0.0
 40
0.0
 40
0.2416518203440146
 40
0.4373748774751953
 40
0.5931748499796471
 40
0.7165216042217715
 40
0.8115521307853079
 40
0.883017141873463
 40
0.9421561569011999
 40
1.0
 40
1.0
 40
1.0
 40
1.0
 10
-157.3460980036289
 20
232.1362976406522
 30
0.0
 10
-157.2638264250199
 20
232.1356351106917
 30
0.0
 10
-157.1149199464237
 20
232.1344359723617
 30
0.0
 10
-156.9129296176371
 20
232.1255138359398
 30
0.0
 10
-156.7525417769601
 20
232.1047112495798
 30
0.0
 10
-156.6268584307474
 20
232.0819740391514
 30
0.0
 10
-156.5335924039807
 20
232.0483578888117
 30
0.0
 10
-156.4675464250001
 20
232.006792992038
 30
0.0
 10
-156.4304888716117
 20
231.9511594362284
 30
0.0
 10
-156.4262392279622
 20
231.9110976754079
 30
0.0
 10
-156.4241379310336
 20
231.8912885662421
 30
0.0
  0
SPLINE
  5
155
330
1F
100
AcDbEntity
  8
0
  6
Continuous
 62
     7
370
    25
100
AcDbSpline
210
0.0
220
0.0
230
1.0
 70
     8
 71
     3
 72
    15
 73
    11
 74
     0
 42
0.00000001
 43
0.00000001
 40
0.0
 40
0.0
 40
0.0
 40
0.0
 40
0.0582576699093923
 40
0.1178197776754246
 40
0.1897960642256419
 40
0.2855064588202327
 40
0.4097356612395634
 40
0.5666502589531589
 40
0.7619868694458042
 40
1.0
 40
1.0
 40
1.0
 40
1.0
 10
-158.2607985480935
 20
231.8912885662421
 30
0.0
 10
-158.2586972511943
 20
231.9110976766269
 30
0.0
 10
-158.2544476076045
 20
231.9511594399128
 30
0.0
 10
-158.2173900537294
 20
232.0067929755982
 30
0.0
 10
-158.1513440772478
 20
232.0483579757051
 30
0.0
 10
-158.0580780363014
 20
232.081973539717
 30
0.0
 10
-157.9323947685351
 20
232.1047139938695
 30
0.0
 10
-157.7726056800762
 20
232.1254215892971
 30
0.0
 10
-157.5730445930826
 20
232.1344115176293
 30
0.0
 10
-157.4265556376587
 20
232.1356289679206
 30
0.0
 10
-157.3460980036289
 20
232.1362976406522
 30
0.0
  0
SPLINE
  5
157
330
1F
100
AcDbEntity
  8
0
  6
Continuous
 62
     7
370
    25
100
AcDbSpline
210
0.0
220
0.0
230
1.0
 70
     8
 71
     3
 72
    15
 73
    11
 74
     0
 42
0.00000001
 43
0.00000001
 40
0.0
 40
0.0
 40
0.0
 40
0.0
 40
0.0990132358100498
 40
0.2008392412960987
 40
0.308414840203742
 40
0.4240063861083702
 40
0.5494980964482122
 40
0.686056010680177
 40
0.8366044799920823
 40
1.0
 40
1.0
 40
1.0
 40
1.0
 10
-159.6582577132477
 20
227.4194192377484
 30
0.0
 10
-159.6029201595126
 20
227.4215919366929
 30
0.0
 10
-159.4906730218809
 20
227.4259990566502
 30
0.0
 10
-159.323726475953
 20
227.4718519947528
 30
0.0
 10
-159.15509428672
 20
227.5389972198044
 30
0.0
 10
-158.9857903973955
 20
227.6357428924965
 30
0.0
 10
-158.8133032250247
 20
227.756845704173
 30
0.0
 10
-158.6346297047217
 20
227.902034696667
 30
0.0
 10
-158.4481117081271
 20
228.0705253352122
 30
0.0
 10
-158.3249167084174
 20
228.1949509642847
 30
0.0
 10
-158.2607985480935
 20
228.2597096188736
 30
0.0
  0
SPLINE
  5
158
330
1F
100
AcDbEntity
  8
0
  6
Continuous
 62
     7
370
    25
100
AcDbSpline
210
0.0
220
0.0
230
1.0
 70
     8
 71
     3
 72
    17
 73
    13
 74
     0
 42
0.00000001
 43
0.00000001
 40
0.0
 40
0.0
 40
0.0
 40
0.0
 40
0.1439546889489012
 40
0.2773182272915725
 40
0.3999532424268215
 40
0.5149079265120099
 40
0.6263600988210736
 40
0.7397526915386395
 40
0.7990393935433318
 40
0.8615531530319908
 40
0.9285656687476056
 40
1.0
 40
1.0
 40
1.0
 40
1.0
 10
-160.6963702359338
 20
228.6517241379299
 30
0.0
 10
-160.6941396361303
 20
228.5637515570719
 30
0.0
 10
-160.689842548013
 20
228.3942787851049
 30
0.0
 10
-160.6417518132809
 20
228.1539290539469
 30
0.0
 10
-160.5661932898188
 20
227.9391224662407
 30
0.0
 10
-160.4509596098036
 20
227.7579601794412
 30
0.0
 10
-160.3055832762718
 20
227.6076463338981
 30
0.0
 10
-160.1547720141394
 20
227.5175573088084
 30
0.0
 10
-160.0198723808332
 20
227.468084638155
 30
0.0
 10
-159.9083741778773
 20
227.4380022275614
 30
0.0
 10
-159.7863423861284
 20
227.4224951015325
 30
0.0
 10
-159.7018521080786
 20
227.4204661266324
 30
0.0
 10
-159.6582577132477
 20
227.4194192377484
 30
0.0
  0
SPLINE
  5
15A
330
1F
100
AcDbEntity
  8
0
  6
Continuous
 62
     7
370
    25
100
AcDbSpline
210
0.0
220
0.0
230
1.0
 70
     8
 71
     3
 72
    15
 73
    11
 74
     0
 42
0.00000001
 43
0.00000001
 40
0.0
 40
0.0
 40
0.0
 40
0.0
 40
0.2464510851525012
 40
0.4435242571237337
 40
0.5989898020138451
 40
0.7220717900939848
 40
0.8152432328491956
 40
0.8851077579497778
 40
0.9422803198143292
 40
1.0
 40
1.0
 40
1.0
 40
1.0
 10
-161.6183303085291
 20
232.1362976406522
 30
0.0
 10
-161.5342483340314
 20
232.1356356900103
 30
0.0
 10
-161.3829306993229
 20
232.1344444144007
 30
0.0
 10
-161.1784735246866
 20
232.1256451543431
 30
0.0
 10
-161.0175880823542
 20
232.104603886714
 30
0.0
 10
-160.8921966360174
 20
232.0823485535801
 30
0.0
 10
-160.8005662416463
 20
232.0482633300952
 30
0.0
 10
-160.7353032333972
 20
232.0072942859309
 30
0.0
 10
-160.7034162543586
 20
231.9500729143781
 30
0.0
 10
-160.6987263531984
 20
231.910945457437
 30
0.0
 10
-160.6963702359338
 20
231.891288566242
 30
0.0
  0
SPLINE
  5
15B
330
1F
100
AcDbEntity
  8
0
  6
Continuous
 62
     7
370
    25
100
AcDbSpline
210
0.0
220
0.0
230
1.0
 70
     8
 71
     3
 72
    15
 73
    11
 74
     0
 42
0.00000001
 43
0.00000001
 40
0.0
 40
0.0
 40
0.0
 40
0.0
 40
0.058227244368946
 40
0.1177582453412879
 40
0.1882371316183132
 40
0.2822278874240219
 40
0.4028909742898713
 40
0.559723622082595
 40
0.7549582164466875
 40
1.0
 40
1.0
 40
1.0
 40
1.0
 10
-162.5330308529937
 20
231.891288566242
 30
0.0
 10
-162.5309394718454
 20
231.9111115433497
 30
0.0
 10
-162.5267098817794
 20
231.9512013505686
 30
0.0
 10
-162.4897750722365
 20
232.006179606129
 30
0.0
 10
-162.4256940475709
 20
232.0485895480905
 30
0.0
 10
-162.3344689325982
 20
232.081668726582
 30
0.0
 10
-162.2107938658991
 20
232.105198358791
 30
0.0
 10
-162.0520667699497
 20
232.1252970973325
 30
0.0
 10
-161.850128112212
 20
232.1345662577475
 30
0.0
 10
-161.7012117356261
 20
232.1356785688417
 30
0.0
 10
-161.6183303085291
 20
232.1362976406522
 30
0.0
  0
SPLINE
  5
15D
330
1F
100
AcDbEntity
  8
0
  6
Continuous
 62
     7
370
    25
100
AcDbSpline
210
0.0
220
0.0
230
1.0
 70
     8
 71
     3
 72
    23
 73
    19
 74
     0
 42
0.00000001
 43
0.00000001
 40
0.0
 40
0.0
 40
0.0
 40
0.0
 40
0.0832892227230285
 40
0.160783963520024
 40
0.232172047779872
 40
0.2987475154888147
 40
0.3613132404199105
 40
0.4208227729537951
 40
0.4787184911657822
 40
0.534498305123841
 40
0.5896765596562544
 40
0.6450349107272504
 40
0.7011099522036712
 40
0.7586526568232176
 40
0.8173438708065398
 40
0.8772534851145565
 40
0.9380247615940308
 40
1.0
 40
1.0
 40
1.0
 40
1.0
 10
-160.2063520871134
 20
226.0782214156069
 30
0.0
 10
-160.3105083507156
 20
226.0800228875582
 30
0.0
 10
-160.5115746632573
 20
226.0835005019607
 30
0.0
 10
-160.8002512121166
 20
226.1180371158941
 30
0.0
 10
-161.0640545908285
 20
226.1749145625059
 30
0.0
 10
-161.3012949249989
 20
226.2576253096183
 30
0.0
 10
-161.5152312013183
 20
226.3577539666001
 30
0.0
 10
-161.7080987014787
 20
226.4745012286868
 30
0.0
 10
-161.8789462365318
 20
226.6084473089498
 30
0.0
 10
-162.0273386823672
 20
226.7592452492603
 30
0.0
 10
-162.1556872082072
 20
226.9234915227055
 30
0.0
 10
-162.2622298889068
 20
227.1028954418209
 30
0.0
 10
-162.3531546475718
 20
227.2940989500071
 30
0.0
 10
-162.4181541320376
 20
227.4999952106858
 30
0.0
 10
-162.4681688933172
 20
227.7145001677357
 30
0.0
 10
-162.5071024526227
 20
227.9354918340913
 30
0.0
 10
-162.5287989419724
 20
228.1630813008165
 30
0.0
 10
-162.5316110218705
 20
228.3165326494753
 30
0.0
 10
-162.5330308529937
 20
228.394010889291
 30
0.0
  0
SPLINE
  5
15E
330
1F
100
AcDbEntity
  8
0
  6
Continuous
 62
     7
370
    25
100
AcDbSpline
210
0.0
220
0.0
230
1.0
 70
     8
 71
     3
 72
    15
 73
    11
 74
     0
 42
0.00000001
 43
0.00000001
 40
0.0
 40
0.0
 40
0.0
 40
0.0
 40
0.0578648785297715
 40
0.1167310006340406
 40
0.1875115134174978
 40
0.2815744791438496
 40
0.4061507984575486
 40
0.562240330584897
 40
0.7582603008098596
 40
1.0
 40
1.0
 40
1.0
 40
1.0
 10
-217.3421052631571
 20
240.1871143375665
 30
0.0
 10
-217.3445134502894
 20
240.1674450792077
 30
0.0
 10
-217.3493714937316
 20
240.1277662227357
 30
0.0
 10
-217.3811318922549
 20
240.0701174843775
 30
0.0
 10
-217.4434533667402
 20
240.0233196979754
 30
0.0
 10
-217.5367148140182
 20
239.9898624932516
 30
0.0
 10
-217.6606227332513
 20
239.959016395855
 30
0.0
 10
-217.8219735264965
 20
239.9393764455247
 30
0.0
 10
-218.0236024423693
 20
239.9242094417722
 30
0.0
 10
-218.1726718169718
 20
239.9240464501072
 30
0.0
 10
-218.254990925589
 20
239.9239564428296
 30
0.0
  0
SPLINE
  5
160
330
1F
100
AcDbEntity
  8
0
  6
Continuous
 62
     7
370
    25
100
AcDbSpline
210
0.0
220
0.0
230
1.0
 70
     8
 71
     3
 72
    15
 73
    11
 74
     0
 42
0.00000001
 43
0.00000001
 40
0.0
 40
0.0
 40
0.0
 40
0.0
 40
0.1302752059941529
 40
0.2546574691955583
 40
0.3758264795973572
 40
0.49350090957077
 40
0.6127328413887114
 40
0.7364416170159657
 40
0.8652388349544315
 40
1.0
 40
1.0
 40
1.0
 40
1.0
 10
-215.4618874773132
 20
242.4103448275847
 30
0.0
 10
-215.551576564753
 20
242.4119466151144
 30
0.0
 10
-215.7268976924195
 20
242.4150777340053
 30
0.0
 10
-215.9830179947013
 20
242.4540073898569
 30
0.0
 10
-216.2268944210419
 20
242.510031075572
 30
0.0
 10
-216.4587321222363
 20
242.5946067820533
 30
0.0
 10
-216.6843117082842
 20
242.6985303378374
 30
0.0
 10
-216.9051733615626
 20
242.827803033712
 30
0.0
 10
-217.1284805333227
 20
242.9735569584861
 30
0.0
 10
-217.2698308352074
 20
243.0872428374004
 30
0.0
 10
-217.3421052631571
 20
243.1453720508152
 30
0.0
  0
SPLINE
  5
161
330
1F
100
AcDbEntity
  8
0
  6
Continuous
 62
     7
370
    25
100
AcDbSpline
210
0.0
220
0.0
230
1.0
 70
     8
 71
     3
 72
    23
 73
    19
 74
     0
 42
0.00000001
 43
0.00000001
 40
0.0
 40
0.0
 40
0.0
 40
0.0
 40
0.0733423178666148
 40
0.1436695843988069
 40
0.2105493172879858
 40
0.2748443570059723
 40
0.3369296809960495
 40
0.3964465018159622
 40
0.4541512291667825
 40
0.5109288481890077
 40
0.567286737791224
 40
0.623708537324691
 40
0.680772929497549
 40
0.7394599820352049
 40
0.8003315254143134
 40
0.8637044350582588
 40
0.9300111572000781
 40
1.0
 40
1.0
 40
1.0
 40
1.0
 10
-212.6070780399266
 20
245.5646098003615
 30
0.0
 10
-212.6087331912856
 20
245.4465318781374
 30
0.0
 10
-212.6119754518902
 20
245.2152301343956
 30
0.0
 10
-212.6500399312381
 20
244.8781206693757
 30
0.0
 10
-212.7066025352311
 20
244.558509213465
 30
0.0
 10
-212.7892642610224
 20
244.2583517450587
 30
0.0
 10
-212.8903815147109
 20
243.9762228429109
 30
0.0
 10
-213.0200468862196
 20
243.7179456514489
 30
0.0
 10
-213.1639750541562
 20
243.4772430469939
 30
0.0
 10
-213.3343619046699
 20
243.2605859241909
 30
0.0
 10
-213.5254565905574
 20
243.0651080121106
 30
0.0
 10
-213.7389081488573
 20
242.893213330485
 30
0.0
 10
-213.9754112287082
 20
242.747713492823
 30
0.0
 10
-214.2325722715434
 20
242.6252790432562
 30
0.0
 10
-214.5116554764405
 20
242.5300135026898
 30
0.0
 10
-214.8102546469035
 20
242.4579702264896
 30
0.0
 10
-215.129960684639
 20
242.419305582828
 30
0.0
 10
-215.3492702787189
 20
242.4133850616817
 30
0.0
 10
-215.4618874773132
 20
242.4103448275847
 30
0.0
  0
SPLINE
  5
162
330
1F
100
AcDbEntity
  8
0
  6
Continuous
 62
     7
370
    25
100
AcDbSpline
210
0.0
220
0.0
230
1.0
 70
     8
 71
     3
 72
    15
 73
    11
 74
     0
 42
0.00000001
 43
0.00000001
 40
0.0
 40
0.0
 40
0.0
 40
0.0
 40
0.1315886897797604
 40
0.258716784782993
 40
0.3824513538358786
 40
0.5034377136272052
 40
0.6230594779414227
 40
0.7450933764792739
 40
0.8702991294874987
 40
1.0
 40
1.0
 40
1.0
 40
1.0
 10
-217.6125226860246
 20
247.6172413793088
 30
0.0
 10
-217.5283012872989
 20
247.6899768141634
 30
0.0
 10
-217.3627134276985
 20
247.8329820973446
 30
0.0
 10
-217.0994500358694
 20
248.0212372294295
 30
0.0
 10
-216.8329062626888
 20
248.1883289666289
 30
0.0
 10
-216.5575176334248
 20
248.3272129458133
 30
0.0
 10
-216.2712556524688
 20
248.4386087059916
 30
0.0
 10
-215.9702949346669
 20
248.5157113375893
 30
0.0
 10
-215.6546344666097
 20
248.5643850251471
 30
0.0
 10
-215.4390792747657
 20
248.5705482538488
 30
0.0
 10
-215.3294010889285
 20
248.5736842105248
 30
0.0
  0
SPLINE
  5
164
330
1F
100
AcDbEntity
  8
0
  6
Continuous
 62
     7
370
    25
100
AcDbSpline
210
0.0
220
0.0
230
1.0
 70
     8
 71
     3
 72
    15
 73
    11
 74
     0
 42
0.00000001
 43
0.00000001
 40
0.0
 40
0.0
 40
0.0
 40
0.0
 40
0.2363403714200461
 40
0.4243468838224147
 40
0.5731625080692911
 40
0.6936698781452342
 40
0.7886176431995754
 40
0.8633741316865009
 40
0.9302688644953703
 40
1.0
 40
1.0
 40
1.0
 40
1.0
 10
-218.4019963702352
 20
248.46842105263
 30
0.0
 10
-218.3312379175817
 20
248.4672882807942
 30
0.0
 10
-218.2041917903915
 20
248.4652543997618
 30
0.0
 10
-218.0323047434925
 20
248.4614994430368
 30
0.0
 10
-217.8965472670458
 20
248.442331220659
 30
0.0
 10
-217.7894806098888
 20
248.4192587464373
 30
0.0
 10
-217.7091480003067
 20
248.3850956412592
 30
0.0
 10
-217.650437879746
 20
248.342871408801
 30
0.0
 10
-217.6192184809505
 20
248.2852224643933
 30
0.0
 10
-217.6147852958448
 20
248.244298671219
 30
0.0
 10
-217.6125226860246
 20
248.2234119782198
 30
0.0
  0
SPLINE
  5
165
330
1F
100
AcDbEntity
  8
0
  6
Continuous
 62
     7
370
    25
100
AcDbSpline
210
0.0
220
0.0
230
1.0
 70
     8
 71
     3
 72
    15
 73
    11
 74
     0
 42
0.00000001
 43
0.00000001
 40
0.0
 40
0.0
 40
0.0
 40
0.0
 40
0.0708493270419435
 40
0.1381608447638355
 40
0.2112833565614327
 40
0.3063198158844678
 40
0.4273253948113034
 40
0.5812727255713066
 40
0.7711218973256285
 40
1.0
 40
1.0
 40
1.0
 40
1.0
 10
-219.1696914700537
 20
248.2234119782198
 30
0.0
 10
-219.1680594902334
 20
248.244275431301
 30
0.0
 10
-219.1648770223113
 20
248.2849605361953
 30
0.0
 10
-219.1357107781723
 20
248.3420355365863
 30
0.0
 10
-219.080440970624
 20
248.3858200213268
 30
0.0
 10
-219.0017222223737
 20
248.4190957793025
 30
0.0
 10
-218.8954713257006
 20
248.4427972466373
 30
0.0
 10
-218.7601371406969
 20
248.4611905230351
 30
0.0
 10
-218.5919563536755
 20
248.4652602284411
 30
0.0
 10
-218.469132441261
 20
248.4673039472618
 30
0.0
 10
-218.4019963702352
 20
248.46842105263
 30
0.0
  0
SPLINE
  5
167
330
1F
100
AcDbEntity
  8
0
  6
Continuous
 62
     7
370
    25
100
AcDbSpline
210
0.0
220
0.0
230
1.0
 70
     8
 71
     3
 72
    15
 73
    11
 74
     0
 42
0.00000001
 43
0.00000001
 40
0.0
 40
0.0
 40
0.0
 40
0.0
 40
0.2435781302418651
 40
0.4378744297962162
 40
0.5940032644032536
 40
0.715164672384654
 40
0.8092513226448088
 40
0.881442110273754
 40
0.9421205514142988
 40
1.0
 40
1.0
 40
1.0
 40
1.0
 10
-218.254990925589
 20
239.9239564428296
 30
0.0
 10
-218.3379234825428
 20
239.9239853557092
 30
0.0
 10
-218.4870093058537
 20
239.9240373316835
 30
0.0
 10
-218.6885569747652
 20
239.9396401520729
 30
0.0
 10
-218.8483254662422
 20
239.958429790917
 30
0.0
 10
-218.970656967856
 20
239.990382034202
 30
0.0
 10
-219.063457330607
 20
240.0236486002029
 30
0.0
 10
-219.1262077870979
 20
240.0705984967595
 30
0.0
 10
-219.1631103597133
 20
240.1267220551204
 30
0.0
 10
-219.1675325674017
 20
240.1673029300705
 30
0.0
 10
-219.1696914700536
 20
240.1871143375665
 30
0.0
  0
SPLINE
  5
168
330
1F
100
AcDbEntity
  8
0
  6
Continuous
 62
     7
370
    25
100
AcDbSpline
210
0.0
220
0.0
230
1.0
 70
     8
 71
     3
 72
    15
 73
    11
 74
     0
 42
0.00000001
 43
0.00000001
 40
0.0
 40
0.0
 40
0.0
 40
0.0
 40
0.0582641969898541
 40
0.114429350199015
 40
0.1845887340600915
 40
0.2780070611862262
 40
0.4026233819323559
 40
0.5593411368702601
 40
0.7565920846678045
 40
1.0
 40
1.0
 40
1.0
 40
1.0
 10
-235.0205081669684
 20
242.7606170598894
 30
0.0
 10
-235.0227191968812
 20
242.7408489107294
 30
0.0
 10
-235.027061601467
 20
242.702024785797
 30
0.0
 10
-235.0605490843552
 20
242.6470388169556
 30
0.0
 10
-235.1217558407471
 20
242.6020979845761
 30
0.0
 10
-235.215624381494
 20
242.5731061499814
 30
0.0
 10
-235.339215472173
 20
242.545418883403
 30
0.0
 10
-235.5006004083714
 20
242.5300032589016
 30
0.0
 10
-235.7020498107342
 20
242.5162115442673
 30
0.0
 10
-235.8510758933726
 20
242.5158227466561
 30
0.0
 10
-235.9333938294003
 20
242.5156079854793
 30
0.0
  0
SPLINE
  5
16A
330
1F
100
AcDbEntity
  8
0
  6
Continuous
 62
     7
370
    25
100
AcDbSpline
210
0.0
220
0.0
230
1.0
 70
     8
 71
     3
 72
    15
 73
    11
 74
     0
 42
0.00000001
 43
0.00000001
 40
0.0
 40
0.0
 40
0.0
 40
0.0
 40
0.1019324871692132
 40
0.2064195358985055
 40
0.3158469698734991
 40
0.4312026077340873
 40
0.5567852716263341
 40
0.6928397742346696
 40
0.8406402268499598
 40
1.0
 40
1.0
 40
1.0
 40
1.0
 10
-233.5558983666054
 20
247.2306715063504
 30
0.0
 10
-233.6148694357817
 20
247.2285591245292
 30
0.0
 10
-233.7342894663221
 20
247.2242814218332
 30
0.0
 10
-233.911559710562
 20
247.1777839657661
 30
0.0
 10
-234.0911932987255
 20
247.1145606371523
 30
0.0
 10
-234.2684235117377
 20
247.0156534802003
 30
0.0
 10
-234.4498207590788
 20
246.8954063347327
 30
0.0
 10
-234.6372768234233
 20
246.7511354342874
 30
0.0
 10
-234.8293871528037
 20
246.5819355523472
 30
0.0
 10
-234.9552226453781
 20
246.4570096292533
 30
0.0
 10
-235.0205081669684
 20
246.3921960072579
 30
0.0
  0
SPLINE
  5
16B
330
1F
100
AcDbEntity
  8
0
  6
Continuous
 62
     7
370
    25
100
AcDbSpline
210
0.0
220
0.0
230
1.0
 70
     8
 71
     3
 72
    19
 73
    15
 74
     0
 42
0.00000001
 43
0.00000001
 40
0.0
 40
0.0
 40
0.0
 40
0.0
 40
0.0993985289038339
 40
0.1864720581922661
 40
0.2623224740226646
 40
0.3257398901840007
 40
0.4374670324066166
 40
0.543014306537737
 40
0.6469119740904524
 40
0.7547471197966737
 40
0.8116626673272603
 40
0.8713890893191363
 40
0.9336906441778877
 40
1.0
 40
1.0
 40
1.0
 40
1.0
 10
-232.459709618874
 20
245.8477313974575
 30
0.0
 10
-232.4600848401467
 20
245.9149147001597
 30
0.0
 10
-232.4607887568322
 20
246.0409508585332
 30
0.0
 10
-232.4741767008365
 20
246.2177689823098
 30
0.0
 10
-232.4920224209397
 20
246.3698134267517
 30
0.0
 10
-232.5300669403762
 20
246.5354519659531
 30
0.0
 10
-232.6007395536135
 20
246.7125321688577
 30
0.0
 10
-232.7164560990901
 20
246.8983753772182
 30
0.0
 10
-232.8762958348199
 20
247.0448249932911
 30
0.0
 10
-233.0360603168538
 20
247.1344264867894
 30
0.0
 10
-233.1796314307049
 20
247.1843221398329
 30
0.0
 10
-233.2977480336562
 20
247.2110319646887
 30
0.0
 10
-233.4241397371315
 20
247.2278392788136
 30
0.0
 10
-233.5110757834992
 20
247.2297080191416
 30
0.0
 10
-233.5558983666054
 20
247.2306715063504
 30
0.0
  0
SPLINE
  5
16D
330
1F
100
AcDbEntity
  8
0
  6
Continuous
 62
     7
370
    25
100
AcDbSpline
210
0.0
220
0.0
230
1.0
 70
     8
 71
     3
 72
    15
 73
    11
 74
     0
 42
0.00000001
 43
0.00000001
 40
0.0
 40
0.0
 40
0.0
 40
0.0
 40
0.2420339688154909
 40
0.436395664766931
 40
0.5922288066748569
 40
0.716141714963836
 40
0.8107050552061613
 40
0.8833152458508168
 40
0.9420646825800381
 40
1.0
 40
1.0
 40
1.0
 40
1.0
 10
-231.5377495462787
 20
242.5156079854793
 30
0.0
 10
-231.620070911006
 20
242.5157980904625
 30
0.0
 10
-231.7684991951039
 20
242.5161408563598
 30
0.0
 10
-231.9693116821929
 20
242.5301037450783
 30
0.0
 10
-232.1301584844792
 20
242.545368230156
 30
0.0
 10
-232.2541401932527
 20
242.5733514359251
 30
0.0
 10
-232.3498966375476
 20
242.6024372648149
 30
0.0
 10
-232.4129315947717
 20
242.6476122785604
 30
0.0
 10
-232.4541384622824
 20
242.7003441575066
 30
0.0
 10
-232.4578612246852
 20
242.7406197611827
 30
0.0
 10
-232.459709618874
 20
242.7606170598894
 30
0.0
  0
SPLINE
  5
16E
330
1F
100
AcDbEntity
  8
0
  6
Continuous
 62
     7
370
    25
100
AcDbSpline
210
0.0
220
0.0
230
1.0
 70
     8
 71
     3
 72
    15
 73
    11
 74
     0
 42
0.00000001
 43
0.00000001
 40
0.0
 40
0.0
 40
0.0
 40
0.0
 40
0.0581640228929079
 40
0.1142326109077865
 40
0.1842713691825937
 40
0.2775290814364386
 40
0.403676288966207
 40
0.5636747341161913
 40
0.7623694666144527
 40
1.0
 40
1.0
 40
1.0
 40
1.0
 10
-230.6230490018141
 20
242.7606170598895
 30
0.0
 10
-230.6252600768357
 20
242.7408490887535
 30
0.0
 10
-230.6296025700139
 20
242.7020253134557
 30
0.0
 10
-230.663089353795
 20
242.6470365855513
 30
0.0
 10
-230.7242997869514
 20
242.6021102637173
 30
0.0
 10
-230.8187163439695
 20
242.5728582004666
 30
0.0
 10
-230.9441927912711
 20
242.5453480958153
 30
0.0
 10
-231.1079947682081
 20
242.5301414564605
 30
0.0
 10
-231.3094359708157
 20
242.5163411552635
 30
0.0
 10
-231.4572483075101
 20
242.5158664943119
 30
0.0
 10
-231.5377495462787
 20
242.5156079854793
 30
0.0
  0
SPLINE
  5
170
330
1F
100
AcDbEntity
  8
0
  6
Continuous
 62
     7
370
    25
100
AcDbSpline
210
0.0
220
0.0
230
1.0
 70
     8
 71
     3
 72
    23
 73
    19
 74
     0
 42
0.00000001
 43
0.00000001
 40
0.0
 40
0.0
 40
0.0
 40
0.0
 40
0.0817048518427997
 40
0.1569882881471963
 40
0.2269014781871446
 40
0.2911681915195304
 40
0.3519182255979988
 40
0.4095098547555523
 40
0.4647532336434249
 40
0.5189271854170173
 40
0.572160613738882
 40
0.6255065968691387
 40
0.6788584973590228
 40
0.7332650396194444
 40
0.7912390996071967
 40
0.8547547846044611
 40
0.9242831077029057
 40
1.0
 40
1.0
 40
1.0
 40
1.0
 10
-233.0150635208704
 20
248.5736842105247
 30
0.0
 10
-232.9072818951628
 20
248.5719179019097
 30
0.0
 10
-232.7001895067437
 20
248.5685241038726
 30
0.0
 10
-232.4024493254667
 20
248.5337891927869
 30
0.0
 10
-232.1318106959521
 20
248.4767445255383
 30
0.0
 10
-231.8866721799595
 20
248.3970580674813
 30
0.0
 10
-231.6688702285761
 20
248.2934489575381
 30
0.0
 10
-231.4701969319078
 20
248.1787664429659
 30
0.0
 10
-231.2966039239654
 20
248.0421813730853
 30
0.0
 10
-231.1432439397217
 20
247.8915916529237
 30
0.0
 10
-231.0115457358771
 20
247.7247438801172
 30
0.0
 10
-230.9011259386194
 20
247.5445769167801
 30
0.0
 10
-230.8093804113395
 20
247.3525035549066
 30
0.0
 10
-230.7377784981377
 20
247.1455492905166
 30
0.0
 10
-230.6852348054446
 20
246.9192097543792
 30
0.0
 10
-230.6510247164854
 20
246.6694811644304
 30
0.0
 10
-230.6260325274351
 20
246.3951151737602
 30
0.0
 10
-230.6240713639308
 20
246.2035128146131
 30
0.0
 10
-230.6230490018141
 20
246.1036297640637
 30
0.0
  0
SPLINE
  5
171
330
1F
100
AcDbEntity
  8
0
  6
Continuous
 62
     7
370
    25
100
AcDbSpline
210
0.0
220
0.0
230
1.0
 70
     8
 71
     3
 72
    15
 73
    11
 74
     0
 42
0.00000001
 43
0.00000001
 40
0.0
 40
0.0
 40
0.0
 40
0.0
 40
0.1413730382157714
 40
0.2753289625824211
 40
0.4041177549520918
 40
0.5270001613282315
 40
0.6462955284338597
 40
0.764586977391486
 40
0.8818945870178293
 40
1.0
 40
1.0
 40
1.0
 40
1.0
 10
-235.2764065335746
 20
247.593647912884
 30
0.0
 10
-235.1869089050091
 20
247.6720177829621
 30
0.0
 10
-235.012609126653
 20
247.8246458604134
 30
0.0
 10
-234.7359606967733
 20
248.0229501651766
 30
0.0
 10
-234.4590040540353
 20
248.1922734276295
 30
0.0
 10
-234.1795628715192
 20
248.331953602495
 30
0.0
 10
-233.8959596089038
 20
248.440919169559
 30
0.0
 10
-233.6066504156286
 20
248.5157939996386
 30
0.0
 10
-233.312664344399
 20
248.5664573337051
 30
0.0
 10
-233.1144876657752
 20
248.5712698151625
 30
0.0
 10
-233.0150635208704
 20
248.5736842105247
 30
0.0
  0
SPLINE
  5
173
330
1F
100
AcDbEntity
  8
0
  6
Continuous
 62
     7
370
    25
100
AcDbSpline
210
0.0
220
0.0
230
1.0
 70
     8
 71
     3
 72
    15
 73
    11
 74
     0
 42
0.00000001
 43
0.00000001
 40
0.0
 40
0.0
 40
0.0
 40
0.0
 40
0.2426927458849966
 40
0.4371987675607617
 40
0.588482730508984
 40
0.7071715614576028
 40
0.7985498685585645
 40
0.870272391753382
 40
0.9345057786638097
 40
1.0
 40
1.0
 40
1.0
 40
1.0
 10
-236.0658802177851
 20
248.4684210526299
 30
0.0
 10
-235.9932910512984
 20
248.4677493034707
 30
0.0
 10
-235.8625253211134
 20
248.466539181168
 30
0.0
 10
-235.6864305717229
 20
248.457857844767
 30
0.0
 10
-235.5490073662289
 20
248.4369188004507
 30
0.0
 10
-235.4429521333377
 20
248.4141878021018
 30
0.0
 10
-235.3652044827529
 20
248.3799060351467
 30
0.0
 10
-235.3110280003598
 20
248.3368512839634
 30
0.0
 10
-235.2814466727091
 20
248.2820445071783
 30
0.0
 10
-235.2780974304827
 20
248.2430823800253
 30
0.0
 10
-235.2764065335746
 20
248.2234119782197
 30
0.0
  0
SPLINE
  5
174
330
1F
100
AcDbEntity
  8
0
  6
Continuous
 62
     7
370
    25
100
AcDbSpline
210
0.0
220
0.0
230
1.0
 70
     8
 71
     3
 72
    15
 73
    11
 74
     0
 42
0.00000001
 43
0.00000001
 40
0.0
 40
0.0
 40
0.0
 40
0.0
 40
0.0660879878175199
 40
0.1309037105638645
 40
0.204841616787763
 40
0.3007664210863497
 40
0.4225138459409856
 40
0.5771879452830471
 40
0.7673481763295592
 40
1.0
 40
1.0
 40
1.0
 40
1.0
 10
-236.8480943738649
 20
248.2234119782197
 30
0.0
 10
-236.8463900333753
 20
248.24306793473
 30
0.0
 10
-236.8430141627892
 20
248.28200144938
 30
0.0
 10
-236.8134110075425
 20
248.3374514996335
 30
0.0
 10
-236.7567654795833
 20
248.3802269724913
 30
0.0
 10
-236.6764788398207
 20
248.4136979129383
 30
0.0
 10
-236.5682537234292
 20
248.4370219432174
 30
0.0
 10
-236.4313580652362
 20
248.4573641349254
 30
0.0
 10
-236.2601837551592
 20
248.4666016557204
 30
0.0
 10
-236.1348467524886
 20
248.4677752717976
 30
0.0
 10
-236.0658802177851
 20
248.4684210526299
 30
0.0
  0
SPLINE
  5
176
330
1F
100
AcDbEntity
  8
0
  6
Continuous
 62
     7
370
    25
100
AcDbSpline
210
0.0
220
0.0
230
1.0
 70
     8
 71
     3
 72
    15
 73
    11
 74
     0
 42
0.00000001
 43
0.00000001
 40
0.0
 40
0.0
 40
0.0
 40
0.0
 40
0.2452363909791374
 40
0.440732581007292
 40
0.5974753248590938
 40
0.718618296306266
 40
0.8120515191443379
 40
0.8836457565421283
 40
0.9417265126843466
 40
1.0
 40
1.0
 40
1.0
 40
1.0
 10
-235.9333938294003
 20
242.5156079854793
 30
0.0
 10
-236.0163238619901
 20
242.5157681308103
 30
0.0
 10
-236.165363599365
 20
242.5160559399107
 30
0.0
 10
-236.3667457460615
 20
242.5302354370351
 30
0.0
 10
-236.5265066803612
 20
242.5449025081652
 30
0.0
 10
-236.6485817048206
 20
242.5735648272187
 30
0.0
 10
-236.7419945555921
 20
242.6023919113707
 30
0.0
 10
-236.8035936100138
 20
242.6475995983996
 30
0.0
 10
-236.8422314627716
 20
242.7009044212561
 30
0.0
 10
-236.8461379132632
 20
242.7406908793535
 30
0.0
 10
-236.8480943738649
 20
242.7606170598894
 30
0.0
  0
SPLINE
  5
177
330
1F
100
AcDbEntity
  8
0
  6
Continuous
 62
     7
370
    25
100
AcDbSpline
210
0.0
220
0.0
230
1.0
 70
     8
 71
     3
 72
    15
 73
    11
 74
     0
 42
0.00000001
 43
0.00000001
 40
0.0
 40
0.0
 40
0.0
 40
0.0
 40
0.1379054511768495
 40
0.27022654605505
 40
0.3968366633859144
 40
0.5194132197735882
 40
0.6395877216510566
 40
0.7597393069566397
 40
0.8787220803368861
 40
1.0
 40
1.0
 40
1.0
 40
1.0
 10
-241.3424682395637
 20
243.188929219599
 30
0.0
 10
-241.4215025453825
 20
243.1267298271328
 30
0.0
 10
-241.5763707344138
 20
243.0048497502436
 30
0.0
 10
-241.8176794723197
 20
242.8444447547068
 30
0.0
 10
-242.0624165270282
 20
242.7115634993951
 30
0.0
 10
-242.3085603913726
 20
242.6016971108054
 30
0.0
 10
-242.5589260589145
 20
242.5145931350964
 30
0.0
 10
-242.8146583968516
 20
242.4561557774319
 30
0.0
 10
-243.0751293046477
 20
242.4177236661725
 30
0.0
 10
-243.2503773858309
 20
242.4128200547443
 30
0.0
 10
-243.3388384754983
 20
242.4103448275845
 30
0.0
  0
SPLINE
  5
179
330
1F
100
AcDbEntity
  8
0
  6
Continuous
 62
     7
370
    25
100
AcDbSpline
210
0.0
220
0.0
230
1.0
 70
     8
 71
     3
 72
    15
 73
    11
 74
     0
 42
0.00000001
 43
0.00000001
 40
0.0
 40
0.0
 40
0.0
 40
0.0
 40
0.2403474126626184
 40
0.4352384166293135
 40
0.5904289596646916
 40
0.7142877885057597
 40
0.8094473837366731
 40
0.8812043244868264
 40
0.9424683910617114
 40
1.0
 40
1.0
 40
1.0
 40
1.0
 10
-240.4205081669684
 20
239.9058076225028
 30
0.0
 10
-240.5028319851581
 20
239.9058919875797
 30
0.0
 10
-240.6519098881939
 20
239.9060447619409
 30
0.0
 10
-240.8534875214922
 20
239.9212732036642
 30
0.0
 10
-241.0149784016943
 20
239.9407453258688
 30
0.0
 10
-241.1390592304516
 20
239.9721727065825
 30
0.0
 10
-241.2342316600666
 20
240.0049166211418
 30
0.0
 10
-241.2968387613204
 20
240.0530455027111
 30
0.0
 10
-241.3362164191209
 20
240.1080010618038
 30
0.0
 10
-241.3404284118082
 20
240.1490741928755
 30
0.0
 10
-241.3424682395636
 20
240.1689655172397
 30
0.0
  0
SPLINE
  5
17A
330
1F
100
AcDbEntity
  8
0
  6
Continuous
 62
     7
370
    25
100
AcDbSpline
210
0.0
220
0.0
230
1.0
 70
     8
 71
     3
 72
    15
 73
    11
 74
     0
 42
0.00000001
 43
0.00000001
 40
0.0
 40
0.0
 40
0.0
 40
0.0
 40
0.0575013082228178
 40
0.1177833225087159
 40
0.190902315516201
 40
0.2843742750537988
 40
0.4098820071280592
 40
0.5649908144954136
 40
0.7597791733776544
 40
1.0
 40
1.0
 40
1.0
 40
1.0
 10
-239.4985480943731
 20
240.1689655172397
 30
0.0
 10
-239.5007188999079
 20
240.1491703673638
 30
0.0
 10
-239.5051654889737
 20
240.1086227938564
 30
0.0
 10
-239.5421373402384
 20
240.0518069494886
 30
0.0
 10
-239.6065141005212
 20
240.0061916790813
 30
0.0
 10
-239.7008450214712
 20
239.9711427579805
 30
0.0
 10
-239.8256505203887
 20
239.9412695152792
 30
0.0
 10
-239.9874557379717
 20
239.9211048767706
 30
0.0
 10
-240.1891318727705
 20
239.9061033330456
 30
0.0
 10
-240.3381933947355
 20
239.9059128249224
 30
0.0
 10
-240.4205081669683
 20
239.9058076225028
 30
0.0
  0
SPLINE
  5
17C
330
1F
100
AcDbEntity
  8
0
  6
Continuous
 62
     7
370
    25
100
AcDbSpline
210
0.0
220
0.0
230
1.0
 70
     8
 71
     3
 72
    15
 73
    11
 74
     0
 42
0.00000001
 43
0.00000001
 40
0.0
 40
0.0
 40
0.0
 40
0.0
 40
0.2416320027907889
 40
0.4373390089272333
 40
0.5931262044774521
 40
0.7182033752071486
 40
0.8115675851512917
 40
0.8830267354863418
 40
0.942160900599952
 40
1.0
 40
1.0
 40
1.0
 40
1.0
 10
-240.4205081669684
 20
248.4684210526299
 30
0.0
 10
-240.3382406181956
 20
248.4677437963937
 30
0.0
 10
-240.1893414333542
 20
248.4665180044139
 30
0.0
 10
-239.9873072852488
 20
248.4577559974202
 30
0.0
 10
-239.8264513411554
 20
248.4364393286724
 30
0.0
 10
-239.7004272808629
 20
248.4148178125089
 30
0.0
 10
-239.6075691423381
 20
248.3800326633909
 30
0.0
 10
-239.5419466472512
 20
248.3389437147273
 30
0.0
 10
-239.5049012629116
 20
248.283276727429
 30
0.0
 10
-239.5006501284534
 20
248.2432190622414
 30
0.0
 10
-239.4985480943731
 20
248.2234119782197
 30
0.0
  0
SPLINE
  5
17D
330
1F
100
AcDbEntity
  8
0
  6
Continuous
 62
     7
370
    25
100
AcDbSpline
210
0.0
220
0.0
230
1.0
 70
     8
 71
     3
 72
    15
 73
    11
 74
     0
 42
0.00000001
 43
0.00000001
 40
0.0
 40
0.0
 40
0.0
 40
0.0
 40
0.0578710932686071
 40
0.1180177507796767
 40
0.1880655479132981
 40
0.2831408432516273
 40
0.4065457060117724
 40
0.5624190757090669
 40
0.7582343377536187
 40
1.0
 40
1.0
 40
1.0
 40
1.0
 10
-241.3424682395637
 20
248.2234119782197
 30
0.0
 10
-241.3404969180865
 20
248.2433187366337
 30
0.0
 10
-241.33647676029
 20
248.2839150122636
 30
0.0
 10
-241.2970977641599
 20
248.337711115668
 30
0.0
 10
-241.2331079371548
 20
248.3812814925818
 30
0.0
 10
-241.1395240904959
 20
248.413845416386
 30
0.0
 10
-241.0141496120592
 20
248.4369306958303
 30
0.0
 10
-240.8536446780776
 20
248.4576013275013
 30
0.0
 10
-240.6516973314223
 20
248.4665719013108
 30
0.0
 10
-240.5027836984218
 20
248.4677629772055
 30
0.0
 10
-240.4205081669684
 20
248.4684210526299
 30
0.0
  0
SPLINE
  5
17F
330
1F
100
AcDbEntity
  8
0
  6
Continuous
 62
     7
370
    25
100
AcDbSpline
210
0.0
220
0.0
230
1.0
 70
     8
 71
     3
 72
    15
 73
    11
 74
     0
 42
0.00000001
 43
0.00000001
 40
0.0
 40
0.0
 40
0.0
 40
0.0
 40
0.102259758766232
 40
0.2070822809471703
 40
0.3172280446894203
 40
0.4348117000386159
 40
0.560797568445057
 40
0.6964560678516336
 40
0.8423746833105085
 40
0.9999999999999999
 40
0.9999999999999999
 40
0.9999999999999999
 40
0.9999999999999999
 10
-242.7980036297633
 20
243.751542649726
 30
0.0
 10
-242.739053936407
 20
243.7537081224477
 30
0.0
 10
-242.6196771932127
 20
243.758093337472
 30
0.0
 10
-242.4418650876411
 20
243.8038087778558
 30
0.0
 10
-242.2624099837871
 20
243.8709091759046
 30
0.0
 10
-242.082386017975
 20
243.9670541669879
 30
0.0
 10
-241.9008844546862
 20
244.0884613002103
 30
0.0
 10
-241.7151110019666
 20
244.2319137978677
 30
0.0
 10
-241.5282943751526
 20
244.4024224400647
 30
0.0
 10
-241.4059826728118
 20
244.5270934489466
 30
0.0
 10
-241.3424682395637
 20
244.5918330308513
 30
0.0
  0
SPLINE
  5
180
330
1F
100
AcDbEntity
  8
0
  6
Continuous
 62
     7
370
    25
100
AcDbSpline
210
0.0
220
0.0
230
1.0
 70
     8
 71
     3
 72
    19
 73
    15
 74
     0
 42
0.00000001
 43
0.00000001
 40
0.0
 40
0.0
 40
0.0
 40
0.0
 40
0.0946847680196937
 40
0.178744903366136
 40
0.2523805549985004
 40
0.3161833745246623
 40
0.4301116933259548
 40
0.5366551475056116
 40
0.6415882804983768
 40
0.7504283843959462
 40
0.8082927124557967
 40
0.8683424249510039
 40
0.9325852691364157
 40
1.0
 40
1.0
 40
1.0
 40
1.0
 10
-243.8960072595274
 20
245.1054446460963
 30
0.0
 10
-243.8957947287944
 20
245.0424826064804
 30
0.0
 10
-243.8953935155252
 20
244.9236235341897
 30
0.0
 10
-243.8797708020311
 20
244.7564956916591
 30
0.0
 10
-243.8597962924102
 20
244.6104865176687
 30
0.0
 10
-243.819098792455
 20
244.4481805850183
 30
0.0
 10
-243.7484057276679
 20
244.2718116029746
 30
0.0
 10
-243.6307727955935
 20
244.0885461979024
 30
0.0
 10
-243.47669382447
 20
243.9385875201212
 30
0.0
 10
-243.3173761721798
 20
243.8490374993214
 30
0.0
 10
-243.1745342085379
 20
243.8005759104369
 30
0.0
 10
-243.0571443995161
 20
243.7700900140972
 30
0.0
 10
-242.9302960027234
 20
243.7547200790764
 30
0.0
 10
-242.8428037071901
 20
243.7526186685299
 30
0.0
 10
-242.7980036297633
 20
243.751542649726
 30
0.0
  0
SPLINE
  5
182
330
1F
100
AcDbEntity
  8
0
  6
Continuous
 62
     7
370
    25
100
AcDbSpline
210
0.0
220
0.0
230
1.0
 70
     8
 71
     3
 72
    15
 73
    11
 74
     0
 42
0.00000001
 43
0.00000001
 40
0.0
 40
0.0
 40
0.0
 40
0.0
 40
0.2415195096037215
 40
0.4406815993524138
 40
0.5981580861822073
 40
0.721437304825622
 40
0.8131047147934136
 40
0.8830811930713323
 40
0.9421878279297521
 40
1.0
 40
1.0
 40
1.0
 40
1.0
 10
-244.8179673321227
 20
248.4684210526299
 30
0.0
 10
-244.73569814046
 20
248.467727477815
 30
0.0
 10
-244.5855880354053
 20
248.466461966556
 30
0.0
 10
-244.38176242632
 20
248.4577442127297
 30
0.0
 10
-244.2196032758106
 20
248.4367920696577
 30
0.0
 10
-244.094265450047
 20
248.4147953381203
 30
0.0
 10
-244.0029226328
 20
248.3802427100815
 30
0.0
 10
-243.9392523227743
 20
248.338333249841
 30
0.0
 10
-243.9023306555531
 20
248.2833179226877
 30
0.0
 10
-243.8980994429582
 20
248.2432326922651
 30
0.0
 10
-243.8960072595274
 20
248.2234119782197
 30
0.0
  0
SPLINE
  5
183
330
1F
100
AcDbEntity
  8
0
  6
Continuous
 62
     7
370
    25
100
AcDbSpline
210
0.0
220
0.0
230
1.0
 70
     8
 71
     3
 72
    15
 73
    11
 74
     0
 42
0.00000001
 43
0.00000001
 40
0.0
 40
0.0
 40
0.0
 40
0.0
 40
0.0582771791205312
 40
0.118845890290445
 40
0.1893852181308111
 40
0.2834565789023438
 40
0.4059747165864042
 40
0.5647178514940446
 40
0.7619071640881173
 40
1.0
 40
1.0
 40
1.0
 40
1.0
 10
-245.7326678765873
 20
248.2234119782197
 30
0.0
 10
-245.7306959445703
 20
248.2433171520266
 30
0.0
 10
-245.7266745416871
 20
248.2839101961335
 30
0.0
 10
-245.6873057000614
 20
248.3377326547411
 30
0.0
 10
-245.6237368422954
 20
248.380851238917
 30
0.0
 10
-245.5316568846542
 20
248.4140037324006
 30
0.0
 10
-245.4067970952809
 20
248.4372292795766
 30
0.0
 10
-245.2462478797591
 20
248.4574280956253
 30
0.0
 10
-245.0455299060825
 20
248.4665391192866
 30
0.0
 10
-244.8984292141873
 20
248.4677556360981
 30
0.0
 10
-244.8179673321227
 20
248.4684210526299
 30
0.0
  0
SPLINE
  5
185
330
1F
100
AcDbEntity
  8
0
  6
Continuous
 62
     7
370
    25
100
AcDbSpline
210
0.0
220
0.0
230
1.0
 70
     8
 71
     3
 72
    23
 73
    19
 74
     0
 42
0.00000001
 43
0.00000001
 40
0.0
 40
0.0
 40
0.0
 40
0.0
 40
0.081053750593332
 40
0.1561278030885488
 40
0.2258211489217655
 40
0.2904454120576452
 40
0.3512021742182982
 40
0.4092193401990272
 40
0.4646445319570935
 40
0.5189967769824798
 40
0.5726922027860947
 40
0.6262137542197667
 40
0.6803551189248176
 40
0.7358108795603597
 40
0.7940830832951239
 40
0.8574928758095824
 40
0.9258744209317825
 40
1.0
 40
1.0
 40
1.0
 40
1.0
 10
-243.3388384754983
 20
242.4103448275845
 30
0.0
 10
-243.4454176716391
 20
242.4121109414733
 30
0.0
 10
-243.6507132394149
 20
242.4155128751215
 30
0.0
 10
-243.9459415217518
 20
242.4504377399811
 30
0.0
 10
-244.2158859302219
 20
242.5067391215872
 30
0.0
 10
-244.4590125051097
 20
242.5898909301538
 30
0.0
 10
-244.6788750168294
 20
242.6896674338381
 30
0.0
 10
-244.8758098653082
 20
242.807551104566
 30
0.0
 10
-245.0502549031506
 20
242.9434015996112
 30
0.0
 10
-245.203189692426
 20
243.0949119300047
 30
0.0
 10
-245.3372257934735
 20
243.2604029681475
 30
0.0
 10
-245.4472280987459
 20
243.4422290375927
 30
0.0
 10
-245.54185344591
 20
243.635125100003
 30
0.0
 10
-245.6114279313973
 20
243.8450586156409
 30
0.0
 10
-245.6663733838039
 20
244.0714980694129
 30
0.0
 10
-245.7056291263921
 20
244.3184566299532
 30
0.0
 10
-245.7293460510595
 20
244.5883400908332
 30
0.0
 10
-245.731531241919
 20
244.7756893654607
 30
0.0
 10
-245.7326678765873
 20
244.8731397459148
 30
0.0
  0
SPLINE
  5
186
330
1F
100
AcDbEntity
  8
0
  6
Continuous
 62
     7
370
    25
100
AcDbSpline
210
0.0
220
0.0
230
1.0
 70
     8
 71
     3
 72
    23
 73
    19
 74
     0
 42
0.00000001
 43
0.00000001
 40
0.0
 40
0.0
 40
0.0
 40
0.0
 40
0.077551153019335
 40
0.1503626784016661
 40
0.2187676611343934
 40
0.2831044068439059
 40
0.3437311618693457
 40
0.4014124287421005
 40
0.4570361718938125
 40
0.511270723660511
 40
0.5649738512817682
 40
0.6190826222545363
 40
0.6745843593549572
 40
0.732371602714014
 40
0.7931884322658951
 40
0.8576741408087569
 40
0.9263945027532904
 40
1.0
 40
1.0
 40
1.0
 40
1.0
 10
-145.2818511796725
 20
232.2415607985471
 30
0.0
 10
-145.1038948017814
 20
232.2390754122621
 30
0.0
 10
-144.7588580540792
 20
232.2342565369246
 30
0.0
 10
-144.2584596390163
 20
232.1886149637014
 30
0.0
 10
-143.7926837485689
 20
232.112736397037
 30
0.0
 10
-143.3605972763257
 20
232.0095946609845
 30
0.0
 10
-142.9642691588589
 20
231.8711797443026
 30
0.0
 10
-142.6021841881174
 20
231.7018748192464
 30
0.0
 10
-142.2726311548719
 20
231.5022446127457
 30
0.0
 10
-141.9781583808976
 20
231.2680958368027
 30
0.0
 10
-141.7172993599645
 20
231.0015633746924
 30
0.0
 10
-141.495487749078
 20
230.698276941319
 30
0.0
 10
-141.3050242747953
 20
230.3637940515868
 30
0.0
 10
-141.1510734321388
 20
229.9942138713578
 30
0.0
 10
-141.0314583291351
 20
229.590748015475
 30
0.0
 10
-140.9481916159509
 20
229.1529665937118
 30
0.0
 10
-140.8936433313514
 20
228.6809276336166
 30
0.0
 10
-140.888741787686
 20
228.354246472304
 30
0.0
 10
-140.8862068965508
 20
228.1852994555344
 30
0.0
  0
SPLINE
  5
187
330
1F
100
AcDbEntity
  8
0
  6
Continuous
 62
     7
370
    25
100
AcDbSpline
210
0.0
220
0.0
230
1.0
 70
     8
 71
     3
 72
    23
 73
    19
 74
     0
 42
0.00000001
 43
0.00000001
 40
0.0
 40
0.0
 40
0.0
 40
0.0
 40
0.0679469182275185
 40
0.1327057679175823
 40
0.1948037660543639
 40
0.2547489592682341
 40
0.31256587612663
 40
0.3690307049601066
 40
0.4246866983489978
 40
0.4807187680328832
 40
0.5371279246207666
 40
0.5947683848319475
 40
0.6543522107721212
 40
0.7166352780311427
 40
0.7818506313914223
 40
0.8504028091776408
 40
0.9230571195320564
 40
1.0
 40
1.0
 40
1.0
 40
1.0
 10
-149.8480943738648
 20
228.0455535390189
 30
0.0
 10
-149.8447437892825
 20
228.2054173413237
 30
0.0
 10
-149.8381998295039
 20
228.5176441383661
 30
0.0
 10
-149.783254351604
 20
228.9733835048183
 30
0.0
 10
-149.6909845099085
 20
229.4035905506843
 30
0.0
 10
-149.5624049566486
 20
229.8073737497649
 30
0.0
 10
-149.3990266430402
 20
230.1840489482879
 30
0.0
 10
-149.1989171803639
 20
230.5311891440764
 30
0.0
 10
-148.960357610591
 20
230.8479003466262
 30
0.0
 10
-148.6872158182379
 20
231.1347759331451
 30
0.0
 10
-148.3810725215625
 20
231.394007433798
 30
0.0
 10
-148.0358700317794
 20
231.6138796358902
 30
0.0
 10
-147.6606758598095
 20
231.8091001803496
 30
0.0
 10
-147.2481922388268
 20
231.9648115778754
 30
0.0
 10
-146.8040505998649
 20
232.0909578373414
 30
0.0
 10
-146.3258429385042
 20
232.1785925565082
 30
0.0
 10
-145.8148072028325
 20
232.2314137261867
 30
0.0
 10
-145.4628662705175
 20
232.2381144105801
 30
0.0
 10
-145.2818511796725
 20
232.2415607985471
 30
0.0
  0
SPLINE
  5
188
330
1F
100
AcDbEntity
  8
0
  6
Continuous
 62
     7
370
    25
100
AcDbSpline
210
0.0
220
0.0
230
1.0
 70
     8
 71
     3
 72
    23
 73
    19
 74
     0
 42
0.00000001
 43
0.00000001
 40
0.0
 40
0.0
 40
0.0
 40
0.0
 40
0.0765856487573637
 40
0.1486640154956645
 40
0.2167938056880426
 40
0.281135940062997
 40
0.3423322668921648
 40
0.4007219447791773
 40
0.4567967051145547
 40
0.5114710100048144
 40
0.5656056661124926
 40
0.6202586425067095
 40
0.6758817255418147
 40
0.7338578834853651
 40
0.7945603375536969
 40
0.8586317464598544
 40
0.9271168679585439
 40
1.0
 40
1.0
 40
1.0
 40
1.0
 10
-145.4578947368412
 20
224.0328493647902
 30
0.0
 10
-145.6322393210503
 20
224.0352564306772
 30
0.0
 10
-145.9706678176289
 20
224.0399288998164
 30
0.0
 10
-146.4622807103202
 20
224.086843501371
 30
0.0
 10
-146.9226197798869
 20
224.1589446978948
 30
0.0
 10
-147.3508423594399
 20
224.265186892761
 30
0.0
 10
-147.7489572957665
 20
224.3967683071415
 30
0.0
 10
-148.1116389679928
 20
224.5669664655266
 30
0.0
 10
-148.4418237660018
 20
224.7665621170559
 30
0.0
 10
-148.7357582496091
 20
225.0013317816617
 30
0.0
 10
-148.9987271393406
 20
225.2658549704956
 30
0.0
 10
-149.224019946995
 20
225.5659860529141
 30
0.0
 10
-149.4162180796585
 20
225.8981286034517
 30
0.0
 10
-149.5740346435205
 20
226.2630110921474
 30
0.0
 10
-149.6969561767331
 20
226.6611024468933
 30
0.0
 10
-149.7856830650591
 20
227.0924921848811
 30
0.0
 10
-149.837926429635
 20
227.5578782899609
 30
0.0
 10
-149.8446354855133
 20
227.8796582311591
 30
0.0
 10
-149.8480943738648
 20
228.0455535390189
 30
0.0
  0
SPLINE
  5
189
330
1F
100
AcDbEntity
  8
0
  6
Continuous
 62
     7
370
    25
100
AcDbSpline
210
0.0
220
0.0
230
1.0
 70
     8
 71
     3
 72
    23
 73
    19
 74
     0
 42
0.00000001
 43
0.00000001
 40
0.0
 40
0.0
 40
0.0
 40
0.0
 40
0.0667524010884852
 40
0.1305668431421804
 40
0.191979373437807
 40
0.2511745451900712
 40
0.3088205610891509
 40
0.3651339749454721
 40
0.4210812127210815
 40
0.4768537495672293
 40
0.5335910875323229
 40
0.5915331767229213
 40
0.6513109517919291
 40
0.7137724409242782
 40
0.7793998855084477
 40
0.8488191174704501
 40
0.9221376969852125
 40
1.0
 40
1.0
 40
1.0
 40
1.0
 10
-140.8862068965508
 20
228.1852994555344
 30
0.0
 10
-140.8895776343938
 20
228.0290651420324
 30
0.0
 10
-140.8961707545218
 20
227.7234728221786
 30
0.0
 10
-140.9510741268292
 20
227.2767508593865
 30
0.0
 10
-141.0437477620442
 20
226.8547143649802
 30
0.0
 10
-141.1703690327886
 20
226.4566044518872
 30
0.0
 10
-141.3334000758552
 20
226.0847346156932
 30
0.0
 10
-141.5346698760731
 20
225.7408642468316
 30
0.0
 10
-141.7710504329677
 20
225.4255306682328
 30
0.0
 10
-142.0442098388461
 20
225.1401001130033
 30
0.0
 10
-142.3519606329198
 20
224.8849030392006
 30
0.0
 10
-142.695910715528
 20
224.6634643566655
 30
0.0
 10
-143.0723281892097
 20
224.4719940814045
 30
0.0
 10
-143.482720758264
 20
224.3127113945548
 30
0.0
 10
-143.9274918761874
 20
224.1842902290206
 30
0.0
 10
-144.4080577779665
 20
224.0985822763207
 30
0.0
 10
-144.9217686985523
 20
224.0422007619992
 30
0.0
 10
-145.275640862105
 20
224.0360283343866
 30
0.0
 10
-145.4578947368412
 20
224.0328493647902
 30
0.0
  0
CIRCLE
  5
18A
330
1F
100
AcDbEntity
  8
0
  6
Continuous
 62
     7
370
    25
100
AcDbCircle
 10
-165.5
 20
266.5
 30
0.0
 40
1.599999999999966
  0
CIRCLE
  5
18B
330
1F
100
AcDbEntity
  8
0
  6
Continuous
 62
     7
370
    25
100
AcDbCircle
 10
-218.7
 20
266.5
 30
0.0
 40
1.599999999999966
  0
SPLINE
  5
230
330
1F
100
AcDbEntity
  8
0
  6
Continuous
 62
     7
370
    25
100
AcDbSpline
210
0.0
220
0.0
230
1.0
 70
     8
 71
     3
 72
    23
 73
    19
 74
     0
 42
0.00000001
 43
0.00000001
 40
0.0
 40
0.0
 40
0.0
 40
0.0
 40
0.0806626431033112
 40
0.156428017815375
 40
0.2272729783106257
 40
0.2937821614425206
 40
0.3563416055793893
 40
0.4161826572187737
 40
0.4731705068141295
 40
0.5288017551441737
 40
0.5833643894565899
 40
0.6376507442548316
 40
0.6926103633563211
 40
0.7489663388360939
 40
0.8074519223891915
 40
0.8685215840819165
 40
0.9325361490040042
 40
1.0
 40
1.0
 40
1.0
 40
1.0
 10
-224.8419237749539
 20
248.5736842105247
 30
0.0
 10
-224.7014698311315
 20
248.5714683806759
 30
0.0
 10
-224.4290893191472
 20
248.5671712505828
 30
0.0
 10
-224.0350394118406
 20
248.527833745636
 30
0.0
 10
-223.6684325447825
 20
248.468549906027
 30
0.0
 10
-223.3315249895998
 20
248.3791163159908
 30
0.0
 10
-223.0221391088076
 20
248.2664001032626
 30
0.0
 10
-222.740101253267
 20
248.1309287401547
 30
0.0
 10
-222.4850485121645
 20
247.9715407654905
 30
0.0
 10
-222.2561490718575
 20
247.7904309322635
 30
0.0
 10
-222.0582434108449
 20
247.5825978888186
 30
0.0
 10
-221.882788010583
 20
247.3569275289185
 30
0.0
 10
-221.7397991208024
 20
247.1056333762084
 30
0.0
 10
-221.6227843572122
 20
246.8335267069672
 30
0.0
 10
-221.5354662452392
 20
246.5394656367841
 30
0.0
 10
-221.4693979211582
 20
246.2264806277201
 30
0.0
 10
-221.4314822215969
 20
245.8928266832801
 30
0.0
 10
-221.4268683597938
 20
245.6639179918419
 30
0.0
 10
-221.4245009074403
 20
245.5464609800347
 30
0.0
  0
SPLINE
  5
231
330
1F
100
AcDbEntity
  8
0
  6
Continuous
 62
     7
370
    25
100
AcDbSpline
210
0.0
220
0.0
230
1.0
 70
     8
 71
     3
 72
    23
 73
    19
 74
     0
 42
0.00000001
 43
0.00000001
 40
0.0
 40
0.0
 40
0.0
 40
0.0
 40
0.0632430940220763
 40
0.1238568313987826
 40
0.1830592298758587
 40
0.2406659996746743
 40
0.2969386278231363
 40
0.3523892560411321
 40
0.408047283467895
 40
0.4639089070049837
 40
0.520970917370479
 40
0.579514238432429
 40
0.6405393681295882
 40
0.7047018844333516
 40
0.772150772302958
 40
0.8432768237578281
 40
0.91929233311263
 40
1.0
 40
1.0
 40
1.0
 40
1.0
 10
-228.4190562613422
 20
245.4375680580746
 30
0.0
 10
-228.4160671796622
 20
245.5514113009633
 30
0.0
 10
-228.410213288555
 20
245.774364708895
 30
0.0
 10
-228.3700896023149
 20
246.1020062584659
 30
0.0
 10
-228.3012847285831
 20
246.4143377844777
 30
0.0
 10
-228.2051967869105
 20
246.7111984176739
 30
0.0
 10
-228.0821344997441
 20
246.9907498581663
 30
0.0
 10
-227.9280463893159
 20
247.2504617399618
 30
0.0
 10
-227.7463176583769
 20
247.4906237393172
 30
0.0
 10
-227.5359259311206
 20
247.7102784008281
 30
0.0
 10
-227.2969261595159
 20
247.9066473925474
 30
0.0
 10
-227.0297420457142
 20
248.0801577579289
 30
0.0
 10
-226.7337114103263
 20
248.2289594503689
 30
0.0
 10
-226.4096955177412
 20
248.3537518877102
 30
0.0
 10
-226.0582444792871
 20
248.4539840340491
 30
0.0
 10
-225.6778820845917
 20
248.5239712037971
 30
0.0
 10
-225.2693480004585
 20
248.5654539882323
 30
0.0
 10
-224.9872141321666
 20
248.5708865873077
 30
0.0
 10
-224.8419237749539
 20
248.5736842105247
 30
0.0
  0
SPLINE
  5
232
330
1F
100
AcDbEntity
  8
0
  6
Continuous
 62
     7
370
    25
100
AcDbSpline
210
0.0
220
0.0
230
1.0
 70
     8
 71
     3
 72
    23
 73
    19
 74
     0
 42
0.00000001
 43
0.00000001
 40
0.0
 40
0.0
 40
0.0
 40
0.0
 40
0.0813060667785644
 40
0.1569909898055389
 40
0.2281922023691563
 40
0.2945713624751409
 40
0.3572993705050093
 40
0.4167902400771135
 40
0.4737421459866343
 40
0.528797614717911
 40
0.5830764034491333
 40
0.6371871511595821
 40
0.6921121058317844
 40
0.7484325361647932
 40
0.8068812313731647
 40
0.8679123748773733
 40
0.9322316184196169
 40
1.0
 40
1.0
 40
1.0
 40
1.0
 10
-225.0034482758613
 20
242.4103448275846
 30
0.0
 10
-225.1450812896592
 20
242.4128165939696
 30
0.0
 10
-225.4185554337946
 20
242.4175892396864
 30
0.0
 10
-225.8148861718292
 20
242.453187561619
 30
0.0
 10
-226.1813893357742
 20
242.5163141351819
 30
0.0
 10
-226.5195919648895
 20
242.6034707543051
 30
0.0
 10
-226.8300806033413
 20
242.7127342650929
 30
0.0
 10
-227.1107992272612
 20
242.8503725001885
 30
0.0
 10
-227.3657517036495
 20
243.0074114107293
 30
0.0
 10
-227.5902094910354
 20
243.1915623346402
 30
0.0
 10
-227.7906835335849
 20
243.394771358805
 30
0.0
 10
-227.9595908173485
 20
243.6247067924567
 30
0.0
 10
-228.1041173841342
 20
243.8744834296647
 30
0.0
 10
-228.2206745732441
 20
244.1469518342002
 30
0.0
 10
-228.3081070178839
 20
244.440912310531
 30
0.0
 10
-228.3743264818196
 20
244.7545084279722
 30
0.0
 10
-228.412043730355
 20
245.0893963830827
 30
0.0
 10
-228.41667840999
 20
245.3195079040889
 30
0.0
 10
-228.4190562613422
 20
245.4375680580746
 30
0.0
  0
SPLINE
  5
233
330
1F
100
AcDbEntity
  8
0
  6
Continuous
 62
     7
370
    25
100
AcDbSpline
210
0.0
220
0.0
230
1.0
 70
     8
 71
     3
 72
    23
 73
    19
 74
     0
 42
0.00000001
 43
0.00000001
 40
0.0
 40
0.0
 40
0.0
 40
0.0
 40
0.0632622861828163
 40
0.124269818019262
 40
0.183161946106947
 40
0.2412102775071954
 40
0.2979440028423526
 40
0.3535833815946593
 40
0.4089906910940029
 40
0.4648692667627779
 40
0.5219485935371556
 40
0.5803270013959041
 40
0.6410708802389371
 40
0.7049395138694268
 40
0.772085608565973
 40
0.8435637101947127
 40
0.9192678410389925
 40
1.0
 40
1.0
 40
1.0
 40
1.0
 10
-221.4245009074403
 20
245.5464609800347
 30
0.0
 10
-221.4273145101019
 20
245.4325951625342
 30
0.0
 10
-221.4328414347806
 20
245.2089218609007
 30
0.0
 10
-221.4755568186233
 20
244.8815214352586
 30
0.0
 10
-221.5440683473969
 20
244.5682804187888
 30
0.0
 10
-221.6421724404602
 20
244.2710211193365
 30
0.0
 10
-221.7663992285399
 20
243.989940333145
 30
0.0
 10
-221.9224484698667
 20
243.7306224289103
 30
0.0
 10
-222.1049999795468
 20
243.4913683514407
 30
0.0
 10
-222.314923506236
 20
243.2720247937585
 30
0.0
 10
-222.5533231586742
 20
243.0752732669251
 30
0.0
 10
-222.8213262550028
 20
242.9046934518652
 30
0.0
 10
-223.115114245371
 20
242.7548449057669
 30
0.0
 10
-223.4375087896615
 20
242.630379737331
 30
0.0
 10
-223.7882049391678
 20
242.5295014779902
 30
0.0
 10
-224.1681654672394
 20
242.4604669618038
 30
0.0
 10
-224.5766066382544
 20
242.4184274491983
 30
0.0
 10
-224.8581513482231
 20
242.4130961526295
 30
0.0
 10
-225.0034482758613
 20
242.4103448275846
 30
0.0
  0
SPLINE
  5
234
330
1F
100
AcDbEntity
  8
0
  6
Continuous
 62
     7
370
    25
100
AcDbSpline
210
0.0
220
0.0
230
1.0
 70
     8
 71
     3
 72
    21
 73
    17
 74
     0
 42
0.00000001
 43
0.00000001
 40
0.0
 40
0.0
 40
0.0
 40
0.0
 40
0.0534615862767155
 40
0.0946752193102171
 40
0.1315036719748503
 40
0.1713119924079057
 40
0.195280027515629
 40
0.2245990224944263
 40
0.2593964874852929
 40
0.2998199085270069
 40
0.3925486262407334
 40
0.4974834190758012
 40
0.6134831567587005
 40
0.7373846600162715
 40
0.8670250033557838
 40
1.0
 40
1.0
 40
1.0
 40
1.0
 10
-165.1290381125218
 20
227.1816696914689
 30
0.0
 10
-165.1303614085677
 20
227.1247262098212
 30
0.0
 10
-165.1327048359159
 20
227.023884895735
 30
0.0
 10
-165.1581952848351
 20
226.8848250993345
 30
0.0
 10
-165.2151004147428
 20
226.771174475434
 30
0.0
 10
-165.2881543368835
 20
226.6906559864991
 30
0.0
 10
-165.3692808506067
 20
226.6333777263712
 30
0.0
 10
-165.4489408020302
 20
226.5835545764797
 30
0.0
 10
-165.5500422048735
 20
226.5365091377536
 30
0.0
 10
-165.7129351282852
 20
226.4626023566837
 30
0.0
 10
-165.9517841659829
 20
226.3762697803584
 30
0.0
 10
-166.2718690813991
 20
226.2800234391958
 30
0.0
 10
-166.6303164843383
 20
226.198526086206
 30
0.0
 10
-167.0182870205178
 20
226.1313156704021
 30
0.0
 10
-167.4280606629549
 20
226.0861578434261
 30
0.0
 10
-167.7078667609207
 20
226.0808891917502
 30
0.0
 10
-167.8495462794909
 20
226.0782214156068
 30
0.0
  0
SPLINE
  5
235
330
1F
100
AcDbEntity
  8
0
  6
Continuous
 62
     7
370
    25
100
AcDbSpline
210
0.0
220
0.0
230
1.0
 70
     8
 71
     3
 72
    15
 73
    11
 74
     0
 42
0.00000001
 43
0.00000001
 40
0.0
 40
0.0
 40
0.0
 40
0.0
 40
0.0992212011639625
 40
0.1954481480868767
 40
0.2947244568369705
 40
0.4011016367919369
 40
0.5240096121960239
 40
0.6663804154101737
 40
0.8267965478902831
 40
1.0
 40
1.0
 40
1.0
 40
1.0
 10
-165.4575317604347
 20
227.8005444646086
 30
0.0
 10
-165.4317353833079
 20
227.7985879255926
 30
0.0
 10
-165.3809211009003
 20
227.7947338911437
 30
0.0
 10
-165.3111073173426
 20
227.7595515249105
 30
0.0
 10
-165.2544265738305
 20
227.7048510121046
 30
0.0
 10
-165.2073728650697
 20
227.6330990077604
 30
0.0
 10
-165.1751004068985
 20
227.5420044815909
 30
0.0
 10
-165.1474760250832
 20
227.4353180029281
 30
0.0
 10
-165.1320150218932
 20
227.3127733714841
 30
0.0
 10
-165.1300554517949
 20
227.2264735151285
 30
0.0
 10
-165.1290381125218
 20
227.1816696914689
 30
0.0
  0
SPLINE
  5
236
330
1F
100
AcDbEntity
  8
0
  6
Continuous
 62
     7
370
    25
100
AcDbSpline
210
0.0
220
0.0
230
1.0
 70
     8
 71
     3
 72
    19
 73
    15
 74
     0
 42
0.00000001
 43
0.00000001
 40
0.0
 40
0.0
 40
0.0
 40
0.0
 40
0.0971146957721425
 40
0.1882102994443711
 40
0.2758067139154695
 40
0.3581100317040024
 40
0.510422242047357
 40
0.6465977152842445
 40
0.7643665824807928
 40
0.8632670210666131
 40
0.9050066170013649
 40
0.941158406860497
 40
0.97249613145952
 40
0.9999999999999999
 40
0.9999999999999999
 40
0.9999999999999999
 40
0.9999999999999999
 10
-167.6898366606162
 20
227.2488203266776
 30
0.0
 10
-167.614777046969
 20
227.2497022756606
 30
0.0
 10
-167.4693099552133
 20
227.2514115111257
 30
0.0
 10
-167.2568745092045
 20
227.269320841603
 30
0.0
 10
-167.0563286631088
 20
227.2921742841718
 30
0.0
 10
-166.8126797559016
 20
227.3444275931716
 30
0.0
 10
-166.535653888475
 20
227.417986836921
 30
0.0
 10
-166.2376103259353
 20
227.5171516515924
 30
0.0
 10
-165.9841644349911
 20
227.6179575386738
 30
0.0
 10
-165.8006987663883
 20
227.6964371217447
 30
0.0
 10
-165.6764544695626
 20
227.7538100595274
 30
0.0
 10
-165.5955907737058
 20
227.7781918597059
 30
0.0
 10
-165.5243151668259
 20
227.7969405758102
 30
0.0
 10
-165.4788044711751
 20
227.7993965075323
 30
0.0
 10
-165.4575317604347
 20
227.8005444646086
 30
0.0
  0
SPLINE
  5
237
330
1F
100
AcDbEntity
  8
0
  6
Continuous
 62
     7
370
    25
100
AcDbSpline
210
0.0
220
0.0
230
1.0
 70
     8
 71
     3
 72
    19
 73
    15
 74
     0
 42
0.00000001
 43
0.00000001
 40
0.0
 40
0.0
 40
0.0
 40
0.0
 40
0.1298750253114403
 40
0.2447445841043136
 40
0.3498083870148845
 40
0.4521027102799151
 40
0.5041421745672091
 40
0.5596160410062438
 40
0.6185979630488436
 40
0.6817758259940264
 40
0.7505710150359122
 40
0.8263518905771554
 40
0.9093713975063202
 40
1.0
 40
1.0
 40
1.0
 40
1.0
 10
-168.925771324863
 20
228.2724137931022
 30
0.0
 10
-168.9229032423511
 20
228.1916845256104
 30
0.0
 10
-168.9174984490901
 20
228.0395532675032
 30
0.0
 10
-168.870540252956
 20
227.8262188238905
 30
0.0
 10
-168.7898308964321
 20
227.640899646
 30
0.0
 10
-168.6831646876721
 20
227.5168480106263
 30
0.0
 10
-168.580394698059
 20
227.4364998640612
 30
0.0
 10
-168.4913497956055
 20
227.383101990513
 30
0.0
 10
-168.3883441258308
 20
227.3428090439615
 30
0.0
 10
-168.2749575357965
 20
227.3078644042822
 30
0.0
 10
-168.1486106554032
 20
227.2810694181258
 30
0.0
 10
-168.0086154809194
 20
227.2609809618169
 30
0.0
 10
-167.8539328322448
 20
227.2508253966666
 30
0.0
 10
-167.7461102785275
 20
227.249507926768
 30
0.0
 10
-167.6898366606162
 20
227.2488203266776
 30
0.0
  0
SPLINE
  5
23A
330
1F
100
AcDbEntity
  8
0
  6
Continuous
 62
     7
370
    25
100
AcDbSpline
210
0.0
220
0.0
230
1.0
 70
     8
 71
     3
 72
    23
 73
    19
 74
     0
 42
0.00000001
 43
0.00000001
 40
0.0
 40
0.0
 40
0.0
 40
0.0
 40
0.0518298873011452
 40
0.1011958379216792
 40
0.1485971189938444
 40
0.1952452089432171
 40
0.2424114205948178
 40
0.2910852948882831
 40
0.3422434713215013
 40
0.3961013724723206
 40
0.4538779987767512
 40
0.5164833860463183
 40
0.583570869850848
 40
0.6557817460107344
 40
0.7335433791305336
 40
0.8165870653557927
 40
0.9054918782333244
 40
1.0
 40
1.0
 40
1.0
 40
1.0
 10
-164.7696914700536
 20
230.4647912885651
 30
0.0
 10
-164.7724562541507
 20
230.3877571354614
 30
0.0
 10
-164.7778543875047
 20
230.2373509494201
 30
0.0
 10
-164.8206253253209
 20
230.0199210804499
 30
0.0
 10
-164.8890227806592
 20
229.817385077118
 30
0.0
 10
-164.9890962412973
 20
229.6319757778556
 30
0.0
 10
-165.1158284328708
 20
229.4616915108862
 30
0.0
 10
-165.2697585961523
 20
229.3057307140585
 30
0.0
 10
-165.4529857539281
 20
229.1684114690933
 30
0.0
 10
-165.6622194267006
 20
229.0463871227862
 30
0.0
 10
-165.8982422210093
 20
228.9391759140208
 30
0.0
 10
-166.1616653475417
 20
228.8480811980476
 30
0.0
 10
-166.4513436891333
 20
228.7694603467048
 30
0.0
 10
-166.7683741479054
 20
228.709665006551
 30
0.0
 10
-167.1110563971295
 20
228.6604593848371
 30
0.0
 10
-167.4805561285223
 20
228.6266775896045
 30
0.0
 10
-167.8759485944005
 20
228.6070737944545
 30
0.0
 10
-168.1483738007264
 20
228.6042020575986
 30
0.0
 10
-168.2887477313966
 20
228.6027223230478
 30
0.0
  0
SPLINE
  5
23B
330
1F
100
AcDbEntity
  8
0
  6
Continuous
 62
     7
370
    25
100
AcDbSpline
210
0.0
220
0.0
230
1.0
 70
     8
 71
     3
 72
    15
 73
    11
 74
     0
 42
0.00000001
 43
0.00000001
 40
0.0
 40
0.0
 40
0.0
 40
0.0
 40
0.1196705158931824
 40
0.2385573335891881
 40
0.359385808437936
 40
0.4809507633280555
 40
0.6050315227133112
 40
0.7320976870801635
 40
0.8629145540828665
 40
1.0
 40
1.0
 40
1.0
 40
1.0
 10
-169.2107078039919
 20
231.475680580761
 30
0.0
 10
-169.1421639296572
 20
231.5338720832819
 30
0.0
 10
-169.005525061068
 20
231.6498740038494
 30
0.0
 10
-168.7812415141092
 20
231.8008302429188
 30
0.0
 10
-168.5443022934179
 20
231.9335876280337
 30
0.0
 10
-168.2920670690539
 20
232.0444272061731
 30
0.0
 10
-168.0267341380409
 20
232.1351139630551
 30
0.0
 10
-167.7457507484324
 20
232.1947206838954
 30
0.0
 10
-167.4514346635952
 20
232.2349630226951
 30
0.0
 10
-167.2501726032264
 20
232.239327498836
 30
0.0
 10
-167.1471869328485
 20
232.2415607985469
 30
0.0
  0
SPLINE
  5
23D
330
1F
100
AcDbEntity
  8
0
  6
Continuous
 62
     7
370
    25
100
AcDbSpline
210
0.0
220
0.0
230
1.0
 70
     8
 71
     3
 72
    15
 73
    11
 74
     0
 42
0.00000001
 43
0.00000001
 40
0.0
 40
0.0
 40
0.0
 40
0.0
 40
0.1775877061613016
 40
0.3298536653440809
 40
0.4568514894031078
 40
0.5588720212392796
 40
0.7106676597334792
 40
0.8212840700570859
 40
0.9071287067058039
 40
1.0
 40
1.0
 40
1.0
 40
1.0
 10
-169.963883847549
 20
232.1362976406521
 30
0.0
 10
-169.9130646500564
 20
232.1358753070894
 30
0.0
 10
-169.8186724259258
 20
232.1350908593555
 30
0.0
 10
-169.687973849533
 20
232.1313864650883
 30
0.0
 10
-169.5789731546307
 20
232.126785761339
 30
0.0
 10
-169.4703049635994
 20
232.1163721872845
 30
0.0
 10
-169.3685004047927
 20
232.0939701292562
 30
0.0
 10
-169.2740555087824
 20
232.056130939826
 30
0.0
 10
-169.2191722045121
 20
231.9880601049369
 30
0.0
 10
-169.2136022694012
 20
231.9363230163495
 30
0.0
 10
-169.2107078039919
 20
231.9094373865687
 30
0.0
  0
SPLINE
  5
23E
330
1F
100
AcDbEntity
  8
0
  6
Continuous
 62
     7
370
    25
100
AcDbSpline
210
0.0
220
0.0
230
1.0
 70
     8
 71
     3
 72
    15
 73
    11
 74
     0
 42
0.00000001
 43
0.00000001
 40
0.0
 40
0.0
 40
0.0
 40
0.0
 40
0.0922392703874883
 40
0.1853265192157304
 40
0.3041255210829669
 40
0.4643524575867197
 40
0.5651835990670904
 40
0.6886141458733214
 40
0.8328394262672972
 40
0.9999999999999999
 40
0.9999999999999999
 40
0.9999999999999999
 40
0.9999999999999999
 10
-170.7333938294002
 20
231.9094373865687
 30
0.0
 10
-170.7303184289148
 20
231.9368008412153
 30
0.0
 10
-170.7241393550264
 20
231.9917793095193
 30
0.0
 10
-170.6548906853886
 20
232.0551679076119
 30
0.0
 10
-170.5541331245667
 20
232.0940078728362
 30
0.0
 10
-170.4457152005469
 20
232.115722766639
 30
0.0
 10
-170.3349238504363
 20
232.12681670723
 30
0.0
 10
-170.2282832481362
 20
232.1313018285643
 30
0.0
 10
-170.1024468202672
 20
232.1350991376206
 30
0.0
 10
-170.0122851408599
 20
232.1358789927578
 30
0.0
 10
-169.963883847549
 20
232.1362976406521
 30
0.0
  0
SPLINE
  5
240
330
1F
100
AcDbEntity
  8
0
  6
Continuous
 62
     7
370
    25
100
AcDbSpline
210
0.0
220
0.0
230
1.0
 70
     8
 71
     3
 72
    23
 73
    19
 74
     0
 42
0.00000001
 43
0.00000001
 40
0.0
 40
0.0
 40
0.0
 40
0.0
 40
0.0892263287494579
 40
0.1720712931906813
 40
0.2483334384209709
 40
0.3187441558143442
 40
0.3835619750278746
 40
0.4443151937708705
 40
0.5014209362768178
 40
0.555153689893757
 40
0.6069492751069684
 40
0.6580460432293489
 40
0.7088651094687637
 40
0.7610945380811921
 40
0.8154412586923775
 40
0.8731665030603453
 40
0.9343525586747021
 40
1.0
 40
1.0
 40
1.0
 40
1.0
 10
-167.8495462794909
 20
226.0782214156068
 30
0.0
 10
-167.9729992882303
 20
226.0793712563096
 30
0.0
 10
-168.2110760886523
 20
226.081588702432
 30
0.0
 10
-168.5540080600226
 20
226.1052384482236
 30
0.0
 10
-168.869341659635
 20
226.1441709259534
 30
0.0
 10
-169.156646844098
 20
226.2005177303732
 30
0.0
 10
-169.4190143021698
 20
226.2701346272488
 30
0.0
 10
-169.6558894005421
 20
226.3594042591175
 30
0.0
 10
-169.8694299724793
 20
226.464001768191
 30
0.0
 10
-170.059094528546
 20
226.5862340667762
 30
0.0
 10
-170.2240280302873
 20
226.7276677266186
 30
0.0
 10
-170.3672240178695
 20
226.8858078747073
 30
0.0
 10
-170.4848013853162
 20
227.0647326996242
 30
0.0
 10
-170.5771286071977
 20
227.262638442005
 30
0.0
 10
-170.6477197991622
 20
227.4791665048662
 30
0.0
 10
-170.6983703263132
 20
227.7138524517735
 30
0.0
 10
-170.7266904785717
 20
227.968032763971
 30
0.0
 10
-170.7311075883097
 20
228.1434878822895
 30
0.0
 10
-170.7333938294002
 20
228.2343012704162
 30
0.0
  0
SPLINE
  5
242
330
1F
100
AcDbEntity
  8
0
  6
Continuous
 62
     7
370
    25
100
AcDbSpline
210
0.0
220
0.0
230
1.0
 70
     8
 71
     3
 72
    15
 73
    11
 74
     0
 42
0.00000001
 43
0.00000001
 40
0.0
 40
0.0
 40
0.0
 40
0.0
 40
0.2403948040573558
 40
0.4364613099245718
 40
0.5905846609025573
 40
0.7086751587964045
 40
0.7980228287550477
 40
0.8700975318261831
 40
0.9340266645431584
 40
0.9999999999999999
 40
0.9999999999999999
 40
0.9999999999999999
 40
0.9999999999999999
 10
-174.2205081669682
 20
226.1834845735015
 30
0.0
 10
-174.2919483846181
 20
226.1837014303609
 30
0.0
 10
-174.4216553934657
 20
226.1840951561291
 30
0.0
 10
-174.5964305123503
 20
226.1979164300922
 30
0.0
 10
-174.7352244075267
 20
226.21280213682
 30
0.0
 10
-174.8386789641336
 20
226.2409509770492
 30
0.0
 10
-174.917572553425
 20
226.2710352951395
 30
0.0
 10
-174.9665508805597
 20
226.3179101477363
 30
0.0
 10
-175.000419998485
 20
226.3695000720439
 30
0.0
 10
-175.0031504801926
 20
226.4086238993343
 30
0.0
 10
-175.0045372050808
 20
226.4284936479116
 30
0.0
  0
SPLINE
  5
243
330
1F
100
AcDbEntity
  8
0
  6
Continuous
 62
     7
370
    25
100
AcDbSpline
210
0.0
220
0.0
230
1.0
 70
     8
 71
     3
 72
    15
 73
    11
 74
     0
 42
0.00000001
 43
0.00000001
 40
0.0
 40
0.0
 40
0.0
 40
0.0
 40
0.0656322616269763
 40
0.1282220975627254
 40
0.2029528026718717
 40
0.2992877458107301
 40
0.4246149482836447
 40
0.5779415009608391
 40
0.7689524849614857
 40
1.0
 40
1.0
 40
1.0
 40
1.0
 10
-173.4310344827577
 20
226.4284936479116
 30
0.0
 10
-173.4326005983358
 20
226.4087431092861
 30
0.0
 10
-173.4356602311973
 20
226.3701575809531
 30
0.0
 10
-173.466939759464
 20
226.3161843147639
 30
0.0
 10
-173.5214905059505
 20
226.2704476208748
 30
0.0
 10
-173.6061422394868
 20
226.2413186866405
 30
0.0
 10
-173.7145112238329
 20
226.2136242349372
 30
0.0
 10
-173.8542148286787
 20
226.1978953531694
 30
0.0
 10
-174.0254265056432
 20
226.1841976702119
 30
0.0
 10
-174.1514946651673
 20
226.1837368437599
 30
0.0
 10
-174.2205081669682
 20
226.1834845735015
 30
0.0
  0
SPLINE
  5
245
330
1F
100
AcDbEntity
  8
0
  6
Continuous
 62
     7
370
    25
100
AcDbSpline
210
0.0
220
0.0
230
1.0
 70
     8
 71
     3
 72
    15
 73
    11
 74
     0
 42
0.00000001
 43
0.00000001
 40
0.0
 40
0.0
 40
0.0
 40
0.0
 40
0.2416320027908018
 40
0.4373390089272325
 40
0.5931262044774646
 40
0.718203375207146
 40
0.811567585151304
 40
0.8830267354863446
 40
0.942160900599951
 40
1.0
 40
1.0
 40
1.0
 40
1.0
 10
-174.3529945553531
 20
232.1362976406521
 30
0.0
 10
-174.2707270065803
 20
232.135620384416
 30
0.0
 10
-174.1218278217388
 20
232.1343945924362
 30
0.0
 10
-173.9197936736335
 20
232.1256325854425
 30
0.0
 10
-173.75893772954
 20
232.1043159166946
 30
0.0
 10
-173.6329136692476
 20
232.0826944005311
 30
0.0
 10
-173.5400555307228
 20
232.0479092514131
 30
0.0
 10
-173.4744330356359
 20
232.0068203027496
 30
0.0
 10
-173.4373876512963
 20
231.9511533154512
 30
0.0
 10
-173.4331365168381
 20
231.9110956502637
 30
0.0
 10
-173.4310344827578
 20
231.891288566242
 30
0.0
  0
SPLINE
  5
246
330
1F
100
AcDbEntity
  8
0
  6
Continuous
 62
     7
370
    25
100
AcDbSpline
210
0.0
220
0.0
230
1.0
 70
     8
 71
     3
 72
    15
 73
    11
 74
     0
 42
0.00000001
 43
0.00000001
 40
0.0
 40
0.0
 40
0.0
 40
0.0
 40
0.0578710932686079
 40
0.1180177507796745
 40
0.1880655479132928
 40
0.283140843251632
 40
0.4065457060117642
 40
0.5624190757090607
 40
0.7582343377536223
 40
1.0
 40
1.0
 40
1.0
 40
1.0
 10
-175.2749546279483
 20
231.8912885662419
 30
0.0
 10
-175.2729833064712
 20
231.911195324656
 30
0.0
 10
-175.2689631486747
 20
231.9517916002859
 30
0.0
 10
-175.2295841525445
 20
232.0055877036902
 30
0.0
 10
-175.1655943255394
 20
232.0491580806041
 30
0.0
 10
-175.0720104788805
 20
232.0817220044082
 30
0.0
 10
-174.9466360004438
 20
232.1048072838525
 30
0.0
 10
-174.7861310664622
 20
232.1254779155236
 30
0.0
 10
-174.5841837198069
 20
232.134448489333
 30
0.0
 10
-174.4352700868064
 20
232.1356395652277
 30
0.0
 10
-174.3529945553531
 20
232.1362976406521
 30
0.0
  0
SPLINE
  5
248
330
1F
100
AcDbEntity
  8
0
  6
Continuous
 62
     7
370
    25
100
AcDbSpline
210
0.0
220
0.0
230
1.0
 70
     8
 71
     3
 72
    15
 73
    11
 74
     0
 42
0.00000001
 43
0.00000001
 40
0.0
 40
0.0
 40
0.0
 40
0.0
 40
0.0900408688346866
 40
0.182734960168009
 40
0.2811616517644921
 40
0.3905202386286555
 40
0.5140452073840033
 40
0.6544613198590652
 40
0.8151717855164142
 40
0.9999999999999999
 40
0.9999999999999999
 40
0.9999999999999999
 40
0.9999999999999999
 10
-176.6288566243185
 20
227.524682395643
 30
0.0
 10
-176.5771628238471
 20
227.5270084140914
 30
0.0
 10
-176.4722519684506
 20
227.5317289914693
 30
0.0
 10
-176.3160067701686
 20
227.5752798584924
 30
0.0
 10
-176.1566073291255
 20
227.6413533009049
 30
0.0
 10
-175.9939297481115
 20
227.7405003522304
 30
0.0
 10
-175.8239862843476
 20
227.8709497188691
 30
0.0
 10
-175.6472836301916
 20
228.0387951188528
 30
0.0
 10
-175.4611504620481
 20
228.2462762342674
 30
0.0
 10
-175.3398422442564
 20
228.4028296458785
 30
0.0
 10
-175.2749546279483
 20
228.486569872957
 30
0.0
  0
SPLINE
  5
249
330
1F
100
AcDbEntity
  8
0
  6
Continuous
 62
     7
370
    25
100
AcDbSpline
210
0.0
220
0.0
230
1.0
 70
     8
 71
     3
 72
    15
 73
    11
 74
     0
 42
0.00000001
 43
0.00000001
 40
0.0
 40
0.0
 40
0.0
 40
0.0
 40
0.0822393554119084
 40
0.1786773100653222
 40
0.2862421621516817
 40
0.40606201811506
 40
0.5375478873307438
 40
0.6802552983692953
 40
0.8335913395964607
 40
1.0
 40
1.0
 40
1.0
 40
1.0
 10
-177.3675136116144
 20
227.6589836660604
 30
0.0
 10
-177.3468488222504
 20
227.6578095868919
 30
0.0
 10
-177.301951474039
 20
227.6552587241501
 30
0.0
 10
-177.2322063996371
 20
227.6366347400546
 30
0.0
 10
-177.1540835515887
 20
227.6144744805505
 30
0.0
 10
-177.0671329456413
 20
227.590715318696
 30
0.0
 10
-176.9710707967484
 20
227.567011447985
 30
0.0
 10
-176.8660069902625
 20
227.5450410663959
 30
0.0
 10
-176.7510307513792
 20
227.5271495718355
 30
0.0
 10
-176.6706764170174
 20
227.5255269017541
 30
0.0
 10
-176.6288566243185
 20
227.524682395643
 30
0.0
  0
SPLINE
  5
24A
330
1F
100
AcDbEntity
  8
0
  6
Continuous
 62
     7
370
    25
100
AcDbSpline
210
0.0
220
0.0
230
1.0
 70
     8
 71
     3
 72
    15
 73
    11
 74
     0
 42
0.00000001
 43
0.00000001
 40
0.0
 40
0.0
 40
0.0
 40
0.0
 40
0.23547945052311
 40
0.4264046421936208
 40
0.5756330023991064
 40
0.6935282623721456
 40
0.7796764337827761
 40
0.852322950560435
 40
0.9203449264564411
 40
1.0
 40
1.0
 40
1.0
 40
1.0
 10
-177.6234119782205
 20
226.9366606170586
 30
0.0
 10
-177.622884509133
 20
227.0032312808515
 30
0.0
 10
-177.6219293715742
 20
227.1237770015595
 30
0.0
 10
-177.6115773174646
 20
227.286178128836
 30
0.0
 10
-177.5950712027153
 20
227.4148938206721
 30
0.0
 10
-177.5687890427159
 20
227.5114131347674
 30
0.0
 10
-177.5363993530573
 20
227.5835598660283
 30
0.0
 10
-177.4906013113906
 20
227.6305358905107
 30
0.0
 10
-177.4321862762507
 20
227.6564176281531
 30
0.0
 10
-177.3901743152152
 20
227.6580845501082
 30
0.0
 10
-177.3675136116144
 20
227.6589836660604
 30
0.0
  0
SPLINE
  5
24B
330
1F
100
AcDbEntity
  8
0
  6
Continuous
 62
     7
370
    25
100
AcDbSpline
210
0.0
220
0.0
230
1.0
 70
     8
 71
     3
 72
    23
 73
    19
 74
     0
 42
0.00000001
 43
0.00000001
 40
0.0
 40
0.0
 40
0.0
 40
0.0
 40
0.0641955467976728
 40
0.1332982502014052
 40
0.2074598158379954
 40
0.2832792489147621
 40
0.3574122340766668
 40
0.421420444744843
 40
0.4744299900938738
 40
0.5143854293559932
 40
0.5463674552770817
 40
0.5747200507171396
 40
0.60562371916509
 40
0.6448295927743146
 40
0.6977858085873563
 40
0.7717184210694816
 40
0.8704368608541958
 40
1.0
 40
1.0
 40
1.0
 40
1.0
 10
-176.7377495462786
 20
226.0782214156067
 30
0.0
 10
-176.7704298224178
 20
226.0784774719764
 30
0.0
 10
-176.8382884799533
 20
226.0790091578601
 30
0.0
 10
-176.9436512355423
 20
226.0868605175183
 30
0.0
 10
-177.0544858849615
 20
226.0992714372552
 30
0.0
 10
-177.1672044108093
 20
226.1169938981665
 30
0.0
 10
-177.2738338623384
 20
226.1396149745546
 30
0.0
 10
-177.3676771330712
 20
226.1649025074193
 30
0.0
 10
-177.4442098487108
 20
226.1892244406262
 30
0.0
 10
-177.4993776975451
 20
226.2215092481619
 30
0.0
 10
-177.538763044741
 20
226.2549130114759
 30
0.0
 10
-177.563421704904
 20
226.2948431877964
 30
0.0
 10
-177.5825842202076
 20
226.3413146241523
 30
0.0
 10
-177.596473990989
 20
226.4025904377013
 30
0.0
 10
-177.6097608276222
 20
226.4861052945769
 30
0.0
 10
-177.6175516735003
 20
226.6007947021253
 30
0.0
 10
-177.6228017411532
 20
226.7545105164247
 30
0.0
 10
-177.623191032581
 20
226.8707103944014
 30
0.0
 10
-177.6234119782205
 20
226.9366606170586
 30
0.0
  0
SPLINE
  5
24C
330
1F
100
AcDbEntity
  8
0
  6
Continuous
 62
     7
370
    25
100
AcDbSpline
210
0.0
220
0.0
230
1.0
 70
     8
 71
     3
 72
    17
 73
    13
 74
     0
 42
0.00000001
 43
0.00000001
 40
0.0
 40
0.0
 40
0.0
 40
0.0
 40
0.0923609782437087
 40
0.179094694300115
 40
0.259580306790366
 40
0.3345744657079891
 40
0.4710849062332726
 40
0.5903751647185783
 40
0.6991908656488077
 40
0.8019736165724936
 40
0.9016806284813285
 40
1.0
 40
1.0
 40
1.0
 40
1.0
 10
-175.0045372050808
 20
227.1072595281294
 30
0.0
 10
-175.0468483485568
 20
227.0588427600402
 30
0.0
 10
-175.1288927514032
 20
226.9649591043577
 30
0.0
 10
-175.2483983918694
 20
226.8292094720177
 30
0.0
 10
-175.3701445653235
 20
226.7123717205606
 30
0.0
 10
-175.5172852258157
 20
226.572066632171
 30
0.0
 10
-175.6965460074735
 20
226.4267537167849
 30
0.0
 10
-175.9083174862672
 20
226.2859021137196
 30
0.0
 10
-176.1165269602095
 20
226.1850086157891
 30
0.0
 10
-176.3245490461315
 20
226.1221306171167
 30
0.0
 10
-176.5312184406017
 20
226.0838530820529
 30
0.0
 10
-176.6692282053439
 20
226.0800898476539
 30
0.0
 10
-176.7377495462786
 20
226.0782214156067
 30
0.0
  0
SPLINE
  5
24D
330
1F
100
AcDbEntity
  8
0
  6
Continuous
 62
     7
370
    25
100
AcDbSpline
210
0.0
220
0.0
230
1.0
 70
     8
 71
     3
 72
    19
 73
    15
 74
     0
 42
0.00000001
 43
0.00000001
 40
0.0
 40
0.0
 40
0.0
 40
0.0
 40
0.0216705238995386
 40
0.0502797375419075
 40
0.0859420851993722
 40
0.128680786190998
 40
0.2311085616879507
 40
0.3519336375856155
 40
0.4904763319148002
 40
0.6466522447054642
 40
0.730205901385765
 40
0.816382357824981
 40
0.9061540123671299
 40
1.0
 40
1.0
 40
1.0
 40
1.0
 10
-188.71560798548
 20
225.8277676950985
 30
0.0
 10
-188.7003886260665
 20
225.8264471211853
 30
0.0
 10
-188.6650768172512
 20
225.8233831385115
 30
0.0
 10
-188.6073509840861
 20
225.8045007645206
 30
0.0
 10
-188.5360727744595
 20
225.7804743815246
 30
0.0
 10
-188.4222360045094
 20
225.7233488481851
 30
0.0
 10
-188.2526240209417
 20
225.6448802889761
 30
0.0
 10
-188.0168953879027
 20
225.5490551253808
 30
0.0
 10
-187.7411884642944
 20
225.4521914736507
 30
0.0
 10
-187.4845056418474
 20
225.3817010440174
 30
0.0
 10
-187.2603926805045
 20
225.3339878054188
 30
0.0
 10
-187.0799950968011
 20
225.3058566337659
 30
0.0
 10
-186.8906514826275
 20
225.2923665265038
 30
0.0
 10
-186.7616011915844
 20
225.2899717094763
 30
0.0
 10
-186.6956442831207
 20
225.2887477313961
 30
0.0
  0
SPLINE
  5
24E
330
1F
100
AcDbEntity
  8
0
  6
Continuous
 62
     7
370
    25
100
AcDbSpline
210
0.0
220
0.0
230
1.0
 70
     8
 71
     3
 72
    15
 73
    11
 74
     0
 42
0.00000001
 43
0.00000001
 40
0.0
 40
0.0
 40
0.0
 40
0.0
 40
0.2094089025025545
 40
0.3866144270677286
 40
0.5297536866896827
 40
0.6493882173142218
 40
0.7441248813225472
 40
0.8281735967945436
 40
0.9062108700091299
 40
1.0
 40
1.0
 40
1.0
 40
1.0
 10
-188.9642468239555
 20
225.1725952813054
 30
0.0
 10
-188.9642914618593
 20
225.2270568804117
 30
0.0
 10
-188.9643738731482
 20
225.3276048498821
 30
0.0
 10
-188.9553849795068
 20
225.465167367316
 30
0.0
 10
-188.9414137969586
 20
225.5787547992323
 30
0.0
 10
-188.9216753499083
 20
225.6699080712067
 30
0.0
 10
-188.8907137241958
 20
225.7417999577906
 30
0.0
 10
-188.8466841225166
 20
225.7939169070448
 30
0.0
 10
-188.7851817152337
 20
225.8243141023911
 30
0.0
 10
-188.7401745441647
 20
225.826548227805
 30
0.0
 10
-188.71560798548
 20
225.8277676950985
 30
0.0
  0
SPLINE
  5
24F
330
1F
100
AcDbEntity
  8
0
  6
Continuous
 62
     7
370
    25
100
AcDbSpline
210
0.0
220
0.0
230
1.0
 70
     8
 71
     3
 72
    25
 73
    21
 74
     0
 42
0.00000001
 43
0.00000001
 40
0.0
 40
0.0
 40
0.0
 40
0.0
 40
0.1160348324654874
 40
0.2319305353913258
 40
0.3454195320749243
 40
0.4520722459463661
 40
0.5505665183756675
 40
0.6393167129062229
 40
0.6778792245833377
 40
0.7105054111313608
 40
0.7361834893300376
 40
0.7553915137574707
 40
0.7840801578117342
 40
0.8049191244650059
 40
0.8236038946887346
 40
0.8464794751557676
 40
0.8744823450269562
 40
0.9082963884004586
 40
0.9494911237528719
 40
1.0
 40
1.0
 40
1.0
 40
1.0
 10
-186.666606170598
 20
224.03284936479
 30
0.0
 10
-186.7792255364662
 20
224.0348216317414
 30
0.0
 10
-187.0043292339186
 20
224.0387638008322
 30
0.0
 10
-187.3378556184319
 20
224.0742220442918
 30
0.0
 10
-187.6608764415932
 20
224.1198356425324
 30
0.0
 10
-187.9625856087557
 20
224.1883831918592
 30
0.0
 10
-188.23758819642
 20
224.2644395515433
 30
0.0
 10
-188.4438559764228
 20
224.3387297420666
 30
0.0
 10
-188.5874911992171
 20
224.3977394859709
 30
0.0
 10
-188.6715790030866
 20
224.4396958073695
 30
0.0
 10
-188.7383772455593
 20
224.4745742715441
 30
0.0
 10
-188.7961637315549
 20
224.5168202318778
 30
0.0
 10
-188.8455605500819
 20
224.5616565116281
 30
0.0
 10
-188.8892760618507
 20
224.612155565336
 30
0.0
 10
-188.91430234814
 20
224.6678701565993
 30
0.0
 10
-188.9338685827315
 20
224.7324655967179
 30
0.0
 10
-188.9507118296607
 20
224.8131249734919
 30
0.0
 10
-188.9578541552491
 20
224.912964563259
 30
0.0
 10
-188.9636328144947
 20
225.034588110423
 30
0.0
 10
-188.9640287493804
 20
225.1235799858073
 30
0.0
 10
-188.9642468239555
 20
225.1725952813054
 30
0.0
  0
SPLINE
  5
250
330
1F
100
AcDbEntity
  8
0
  6
Continuous
 62
     7
370
    25
100
AcDbSpline
210
0.0
220
0.0
230
1.0
 70
     8
 71
     3
 72
    23
 73
    19
 74
     0
 42
0.00000001
 43
0.00000001
 40
0.0
 40
0.0
 40
0.0
 40
0.0
 40
0.0630187528739133
 40
0.1231727669402121
 40
0.1810231590382797
 40
0.2382169426960599
 40
0.2949219651818958
 40
0.3510394336649033
 40
0.4075583763382012
 40
0.4651699215718495
 40
0.5245789655460683
 40
0.5858614064713635
 40
0.6495116675525915
 40
0.7160846542145357
 40
0.7849977930738721
 40
0.8552939586072539
 40
0.9267153983992146
 40
1.0
 40
1.0
 40
1.0
 40
1.0
 10
-183.4923774954619
 20
226.3177858439188
 30
0.0
 10
-183.4954844519772
 20
226.2256174574536
 30
0.0
 10
-183.501557127384
 20
226.0454705223332
 30
0.0
 10
-183.5498566543403
 20
225.7843248279542
 30
0.0
 10
-183.6276093235281
 20
225.5395470856843
 30
0.0
 10
-183.7394771739486
 20
225.3136787537086
 30
0.0
 10
-183.8789310414067
 20
225.107464097312
 30
0.0
 10
-184.0366320712166
 20
224.9158704801391
 30
0.0
 10
-184.220835477348
 20
224.7476202520392
 30
0.0
 10
-184.4229028551443
 20
224.5937421173754
 30
0.0
 10
-184.6468746920583
 20
224.4592556142804
 30
0.0
 10
-184.8918021232859
 20
224.3462022862648
 30
0.0
 10
-185.1537689917298
 20
224.2465888535856
 30
0.0
 10
-185.4351915088583
 20
224.1707921153683
 30
0.0
 10
-185.729793297157
 20
224.109622837478
 30
0.0
 10
-186.0344161322749
 20
224.0634990717606
 30
0.0
 10
-186.3479732387121
 20
224.0385332645447
 30
0.0
 10
-186.5594874101343
 20
224.0347601914353
 30
0.0
 10
-186.666606170598
 20
224.03284936479
 30
0.0
  0
SPLINE
  5
251
330
1F
100
AcDbEntity
  8
0
  6
Continuous
 62
     7
370
    25
100
AcDbSpline
210
0.0
220
0.0
230
1.0
 70
     8
 71
     3
 72
    31
 73
    27
 74
     0
 42
0.00000001
 43
0.00000001
 40
0.0
 40
0.0
 40
0.0
 40
0.0
 40
0.022254927950581
 40
0.04392351243968
 40
0.0650172067063397
 40
0.0868807552404741
 40
0.1098496951925592
 40
0.1338040854680065
 40
0.1590125555008415
 40
0.1857442460752964
 40
0.2432989565227
 40
0.3062283483518822
 40
0.3729434342667331
 40
0.4421455108821243
 40
0.5119895467530137
 40
0.5816972673482614
 40
0.6499397347512799
 40
0.7163764125478397
 40
0.749284577249497
 40
0.7821616006757338
 40
0.8154279941336006
 40
0.8492541856992092
 40
0.8839966097962639
 40
0.9202114741465526
 40
0.9587290248414172
 40
1.0
 40
1.0
 40
1.0
 40
1.0
 10
-187.5159709618866
 20
229.9312159709606
 30
0.0
 10
-187.5138562577522
 20
229.888093406171
 30
0.0
 10
-187.5096825649161
 20
229.8029844130002
 30
0.0
 10
-187.4772971036227
 20
229.6799497540125
 30
0.0
 10
-187.4180498143059
 20
229.5688410087552
 30
0.0
 10
-187.3410417213931
 20
229.4663470368885
 30
0.0
 10
-187.2451729784891
 20
229.3734076338271
 30
0.0
 10
-187.1382726022339
 20
229.283153319122
 30
0.0
 10
-187.0150298675415
 20
229.2025637521181
 30
0.0
 10
-186.831631375909
 20
229.0959783465206
 30
0.0
 10
-186.5732222649231
 20
228.9742215039469
 30
0.0
 10
-186.2354396025004
 20
228.8423140661015
 30
0.0
 10
-185.8743831907903
 20
228.7082855053395
 30
0.0
 10
-185.5010756911764
 20
228.5685818299852
 30
0.0
 10
-185.1285599260659
 20
228.4111296365992
 30
0.0
 10
-184.7642027797663
 20
228.2395587282112
 30
0.0
 10
-184.4230900212168
 20
228.0367840873812
 30
0.0
 10
-184.1683568297589
 20
227.8337440142485
 30
0.0
 10
-183.986910842587
 20
227.6524296070839
 30
0.0
 10
-183.8677537670257
 20
227.501693169715
 30
0.0
 10
-183.7575909110717
 20
227.3422384359582
 30
0.0
 10
-183.6624880583695
 20
227.1689915073676
 30
0.0
 10
-183.5851175944261
 20
226.9807774654652
 30
0.0
 10
-183.5311602553105
 20
226.7751936216384
 30
0.0
 10
-183.4980423335542
 20
226.5523791229442
 30
0.0
 10
-183.4943087225876
 20
226.397762163911
 30
0.0
 10
-183.4923774954619
 20
226.3177858439188
 30
0.0
  0
SPLINE
  5
252
330
1F
100
AcDbEntity
  8
0
  6
Continuous
 62
     7
370
    25
100
AcDbSpline
210
0.0
220
0.0
230
1.0
 70
     8
 71
     3
 72
    19
 73
    15
 74
     0
 42
0.00000001
 43
0.00000001
 40
0.0
 40
0.0
 40
0.0
 40
0.0
 40
0.1649585222144156
 40
0.3131663058291657
 40
0.4470656981911403
 40
0.5663918864051893
 40
0.622611123518147
 40
0.6770635649904826
 40
0.7304758913362833
 40
0.7831403099906121
 40
0.8364099127565634
 40
0.8899196727401409
 40
0.943489303802569
 40
1.0
 40
1.0
 40
1.0
 40
1.0
 10
-186.0150635208703
 20
230.9421052631565
 30
0.0
 10
-186.1266010158556
 20
230.9389012421261
 30
0.0
 10
-186.338349913682
 20
230.9328185528753
 30
0.0
 10
-186.6371667229214
 20
230.8802123325457
 30
0.0
 10
-186.8956728318483
 20
230.7958352124701
 30
0.0
 10
-187.083943676398
 20
230.7013066491382
 30
0.0
 10
-187.2078795506444
 20
230.6068708140019
 30
0.0
 10
-187.2883076119065
 20
230.530258979063
 30
0.0
 10
-187.3581072944036
 20
230.4467738749944
 30
0.0
 10
-187.4145288765124
 20
230.3546769289019
 30
0.0
 10
-187.4600724723602
 20
230.2567795713736
 30
0.0
 10
-187.4931484137818
 20
230.1532147130135
 30
0.0
 10
-187.511148997705
 20
230.0437524435537
 30
0.0
 10
-187.5143352641924
 20
229.969390383254
 30
0.0
 10
-187.5159709618866
 20
229.9312159709606
 30
0.0
  0
SPLINE
  5
253
330
1F
100
AcDbEntity
  8
0
  6
Continuous
 62
     7
370
    25
100
AcDbSpline
210
0.0
220
0.0
230
1.0
 70
     8
 71
     3
 72
    15
 73
    11
 74
     0
 42
0.00000001
 43
0.00000001
 40
0.0
 40
0.0
 40
0.0
 40
0.0
 40
0.2165336637941775
 40
0.3933561364143808
 40
0.5382877727103474
 40
0.6569322353596014
 40
0.7538307393894121
 40
0.8344551681883093
 40
0.9144593998632992
 40
1.0
 40
1.0
 40
1.0
 40
1.0
 10
-183.3308529945545
 20
230.967513611614
 30
0.0
 10
-183.3314776881828
 20
230.9088234377484
 30
0.0
 10
-183.3326125097519
 20
230.8022065744269
 30
0.0
 10
-183.3420940411384
 20
230.6564286150906
 30
0.0
 10
-183.3621616415627
 20
230.5385311500188
 30
0.0
 10
-183.3875266680948
 20
230.4440563362521
 30
0.0
 10
-183.4242488729631
 20
230.3710878134573
 30
0.0
 10
-183.4776271137408
 20
230.3238977705731
 30
0.0
 10
-183.5403164427081
 20
230.2975013315519
 30
0.0
 10
-183.5852907479398
 20
230.2941231005759
 30
0.0
 10
-183.6085299455526
 20
230.2923774954615
 30
0.0
  0
SPLINE
  5
254
330
1F
100
AcDbEntity
  8
0
  6
Continuous
 62
     7
370
    25
100
AcDbSpline
210
0.0
220
0.0
230
1.0
 70
     8
 71
     3
 72
    23
 73
    19
 74
     0
 42
0.00000001
 43
0.00000001
 40
0.0
 40
0.0
 40
0.0
 40
0.0
 40
0.1424752496906857
 40
0.2758916096029854
 40
0.3974756695280774
 40
0.5053300879178703
 40
0.5986773394587769
 40
0.6782135553534072
 40
0.7120131529397733
 40
0.7416978033740697
 40
0.7667765171325112
 40
0.7879162345449777
 40
0.8260637659670177
 40
0.8687807562562744
 40
0.8945612316405726
 40
0.9248608883558602
 40
0.9600175274420971
 40
1.0
 40
1.0
 40
1.0
 40
1.0
 10
-186.0078039927396
 20
232.2415607985468
 30
0.0
 10
-185.8503631444784
 20
232.2388487211667
 30
0.0
 10
-185.5454918834114
 20
232.2335970062521
 30
0.0
 10
-185.1087137365729
 20
232.1817452863995
 30
0.0
 10
-184.7152910608389
 20
232.1043040237172
 30
0.0
 10
-184.3687404321826
 20
232.0194394131286
 30
0.0
 10
-184.0735549595219
 20
231.9235141609774
 30
0.0
 10
-183.8619861851973
 20
231.8368465804728
 30
0.0
 10
-183.720896534564
 20
231.7655504387571
 30
0.0
 10
-183.6364118361733
 20
231.7161494178711
 30
0.0
 10
-183.5645012915048
 20
231.6731022605413
 30
0.0
 10
-183.4881287077231
 20
231.6190845294637
 30
0.0
 10
-183.416853564261
 20
231.5288246959104
 30
0.0
 10
-183.3730350428334
 20
231.4182150992343
 30
0.0
 10
-183.349887620677
 20
231.3113191236965
 30
0.0
 10
-183.3414843750561
 20
231.2107725818353
 30
0.0
 10
-183.3303489899161
 20
231.0947799616549
 30
0.0
 10
-183.330677950476
 20
231.0117140400855
 30
0.0
 10
-183.3308529945545
 20
230.967513611614
 30
0.0
  0
SPLINE
  5
255
330
1F
100
AcDbEntity
  8
0
  6
Continuous
 62
     7
370
    25
100
AcDbSpline
210
0.0
220
0.0
230
1.0
 70
     8
 71
     3
 72
    23
 73
    19
 74
     0
 42
0.00000001
 43
0.00000001
 40
0.0
 40
0.0
 40
0.0
 40
0.0
 40
0.0628355066017601
 40
0.1227332175126823
 40
0.1804565474181159
 40
0.2370619965370434
 40
0.2931051777628363
 40
0.349324279721119
 40
0.406198238274904
 40
0.4641897667222007
 40
0.5241580895457014
 40
0.585309728655545
 40
0.6492722248151074
 40
0.715721544059998
 40
0.7840826434617422
 40
0.8539863769297894
 40
0.9259749017139907
 40
0.9999999999999999
 40
0.9999999999999999
 40
0.9999999999999999
 40
0.9999999999999999
 10
-189.5123411978213
 20
229.7225045372037
 30
0.0
 10
-189.508690520081
 20
229.8237364985978
 30
0.0
 10
-189.5015598474822
 20
230.0214674473709
 30
0.0
 10
-189.4507050976861
 20
230.3087692407438
 30
0.0
 10
-189.3632413724921
 20
230.5764151175046
 30
0.0
 10
-189.2401888062423
 20
230.8227456459233
 30
0.0
 10
-189.0878351690866
 20
231.0487913664136
 30
0.0
 10
-188.911270192476
 20
231.2570461653025
 30
0.0
 10
-188.7083779740099
 20
231.444499786472
 30
0.0
 10
-188.4813600677006
 20
231.6118956171286
 30
0.0
 10
-188.2334667614601
 20
231.7604509818054
 30
0.0
 10
-187.9632520374756
 20
231.8871722356859
 30
0.0
 10
-187.6752811511096
 20
231.9988882322911
 30
0.0
 10
-187.3668159910094
 20
232.0861946875181
 30
0.0
 10
-187.0440229180292
 20
232.1542114157801
 30
0.0
 10
-186.7091437739016
 20
232.2061395192946
 30
0.0
 10
-186.3621957474937
 20
232.2344427897829
 30
0.0
 10
-186.1270279380331
 20
232.2391661686603
 30
0.0
 10
-186.0078039927396
 20
232.2415607985468
 30
0.0
  0
SPLINE
  5
256
330
1F
100
AcDbEntity
  8
0
  6
Continuous
 62
     7
370
    25
100
AcDbSpline
210
0.0
220
0.0
230
1.0
 70
     8
 71
     3
 72
    33
 73
    29
 74
     0
 42
0.00000001
 43
0.00000001
 40
0.0
 40
0.0
 40
0.0
 40
0.0
 40
0.02190379968594
 40
0.0429314067067619
 40
0.0639890383341531
 40
0.0856271923035893
 40
0.1085543503661306
 40
0.1322671900542527
 40
0.1578625848004032
 40
0.1848156666629908
 40
0.2433916025635466
 40
0.3073656571633777
 40
0.3750215222060542
 40
0.4440977160629304
 40
0.5142698165024412
 40
0.5845478016369261
 40
0.6194324257725097
 40
0.6537694206774001
 40
0.6876275099165887
 40
0.7208011752369271
 40
0.7538691916732844
 40
0.7868415398967802
 40
0.8196143002754694
 40
0.8531058148563255
 40
0.8872084732766979
 40
0.9228388240840026
 40
0.9603612694015524
 40
1.0
 40
1.0
 40
1.0
 40
1.0
 10
-185.4451905626125
 20
226.1399274047174
 30
0.0
 10
-185.4471083643741
 20
226.1825260636163
 30
0.0
 10
-185.4508672522651
 20
226.266019355948
 30
0.0
 10
-185.4858772962502
 20
226.3861470226016
 30
0.0
 10
-185.5382515517065
 20
226.4987756069701
 30
0.0
 10
-185.6149649479616
 20
226.6014591671453
 30
0.0
 10
-185.7099336077408
 20
226.6942305188017
 30
0.0
 10
-185.8188829526271
 20
226.782691401662
 30
0.0
 10
-185.9419145599414
 20
226.8652482202524
 30
0.0
 10
-186.1294722953157
 20
226.9719263880844
 30
0.0
 10
-186.3936136211969
 20
227.0929455337053
 30
0.0
 10
-186.7379783748101
 20
227.2258868647526
 30
0.0
 10
-187.1054166273334
 20
227.3550873651519
 30
0.0
 10
-187.4802553120231
 20
227.4989411311648
 30
0.0
 10
-187.8573283776942
 20
227.6513126847642
 30
0.0
 10
-188.1639472603347
 20
227.7994148748258
 30
0.0
 10
-188.4017597468398
 20
227.9288357045966
 30
0.0
 10
-188.5712705438413
 20
228.0354453647218
 30
0.0
 10
-188.7283482390004
 20
228.1540835127975
 30
0.0
 10
-188.8770407800738
 20
228.2792951344428
 30
0.0
 10
-189.0131896380723
 20
228.4157065366012
 30
0.0
 10
-189.137526292815
 20
228.5621073929925
 30
0.0
 10
-189.2448022199098
 20
228.7223784714892
 30
0.0
 10
-189.3402873708754
 20
228.8924436610984
 30
0.0
 10
-189.4172898489439
 20
229.0778965866981
 30
0.0
 10
-189.4739703644211
 20
229.2786598269655
 30
0.0
 10
-189.5063675591926
 20
229.4958000530653
 30
0.0
 10
-189.5103139063673
 20
229.6455671642178
 30
0.0
 10
-189.5123411978213
 20
229.7225045372037
 30
0.0
  0
SPLINE
  5
257
330
1F
100
AcDbEntity
  8
0
  6
Continuous
 62
     7
370
    25
100
AcDbSpline
210
0.0
220
0.0
230
1.0
 70
     8
 71
     3
 72
    15
 73
    11
 74
     0
 42
0.00000001
 43
0.00000001
 40
0.0
 40
0.0
 40
0.0
 40
0.0
 40
0.173864323586994
 40
0.3266505811940409
 40
0.4608683687645123
 40
0.581819796534195
 40
0.6903041317283336
 40
0.7955160169014501
 40
0.8975193470393065
 40
1.0
 40
1.0
 40
1.0
 40
1.0
 10
-186.6956442831207
 20
225.2887477313961
 30
0.0
 10
-186.5973845945396
 20
225.291335115795
 30
0.0
 10
-186.4127775186269
 20
225.29619620863
 30
0.0
 10
-186.1561426618409
 20
225.3457431578238
 30
0.0
 10
-185.9377353901532
 20
225.4214215624179
 30
0.0
 10
-185.75726736436
 20
225.5219821844555
 30
0.0
 10
-185.6145754816684
 20
225.6487006350037
 30
0.0
 10
-185.5157280592103
 20
225.7992800376041
 30
0.0
 10
-185.4575570725523
 20
225.9664969202268
 30
0.0
 10
-185.4493191424703
 20
226.0820273497727
 30
0.0
 10
-185.4451905626125
 20
226.1399274047174
 30
0.0
  0
SPLINE
  5
258
330
1F
100
AcDbEntity
  8
0
  6
Continuous
 62
     7
370
    25
100
AcDbSpline
210
0.0
220
0.0
230
1.0
 70
     8
 71
     3
 72
    21
 73
    17
 74
     0
 42
0.00000001
 43
0.00000001
 40
0.0
 40
0.0
 40
0.0
 40
0.0
 40
0.0534615862767154
 40
0.0946752193102174
 40
0.1315036719748491
 40
0.1713119924079059
 40
0.1952800275156291
 40
0.2245990224944255
 40
0.2593964874852911
 40
0.299819908527004
 40
0.3925486262407312
 40
0.4974834190757989
 40
0.6134831567587
 40
0.7373846600162708
 40
0.8670250033557808
 40
1.0
 40
1.0
 40
1.0
 40
1.0
 10
-208.9998185117959
 20
227.1816696914686
 30
0.0
 10
-209.0011418078417
 20
227.1247262098209
 30
0.0
 10
-209.0034852351899
 20
227.0238848957347
 30
0.0
 10
-209.0289756841092
 20
226.8848250993342
 30
0.0
 10
-209.0858808140169
 20
226.7711744754337
 30
0.0
 10
-209.1589347361575
 20
226.6906559864988
 30
0.0
 10
-209.2400612498807
 20
226.6333777263708
 30
0.0
 10
-209.3197212013042
 20
226.5835545764794
 30
0.0
 10
-209.4208226041476
 20
226.5365091377533
 30
0.0
 10
-209.5837155275593
 20
226.4626023566834
 30
0.0
 10
-209.822564565257
 20
226.3762697803581
 30
0.0
 10
-210.1426494806732
 20
226.2800234391955
 30
0.0
 10
-210.5010968836123
 20
226.1985260862057
 30
0.0
 10
-210.8890674197918
 20
226.1313156704018
 30
0.0
 10
-211.298841062229
 20
226.0861578434257
 30
0.0
 10
-211.5786471601948
 20
226.0808891917499
 30
0.0
 10
-211.720326678765
 20
226.0782214156065
 30
0.0
  0
SPLINE
  5
259
330
1F
100
AcDbEntity
  8
0
  6
Continuous
 62
     7
370
    25
100
AcDbSpline
210
0.0
220
0.0
230
1.0
 70
     8
 71
     3
 72
    15
 73
    11
 74
     0
 42
0.00000001
 43
0.00000001
 40
0.0
 40
0.0
 40
0.0
 40
0.0
 40
0.099221201163967
 40
0.1954481480868772
 40
0.2947244568369677
 40
0.4011016367919368
 40
0.5240096121960205
 40
0.6663804154101726
 40
0.8267965478902831
 40
0.9999999999999999
 40
0.9999999999999999
 40
0.9999999999999999
 40
0.9999999999999999
 10
-209.3283121597087
 20
227.8005444646083
 30
0.0
 10
-209.302515782582
 20
227.7985879255923
 30
0.0
 10
-209.2517015001744
 20
227.7947338911434
 30
0.0
 10
-209.1818877166167
 20
227.7595515249102
 30
0.0
 10
-209.1252069731046
 20
227.7048510121043
 30
0.0
 10
-209.0781532643438
 20
227.6330990077601
 30
0.0
 10
-209.0458808061725
 20
227.5420044815906
 30
0.0
 10
-209.0182564243573
 20
227.4353180029278
 30
0.0
 10
-209.0027954211673
 20
227.3127733714838
 30
0.0
 10
-209.0008358510689
 20
227.2264735151282
 30
0.0
 10
-208.9998185117959
 20
227.1816696914686
 30
0.0
  0
SPLINE
  5
25A
330
1F
100
AcDbEntity
  8
0
  6
Continuous
 62
     7
370
    25
100
AcDbSpline
210
0.0
220
0.0
230
1.0
 70
     8
 71
     3
 72
    19
 73
    15
 74
     0
 42
0.00000001
 43
0.00000001
 40
0.0
 40
0.0
 40
0.0
 40
0.0
 40
0.0971146957721409
 40
0.1882102994443726
 40
0.275806713915471
 40
0.3581100317040024
 40
0.5104222420473584
 40
0.6465977152842444
 40
0.7643665824807955
 40
0.863267021066613
 40
0.9050066170013648
 40
0.9411584068604956
 40
0.97249613145952
 40
1.0
 40
1.0
 40
1.0
 40
1.0
 10
-211.5606170598902
 20
227.2488203266772
 30
0.0
 10
-211.4855574462431
 20
227.2497022756603
 30
0.0
 10
-211.3400903544874
 20
227.2514115111254
 30
0.0
 10
-211.1276549084786
 20
227.2693208416027
 30
0.0
 10
-210.9271090623829
 20
227.2921742841715
 30
0.0
 10
-210.6834601551757
 20
227.3444275931713
 30
0.0
 10
-210.406434287749
 20
227.4179868369206
 30
0.0
 10
-210.1083907252094
 20
227.5171516515921
 30
0.0
 10
-209.8549448342651
 20
227.6179575386735
 30
0.0
 10
-209.6714791656624
 20
227.6964371217444
 30
0.0
 10
-209.5472348688367
 20
227.7538100595271
 30
0.0
 10
-209.4663711729798
 20
227.7781918597056
 30
0.0
 10
-209.3950955661
 20
227.7969405758099
 30
0.0
 10
-209.3495848704492
 20
227.799396507532
 30
0.0
 10
-209.3283121597087
 20
227.8005444646083
 30
0.0
  0
SPLINE
  5
25B
330
1F
100
AcDbEntity
  8
0
  6
Continuous
 62
     7
370
    25
100
AcDbSpline
210
0.0
220
0.0
230
1.0
 70
     8
 71
     3
 72
    19
 73
    15
 74
     0
 42
0.00000001
 43
0.00000001
 40
0.0
 40
0.0
 40
0.0
 40
0.0
 40
0.1298750253114404
 40
0.2447445841043148
 40
0.349808387014886
 40
0.4521027102799156
 40
0.5041421745672098
 40
0.5596160410062461
 40
0.6185979630488392
 40
0.6817758259940292
 40
0.7505710150359152
 40
0.8263518905771531
 40
0.9093713975063218
 40
1.0
 40
1.0
 40
1.0
 40
1.0
 10
-212.7965517241371
 20
228.2724137931019
 30
0.0
 10
-212.7936836416251
 20
228.1916845256101
 30
0.0
 10
-212.7882788483642
 20
228.0395532675029
 30
0.0
 10
-212.7413206522301
 20
227.8262188238902
 30
0.0
 10
-212.6606112957062
 20
227.6408996459997
 30
0.0
 10
-212.5539450869462
 20
227.516848010626
 30
0.0
 10
-212.4511750973331
 20
227.4364998640609
 30
0.0
 10
-212.3621301948795
 20
227.3831019905127
 30
0.0
 10
-212.2591245251049
 20
227.3428090439612
 30
0.0
 10
-212.1457379350706
 20
227.3078644042819
 30
0.0
 10
-212.0193910546773
 20
227.2810694181255
 30
0.0
 10
-211.8793958801934
 20
227.2609809618166
 30
0.0
 10
-211.7247132315188
 20
227.2508253966662
 30
0.0
 10
-211.6168906778016
 20
227.2495079267676
 30
0.0
 10
-211.5606170598902
 20
227.2488203266772
 30
0.0
  0
SPLINE
  5
25E
330
1F
100
AcDbEntity
  8
0
  6
Continuous
 62
     7
370
    25
100
AcDbSpline
210
0.0
220
0.0
230
1.0
 70
     8
 71
     3
 72
    23
 73
    19
 74
     0
 42
0.00000001
 43
0.00000001
 40
0.0
 40
0.0
 40
0.0
 40
0.0
 40
0.0518298873011453
 40
0.1011958379216797
 40
0.1485971189938449
 40
0.1952452089432168
 40
0.2424114205948175
 40
0.2910852948882833
 40
0.3422434713215008
 40
0.3961013724723201
 40
0.4538779987767515
 40
0.5164833860463177
 40
0.5835708698508475
 40
0.6557817460107345
 40
0.7335433791305321
 40
0.8165870653557928
 40
0.9054918782333244
 40
1.0
 40
1.0
 40
1.0
 40
1.0
 10
-208.6404718693276
 20
230.4647912885648
 30
0.0
 10
-208.6432366534247
 20
230.3877571354611
 30
0.0
 10
-208.6486347867788
 20
230.2373509494199
 30
0.0
 10
-208.691405724595
 20
230.0199210804496
 30
0.0
 10
-208.7598031799332
 20
229.8173850771177
 30
0.0
 10
-208.8598766405713
 20
229.6319757778553
 30
0.0
 10
-208.9866088321448
 20
229.4616915108859
 30
0.0
 10
-209.1405389954264
 20
229.3057307140582
 30
0.0
 10
-209.3237661532021
 20
229.1684114690931
 30
0.0
 10
-209.5329998259747
 20
229.0463871227859
 30
0.0
 10
-209.7690226202833
 20
228.9391759140205
 30
0.0
 10
-210.0324457468158
 20
228.8480811980473
 30
0.0
 10
-210.3221240884074
 20
228.7694603467044
 30
0.0
 10
-210.6391545471795
 20
228.7096650065507
 30
0.0
 10
-210.9818367964036
 20
228.6604593848368
 30
0.0
 10
-211.3513365277964
 20
228.6266775896042
 30
0.0
 10
-211.7467289936746
 20
228.6070737944542
 30
0.0
 10
-212.0191542000005
 20
228.6042020575983
 30
0.0
 10
-212.1595281306706
 20
228.6027223230475
 30
0.0
  0
SPLINE
  5
25F
330
1F
100
AcDbEntity
  8
0
  6
Continuous
 62
     7
370
    25
100
AcDbSpline
210
0.0
220
0.0
230
1.0
 70
     8
 71
     3
 72
    23
 73
    19
 74
     0
 42
0.00000001
 43
0.00000001
 40
0.0
 40
0.0
 40
0.0
 40
0.0
 40
0.0760774510321317
 40
0.1491560166057606
 40
0.2199833241499118
 40
0.2883862901621491
 40
0.3542018448873007
 40
0.4173450489077124
 40
0.4775900388216979
 40
0.5366653998855014
 40
0.5942664573747052
 40
0.6499611817416637
 40
0.7056108574363656
 40
0.7609468316049599
 40
0.8173679022819976
 40
0.8752754864099909
 40
0.9358209275867948
 40
0.9999999999999999
 40
0.9999999999999999
 40
0.9999999999999999
 40
0.9999999999999999
 10
-211.0179673321226
 20
232.2415607985466
 30
0.0
 10
-210.9332169382487
 20
232.240279874111
 30
0.0
 10
-210.7670569133729
 20
232.2377685178051
 30
0.0
 10
-210.5229458635096
 20
232.2146945082658
 30
0.0
 10
-210.2887353118511
 20
232.1813515389938
 30
0.0
 10
-210.0654336862725
 20
232.1324698470191
 30
0.0
 10
-209.8545961832768
 20
232.0694835994007
 30
0.0
 10
-209.6585103487081
 20
231.9915632035261
 30
0.0
 10
-209.4767454910605
 20
231.9000865771041
 30
0.0
 10
-209.3095294306096
 20
231.7952946393068
 30
0.0
 10
-209.1582971945114
 20
231.6761898061094
 30
0.0
 10
-209.0268206859342
 20
231.5410793939825
 30
0.0
 10
-208.9094978405142
 20
231.3967601073078
 30
0.0
 10
-208.8122248424777
 20
231.2369475698826
 30
0.0
 10
-208.7363041366988
 20
231.0634167548979
 30
0.0
 10
-208.6789104607599
 20
230.8768026457572
 30
0.0
 10
-208.6464072326547
 20
230.6752441406019
 30
0.0
 10
-208.6424883800823
 20
230.5362916190573
 30
0.0
 10
-208.6404718693276
 20
230.4647912885648
 30
0.0
  0
SPLINE
  5
260
330
1F
100
AcDbEntity
  8
0
  6
Continuous
 62
     7
370
    25
100
AcDbSpline
210
0.0
220
0.0
230
1.0
 70
     8
 71
     3
 72
    15
 73
    11
 74
     0
 42
0.00000001
 43
0.00000001
 40
0.0
 40
0.0
 40
0.0
 40
0.0
 40
0.1196705158931835
 40
0.2385573335891902
 40
0.3593858084379368
 40
0.480950763328056
 40
0.6050315227133115
 40
0.7320976870801608
 40
0.8629145540828667
 40
1.0
 40
1.0
 40
1.0
 40
1.0
 10
-213.0814882032659
 20
231.4756805807607
 30
0.0
 10
-213.0129443289313
 20
231.5338720832816
 30
0.0
 10
-212.8763054603421
 20
231.6498740038491
 30
0.0
 10
-212.6520219133833
 20
231.8008302429185
 30
0.0
 10
-212.415082692692
 20
231.9335876280334
 30
0.0
 10
-212.162847468328
 20
232.0444272061728
 30
0.0
 10
-211.897514537315
 20
232.1351139630547
 30
0.0
 10
-211.6165311477065
 20
232.1947206838951
 30
0.0
 10
-211.3222150628693
 20
232.2349630226948
 30
0.0
 10
-211.1209530025005
 20
232.2393274988357
 30
0.0
 10
-211.0179673321226
 20
232.2415607985466
 30
0.0
  0
SPLINE
  5
262
330
1F
100
AcDbEntity
  8
0
  6
Continuous
 62
     7
370
    25
100
AcDbSpline
210
0.0
220
0.0
230
1.0
 70
     8
 71
     3
 72
    15
 73
    11
 74
     0
 42
0.00000001
 43
0.00000001
 40
0.0
 40
0.0
 40
0.0
 40
0.0
 40
0.1775877061613056
 40
0.3298536653440808
 40
0.4568514894030997
 40
0.5588720212392835
 40
0.7106676597334713
 40
0.821284070057085
 40
0.9071287067058057
 40
1.0
 40
1.0
 40
1.0
 40
1.0
 10
-213.8346642468231
 20
232.1362976406518
 30
0.0
 10
-213.7838450493304
 20
232.1358753070891
 30
0.0
 10
-213.6894528251999
 20
232.1350908593551
 30
0.0
 10
-213.558754248807
 20
232.131386465088
 30
0.0
 10
-213.4497535539047
 20
232.1267857613387
 30
0.0
 10
-213.3410853628734
 20
232.1163721872843
 30
0.0
 10
-213.2392808040668
 20
232.0939701292559
 30
0.0
 10
-213.1448359080565
 20
232.0561309398257
 30
0.0
 10
-213.0899526037862
 20
231.9880601049366
 30
0.0
 10
-213.0843826686753
 20
231.9363230163492
 30
0.0
 10
-213.0814882032659
 20
231.9094373865684
 30
0.0
  0
SPLINE
  5
263
330
1F
100
AcDbEntity
  8
0
  6
Continuous
 62
     7
370
    25
100
AcDbSpline
210
0.0
220
0.0
230
1.0
 70
     8
 71
     3
 72
    15
 73
    11
 74
     0
 42
0.00000001
 43
0.00000001
 40
0.0
 40
0.0
 40
0.0
 40
0.0
 40
0.0922392703874872
 40
0.185326519215729
 40
0.3041255210829652
 40
0.4643524575867293
 40
0.5651835990670957
 40
0.6886141458733263
 40
0.8328394262673018
 40
1.0
 40
1.0
 40
1.0
 40
1.0
 10
-214.6041742286743
 20
231.9094373865683
 30
0.0
 10
-214.6010988281889
 20
231.936800841215
 30
0.0
 10
-214.5949197543004
 20
231.991779309519
 30
0.0
 10
-214.5256710846626
 20
232.0551679076116
 30
0.0
 10
-214.4249135238408
 20
232.094007872836
 30
0.0
 10
-214.316495599821
 20
232.1157227666387
 30
0.0
 10
-214.2057042497104
 20
232.1268167072297
 30
0.0
 10
-214.0990636474102
 20
232.131301828564
 30
0.0
 10
-213.9732272195413
 20
232.1350991376203
 30
0.0
 10
-213.8830655401339
 20
232.1358789927575
 30
0.0
 10
-213.8346642468231
 20
232.1362976406518
 30
0.0
  0
SPLINE
  5
265
330
1F
100
AcDbEntity
  8
0
  6
Continuous
 62
     7
370
    25
100
AcDbSpline
210
0.0
220
0.0
230
1.0
 70
     8
 71
     3
 72
    23
 73
    19
 74
     0
 42
0.00000001
 43
0.00000001
 40
0.0
 40
0.0
 40
0.0
 40
0.0
 40
0.0892263287494573
 40
0.1720712931906792
 40
0.2483334384209689
 40
0.318744155814345
 40
0.3835619750278731
 40
0.4443151937708707
 40
0.5014209362768174
 40
0.5551536898937554
 40
0.606949275106967
 40
0.6580460432293486
 40
0.7088651094687626
 40
0.7610945380811922
 40
0.8154412586923769
 40
0.8731665030603448
 40
0.934352558674702
 40
1.0
 40
1.0
 40
1.0
 40
1.0
 10
-211.720326678765
 20
226.0782214156065
 30
0.0
 10
-211.8437796875044
 20
226.0793712563093
 30
0.0
 10
-212.0818564879264
 20
226.0815887024317
 30
0.0
 10
-212.4247884592967
 20
226.1052384482233
 30
0.0
 10
-212.7401220589091
 20
226.1441709259531
 30
0.0
 10
-213.0274272433721
 20
226.2005177303729
 30
0.0
 10
-213.2897947014439
 20
226.2701346272485
 30
0.0
 10
-213.5266697998162
 20
226.3594042591172
 30
0.0
 10
-213.7402103717533
 20
226.4640017681907
 30
0.0
 10
-213.9298749278201
 20
226.5862340667759
 30
0.0
 10
-214.0948084295613
 20
226.7276677266183
 30
0.0
 10
-214.2380044171436
 20
226.885807874707
 30
0.0
 10
-214.3555817845903
 20
227.0647326996239
 30
0.0
 10
-214.4479090064718
 20
227.2626384420047
 30
0.0
 10
-214.5185001984363
 20
227.4791665048659
 30
0.0
 10
-214.5691507255873
 20
227.7138524517732
 30
0.0
 10
-214.5974708778458
 20
227.9680327639707
 30
0.0
 10
-214.6018879875838
 20
228.1434878822892
 30
0.0
 10
-214.6041742286743
 20
228.2343012704159
 30
0.0
  0
SPLINE
  5
266
330
1F
100
AcDbEntity
  8
0
  6
Continuous
 62
     7
370
    25
100
AcDbSpline
210
0.0
220
0.0
230
1.0
 70
     8
 71
     3
 72
    15
 73
    11
 74
     0
 42
0.00000001
 43
0.00000001
 40
0.0
 40
0.0
 40
0.0
 40
0.0
 40
0.1514331118291901
 40
0.2911987825666477
 40
0.4220885977172006
 40
0.5450187667839747
 40
0.6627035867915354
 40
0.7756997499186135
 40
0.8877285658665477
 40
1.0
 40
1.0
 40
1.0
 40
1.0
 10
-205.7769509981843
 20
243.4085299455521
 30
0.0
 10
-205.8725580388167
 20
243.3254007701978
 30
0.0
 10
-206.0564059007583
 20
243.1655472588585
 30
0.0
 10
-206.3419718606389
 20
242.9573095923413
 30
0.0
 10
-206.6217609480764
 20
242.783276173869
 30
0.0
 10
-206.8997582124965
 20
242.6435206235064
 30
0.0
 10
-207.176326165356
 20
242.5371396208324
 30
0.0
 10
-207.4539371622489
 20
242.4642187980321
 30
0.0
 10
-207.7330844922024
 20
242.4186536590787
 30
0.0
 10
-207.9207608592638
 20
242.4131164345605
 30
0.0
 10
-208.0147005444638
 20
242.4103448275847
 30
0.0
  0
SPLINE
  5
267
330
1F
100
AcDbEntity
  8
0
  6
Continuous
 62
     7
370
    25
100
AcDbSpline
210
0.0
220
0.0
230
1.0
 70
     8
 71
     3
 72
    17
 73
    13
 74
     0
 42
0.00000001
 43
0.00000001
 40
0.0
 40
0.0
 40
0.0
 40
0.0
 40
0.081960473003495
 40
0.160348457956989
 40
0.2345095531516597
 40
0.3047515188792672
 40
0.4371181844893606
 40
0.5604633014706585
 40
0.6752398699972024
 40
0.7855218626609748
 40
0.8930897568774173
 40
1.0
 40
1.0
 40
1.0
 40
1.0
 10
-203.735208711433
 20
242.4103448275847
 30
0.0
 10
-203.8005825828748
 20
242.4106566588094
 30
0.0
 10
-203.9284808134759
 20
242.4112667291784
 30
0.0
 10
-204.1148917887344
 20
242.427240910191
 30
0.0
 10
-204.2914185489567
 20
242.4477532948836
 30
0.0
 10
-204.5083062237191
 20
242.4889179845054
 30
0.0
 10
-204.76003926857
 20
242.5567689809434
 30
0.0
 10
-205.0312438334118
 20
242.6759458585349
 30
0.0
 10
-205.2707303502231
 20
242.8190456545082
 30
0.0
 10
-205.470755453845
 20
242.9947386298181
 30
0.0
 10
-205.6429762321673
 20
243.1895991996811
 30
0.0
 10
-205.7323841262066
 20
243.3357023615727
 30
0.0
 10
-205.7769509981843
 20
243.4085299455521
 30
0.0
  0
SPLINE
  5
268
330
1F
100
AcDbEntity
  8
0
  6
Continuous
 62
     7
370
    25
100
AcDbSpline
210
0.0
220
0.0
230
1.0
 70
     8
 71
     3
 72
    15
 73
    11
 74
     0
 42
0.00000001
 43
0.00000001
 40
0.0
 40
0.0
 40
0.0
 40
0.0
 40
0.1439830786336848
 40
0.2797533174149179
 40
0.4083023982868972
 40
0.5306583469628222
 40
0.6491997265336039
 40
0.7658832496536568
 40
0.882918522719126
 40
1.0
 40
1.0
 40
1.0
 40
1.0
 10
-201.5337568058069
 20
243.3903811252254
 30
0.0
 10
-201.622665107446
 20
243.3120334029399
 30
0.0
 10
-201.7954103533826
 20
243.1598069369604
 30
0.0
 10
-202.0678785031544
 20
242.9627179348615
 30
0.0
 10
-202.3364176450902
 20
242.7917966930057
 30
0.0
 10
-202.6068780728906
 20
242.6521955321279
 30
0.0
 10
-202.8808854565589
 20
242.5435441669284
 30
0.0
 10
-203.1609576376412
 20
242.467739485186
 30
0.0
 10
-203.4460597264985
 20
242.4177556037666
 30
0.0
 10
-203.6388130361497
 20
242.4128154113033
 30
0.0
 10
-203.735208711433
 20
242.4103448275847
 30
0.0
  0
SPLINE
  5
26A
330
1F
100
AcDbEntity
  8
0
  6
Continuous
 62
     7
370
    25
100
AcDbSpline
210
0.0
220
0.0
230
1.0
 70
     8
 71
     3
 72
    15
 73
    11
 74
     0
 42
0.00000001
 43
0.00000001
 40
0.0
 40
0.0
 40
0.0
 40
0.0
 40
0.2403948040573558
 40
0.4364613099245795
 40
0.5905846609025583
 40
0.7086751587964033
 40
0.7980228287550466
 40
0.8700975318261872
 40
0.9340266645431599
 40
1.0
 40
1.0
 40
1.0
 40
1.0
 10
-200.7497277676943
 20
242.5156079854795
 30
0.0
 10
-200.8211679853442
 20
242.5158248423389
 30
0.0
 10
-200.9508749941917
 20
242.5162185681071
 30
0.0
 10
-201.1256501130764
 20
242.5300398420702
 30
0.0
 10
-201.2644440082528
 20
242.5449255487981
 30
0.0
 10
-201.3678985648597
 20
242.5730743890273
 30
0.0
 10
-201.4467921541511
 20
242.6031587071175
 30
0.0
 10
-201.4957704812857
 20
242.6500335597144
 30
0.0
 10
-201.5296395992111
 20
242.701623484022
 30
0.0
 10
-201.5323700809186
 20
242.7407473113124
 30
0.0
 10
-201.5337568058068
 20
242.7606170598897
 30
0.0
  0
SPLINE
  5
26B
330
1F
100
AcDbEntity
  8
0
  6
Continuous
 62
     7
370
    25
100
AcDbSpline
210
0.0
220
0.0
230
1.0
 70
     8
 71
     3
 72
    15
 73
    11
 74
     0
 42
0.00000001
 43
0.00000001
 40
0.0
 40
0.0
 40
0.0
 40
0.0
 40
0.0656322616269779
 40
0.1282220975627169
 40
0.2029528026718747
 40
0.2992877458107265
 40
0.4246149482836475
 40
0.5779415009608362
 40
0.7689524849614842
 40
0.9999999999999999
 40
0.9999999999999999
 40
0.9999999999999999
 40
0.9999999999999999
 10
-199.9602540834838
 20
242.7606170598897
 30
0.0
 10
-199.9618201990619
 20
242.7408665212641
 30
0.0
 10
-199.9648798319234
 20
242.7022809929312
 30
0.0
 10
-199.9961593601901
 20
242.6483077267419
 30
0.0
 10
-200.0507101066765
 20
242.6025710328528
 30
0.0
 10
-200.1353618402129
 20
242.5734420986186
 30
0.0
 10
-200.243730824559
 20
242.5457476469152
 30
0.0
 10
-200.3834344294047
 20
242.5300187651474
 30
0.0
 10
-200.5546461063693
 20
242.51632108219
 30
0.0
 10
-200.6807142658934
 20
242.5158602557379
 30
0.0
 10
-200.7497277676943
 20
242.5156079854795
 30
0.0
  0
SPLINE
  5
26D
330
1F
100
AcDbEntity
  8
0
  6
Continuous
 62
     7
370
    25
100
AcDbSpline
210
0.0
220
0.0
230
1.0
 70
     8
 71
     3
 72
    15
 73
    11
 74
     0
 42
0.00000001
 43
0.00000001
 40
0.0
 40
0.0
 40
0.0
 40
0.0
 40
0.2416320027907951
 40
0.4373390089272323
 40
0.5931262044774643
 40
0.7182033752071472
 40
0.8115675851512963
 40
0.8830267354863408
 40
0.9421609005999508
 40
1.0
 40
1.0
 40
1.0
 40
1.0
 10
-200.8822141560791
 20
248.4684210526301
 30
0.0
 10
-200.7999466073063
 20
248.467743796394
 30
0.0
 10
-200.6510474224649
 20
248.4665180044142
 30
0.0
 10
-200.4490132743595
 20
248.4577559974205
 30
0.0
 10
-200.288157330266
 20
248.4364393286727
 30
0.0
 10
-200.1621332699737
 20
248.4148178125091
 30
0.0
 10
-200.0692751314488
 20
248.3800326633912
 30
0.0
 10
-200.0036526363619
 20
248.3389437147276
 30
0.0
 10
-199.9666072520223
 20
248.2832767274292
 30
0.0
 10
-199.9623561175641
 20
248.2432190622417
 30
0.0
 10
-199.9602540834838
 20
248.22341197822
 30
0.0
  0
SPLINE
  5
26E
330
1F
100
AcDbEntity
  8
0
  6
Continuous
 62
     7
370
    25
100
AcDbSpline
210
0.0
220
0.0
230
1.0
 70
     8
 71
     3
 72
    15
 73
    11
 74
     0
 42
0.00000001
 43
0.00000001
 40
0.0
 40
0.0
 40
0.0
 40
0.0
 40
0.0578710932686089
 40
0.1180177507796751
 40
0.1880655479132916
 40
0.2831408432516279
 40
0.4065457060117674
 40
0.5624190757090631
 40
0.7582343377536165
 40
1.0
 40
1.0
 40
1.0
 40
1.0
 10
-201.8041742286744
 20
248.22341197822
 30
0.0
 10
-201.8022029071973
 20
248.243318736634
 30
0.0
 10
-201.7981827494007
 20
248.2839150122639
 30
0.0
 10
-201.7588037532705
 20
248.3377111156682
 30
0.0
 10
-201.6948139262655
 20
248.3812814925822
 30
0.0
 10
-201.6012300796066
 20
248.4138454163862
 30
0.0
 10
-201.4758556011699
 20
248.4369306958305
 30
0.0
 10
-201.3153506671883
 20
248.4576013275016
 30
0.0
 10
-201.113403320533
 20
248.4665719013111
 30
0.0
 10
-200.9644896875324
 20
248.4677629772058
 30
0.0
 10
-200.8822141560791
 20
248.4684210526301
 30
0.0
  0
SPLINE
  5
270
330
1F
100
AcDbEntity
  8
0
  6
Continuous
 62
     7
370
    25
100
AcDbSpline
210
0.0
220
0.0
230
1.0
 70
     8
 71
     3
 72
    15
 73
    11
 74
     0
 42
0.00000001
 43
0.00000001
 40
0.0
 40
0.0
 40
0.0
 40
0.0
 40
0.1010505025796003
 40
0.2048518050263133
 40
0.3132992413547678
 40
0.4287466250119084
 40
0.5531935292493861
 40
0.6895811326193086
 40
0.8383405447526497
 40
1.0
 40
1.0
 40
1.0
 40
1.0
 10
-203.2016333938286
 20
243.7515426497263
 30
0.0
 10
-203.14509560917
 20
243.7537235206473
 30
0.0
 10
-203.0304809665523
 20
243.758144630224
 30
0.0
 10
-202.8604024628341
 20
243.8036331721133
 30
0.0
 10
-202.6898716330631
 20
243.8707746889689
 30
0.0
 10
-202.5203144715056
 20
243.9673411069734
 30
0.0
 10
-202.3493634234683
 20
244.0897181809121
 30
0.0
 10
-202.1709360341845
 20
244.2330084174974
 30
0.0
 10
-201.9880409078063
 20
244.4029548425688
 30
0.0
 10
-201.8671379060174
 20
244.5271532021826
 30
0.0
 10
-201.8041742286744
 20
244.5918330308515
 30
0.0
  0
SPLINE
  5
271
330
1F
100
AcDbEntity
  8
0
  6
Continuous
 62
     7
370
    25
100
AcDbSpline
210
0.0
220
0.0
230
1.0
 70
     8
 71
     3
 72
    17
 73
    13
 74
     0
 42
0.00000001
 43
0.00000001
 40
0.0
 40
0.0
 40
0.0
 40
0.0
 40
0.1443770599058729
 40
0.2781318941884423
 40
0.401126727187763
 40
0.5153679802429263
 40
0.6264508472459963
 40
0.7410290321681875
 40
0.8014215843555793
 40
0.8641187626450598
 40
0.9303426872389983
 40
1.0
 40
1.0
 40
1.0
 40
1.0
 10
-204.232486388384
 20
244.9838475499078
 30
0.0
 10
-204.2302300065201
 20
244.8958899246608
 30
0.0
 10
-204.2258832511405
 20
244.7264459635897
 30
0.0
 10
-204.1781348611386
 20
244.4858976457189
 30
0.0
 10
-204.1016364568152
 20
244.2723666995421
 30
0.0
 10
-203.9910791104133
 20
244.0897498578971
 30
0.0
 10
-203.8466388164881
 20
243.9388129472051
 30
0.0
 10
-203.6945441930383
 20
243.8493741080203
 30
0.0
 10
-203.5582923982903
 20
243.8005303907796
 30
0.0
 10
-203.4468962399606
 20
243.7702833391998
 30
0.0
 10
-203.3267003175787
 20
243.7546711481949
 30
0.0
 10
-203.2440187556929
 20
243.7526029023951
 30
0.0
 10
-203.2016333938286
 20
243.7515426497263
 30
0.0
  0
SPLINE
  5
273
330
1F
100
AcDbEntity
  8
0
  6
Continuous
 62
     7
370
    25
100
AcDbSpline
210
0.0
220
0.0
230
1.0
 70
     8
 71
     3
 72
    15
 73
    11
 74
     0
 42
0.00000001
 43
0.00000001
 40
0.0
 40
0.0
 40
0.0
 40
0.0
 40
0.2416518203440141
 40
0.437374877475194
 40
0.5931748499796453
 40
0.7165216042217707
 40
0.8115521307853044
 40
0.8830171418734634
 40
0.9421561569012
 40
1.0
 40
1.0
 40
1.0
 40
1.0
 10
-205.1544464609793
 20
248.4684210526301
 30
0.0
 10
-205.0721748823703
 20
248.4677585226696
 30
0.0
 10
-204.9232684037741
 20
248.4665593843396
 30
0.0
 10
-204.7212780749875
 20
248.4576372479176
 30
0.0
 10
-204.5608902343105
 20
248.4368346615576
 30
0.0
 10
-204.4352068880978
 20
248.4140974511293
 30
0.0
 10
-204.3419408613312
 20
248.3804813007896
 30
0.0
 10
-204.2758948823505
 20
248.3389164040159
 30
0.0
 10
-204.2388373289621
 20
248.2832828482062
 30
0.0
 10
-204.2345876853126
 20
248.2432210873858
 30
0.0
 10
-204.232486388384
 20
248.22341197822
 30
0.0
  0
SPLINE
  5
274
330
1F
100
AcDbEntity
  8
0
  6
Continuous
 62
     7
370
    25
100
AcDbSpline
210
0.0
220
0.0
230
1.0
 70
     8
 71
     3
 72
    15
 73
    11
 74
     0
 42
0.00000001
 43
0.00000001
 40
0.0
 40
0.0
 40
0.0
 40
0.0
 40
0.0582576699093934
 40
0.1178197776754294
 40
0.1897960642256449
 40
0.2855064588202395
 40
0.4097356612395647
 40
0.5666502589531599
 40
0.7619868694458045
 40
1.0
 40
1.0
 40
1.0
 40
1.0
 10
-206.0691470054439
 20
248.22341197822
 30
0.0
 10
-206.0670457085447
 20
248.2432210886048
 30
0.0
 10
-206.0627960649549
 20
248.2832828518906
 30
0.0
 10
-206.0257385110798
 20
248.3389163875761
 30
0.0
 10
-205.9596925345982
 20
248.380481387683
 30
0.0
 10
-205.8664264936518
 20
248.4140969516949
 30
0.0
 10
-205.7407432258855
 20
248.4368374058473
 30
0.0
 10
-205.5809541374266
 20
248.457545001275
 30
0.0
 10
-205.381393050433
 20
248.4665349296072
 30
0.0
 10
-205.2349040950091
 20
248.4677523798984
 30
0.0
 10
-205.1544464609793
 20
248.4684210526301
 30
0.0
  0
SPLINE
  5
276
330
1F
100
AcDbEntity
  8
0
  6
Continuous
 62
     7
370
    25
100
AcDbSpline
210
0.0
220
0.0
230
1.0
 70
     8
 71
     3
 72
    15
 73
    11
 74
     0
 42
0.00000001
 43
0.00000001
 40
0.0
 40
0.0
 40
0.0
 40
0.0
 40
0.099013235810046
 40
0.2008392412960993
 40
0.3084148402037484
 40
0.4240063861083735
 40
0.5494980964482136
 40
0.6860560106801787
 40
0.8366044799920846
 40
1.0
 40
1.0
 40
1.0
 40
1.0
 10
-207.4666061705981
 20
243.7515426497263
 30
0.0
 10
-207.4112686168631
 20
243.7537153486708
 30
0.0
 10
-207.2990214792313
 20
243.7581224686281
 30
0.0
 10
-207.1320749333033
 20
243.8039754067306
 30
0.0
 10
-206.9634427440703
 20
243.8711206317823
 30
0.0
 10
-206.7941388547459
 20
243.9678663044744
 30
0.0
 10
-206.6216516823751
 20
244.0889691161509
 30
0.0
 10
-206.4429781620721
 20
244.2341581086449
 30
0.0
 10
-206.2564601654775
 20
244.40264874719
 30
0.0
 10
-206.1332651657678
 20
244.5270743762626
 30
0.0
 10
-206.0691470054439
 20
244.5918330308515
 30
0.0
  0
SPLINE
  5
277
330
1F
100
AcDbEntity
  8
0
  6
Continuous
 62
     7
370
    25
100
AcDbSpline
210
0.0
220
0.0
230
1.0
 70
     8
 71
     3
 72
    17
 73
    13
 74
     0
 42
0.00000001
 43
0.00000001
 40
0.0
 40
0.0
 40
0.0
 40
0.0
 40
0.1439546889489017
 40
0.2773182272915725
 40
0.3999532424268231
 40
0.5149079265120066
 40
0.6263600988210731
 40
0.7397526915386426
 40
0.7990393935433279
 40
0.8615531530319906
 40
0.9285656687476089
 40
1.0
 40
1.0
 40
1.0
 40
1.0
 10
-208.5047186932842
 20
244.9838475499078
 30
0.0
 10
-208.5024880934807
 20
244.8958749690497
 30
0.0
 10
-208.4981910053634
 20
244.7264021970828
 30
0.0
 10
-208.4501002706313
 20
244.4860524659247
 30
0.0
 10
-208.3745417471692
 20
244.2712458782186
 30
0.0
 10
-208.259308067154
 20
244.0900835914191
 30
0.0
 10
-208.1139317336222
 20
243.939769745876
 30
0.0
 10
-207.9631204714898
 20
243.8496807207863
 30
0.0
 10
-207.8282208381836
 20
243.8002080501329
 30
0.0
 10
-207.7167226352277
 20
243.7701256395393
 30
0.0
 10
-207.5946908434788
 20
243.7546185135104
 30
0.0
 10
-207.510200565429
 20
243.7525895386103
 30
0.0
 10
-207.4666061705981
 20
243.7515426497263
 30
0.0
  0
SPLINE
  5
279
330
1F
100
AcDbEntity
  8
0
  6
Continuous
 62
     7
370
    25
100
AcDbSpline
210
0.0
220
0.0
230
1.0
 70
     8
 71
     3
 72
    15
 73
    11
 74
     0
 42
0.00000001
 43
0.00000001
 40
0.0
 40
0.0
 40
0.0
 40
0.0
 40
0.2464510851524918
 40
0.4435242571237244
 40
0.5989898020138362
 40
0.7220717900939876
 40
0.8152432328491835
 40
0.8851077579497754
 40
0.9422803198143304
 40
1.0
 40
1.0
 40
1.0
 40
1.0
 10
-209.4266787658794
 20
248.4684210526301
 30
0.0
 10
-209.3425967913817
 20
248.4677591019882
 30
0.0
 10
-209.1912791566733
 20
248.4665678263786
 30
0.0
 10
-208.986821982037
 20
248.457768566321
 30
0.0
 10
-208.8259365397046
 20
248.4367272986919
 30
0.0
 10
-208.7005450933678
 20
248.4144719655579
 30
0.0
 10
-208.6089146989967
 20
248.380386742073
 30
0.0
 10
-208.5436516907476
 20
248.3394176979088
 30
0.0
 10
-208.5117647117089
 20
248.282196326356
 30
0.0
 10
-208.5070748105488
 20
248.2430688694148
 30
0.0
 10
-208.5047186932842
 20
248.2234119782199
 30
0.0
  0
SPLINE
  5
27A
330
1F
100
AcDbEntity
  8
0
  6
Continuous
 62
     7
370
    25
100
AcDbSpline
210
0.0
220
0.0
230
1.0
 70
     8
 71
     3
 72
    15
 73
    11
 74
     0
 42
0.00000001
 43
0.00000001
 40
0.0
 40
0.0
 40
0.0
 40
0.0
 40
0.0582272443689448
 40
0.117758245341288
 40
0.1882371316183193
 40
0.2822278874240247
 40
0.4028909742898776
 40
0.5597236220825997
 40
0.7549582164466832
 40
1.0
 40
1.0
 40
1.0
 40
1.0
 10
-210.3413793103441
 20
248.2234119782199
 30
0.0
 10
-210.3392879291958
 20
248.2432349553276
 30
0.0
 10
-210.3350583391298
 20
248.2833247625465
 30
0.0
 10
-210.2981235295868
 20
248.3383030181069
 30
0.0
 10
-210.2340425049213
 20
248.3807129600684
 30
0.0
 10
-210.1428173899486
 20
248.4137921385599
 30
0.0
 10
-210.0191423232495
 20
248.4373217707689
 30
0.0
 10
-209.8604152273001
 20
248.4574205093104
 30
0.0
 10
-209.6584765695624
 20
248.4666896697254
 30
0.0
 10
-209.5095601929765
 20
248.4678019808196
 30
0.0
 10
-209.4266787658794
 20
248.4684210526301
 30
0.0
  0
SPLINE
  5
27C
330
1F
100
AcDbEntity
  8
0
  6
Continuous
 62
     7
370
    25
100
AcDbSpline
210
0.0
220
0.0
230
1.0
 70
     8
 71
     3
 72
    23
 73
    19
 74
     0
 42
0.00000001
 43
0.00000001
 40
0.0
 40
0.0
 40
0.0
 40
0.0
 40
0.0832892227230267
 40
0.1607839635200261
 40
0.2321720477798718
 40
0.2987475154888128
 40
0.3613132404199111
 40
0.4208227729537934
 40
0.4787184911657824
 40
0.5344983051238411
 40
0.5896765596562545
 40
0.645034910727251
 40
0.7011099522036703
 40
0.7586526568232175
 40
0.8173438708065398
 40
0.8772534851145565
 40
0.9380247615940307
 40
0.9999999999999999
 40
0.9999999999999999
 40
0.9999999999999999
 40
0.9999999999999999
 10
-208.0147005444638
 20
242.4103448275847
 30
0.0
 10
-208.118856808066
 20
242.4121462995361
 30
0.0
 10
-208.3199231206077
 20
242.4156239139386
 30
0.0
 10
-208.6085996694671
 20
242.4501605278719
 30
0.0
 10
-208.8724030481789
 20
242.5070379744838
 30
0.0
 10
-209.1096433823493
 20
242.5897487215962
 30
0.0
 10
-209.3235796586687
 20
242.689877378578
 30
0.0
 10
-209.5164471588292
 20
242.8066246406647
 30
0.0
 10
-209.6872946938822
 20
242.9405707209277
 30
0.0
 10
-209.8356871397176
 20
243.0913686612382
 30
0.0
 10
-209.9640356655576
 20
243.2556149346834
 30
0.0
 10
-210.0705783462572
 20
243.4350188537988
 30
0.0
 10
-210.1615031049222
 20
243.626222361985
 30
0.0
 10
-210.226502589388
 20
243.8321186226637
 30
0.0
 10
-210.2765173506676
 20
244.0466235797136
 30
0.0
 10
-210.3154509099731
 20
244.2676152460692
 30
0.0
 10
-210.3371473993228
 20
244.4952047127944
 30
0.0
 10
-210.3399594792209
 20
244.6486560614532
 30
0.0
 10
-210.3413793103441
 20
244.7261343012689
 30
0.0
  0
SPLINE
  5
27D
330
1F
100
AcDbEntity
  8
0
  6
Continuous
 62
     7
370
    25
100
AcDbSpline
210
0.0
220
0.0
230
1.0
 70
     8
 71
     3
 72
    21
 73
    17
 74
     0
 42
0.00000001
 43
0.00000001
 40
0.0
 40
0.0
 40
0.0
 40
0.0
 40
0.0534615862767154
 40
0.0946752193102173
 40
0.1315036719748486
 40
0.1713119924079033
 40
0.1952800275156287
 40
0.2245990224944261
 40
0.2593964874852928
 40
0.2998199085270067
 40
0.3925486262407333
 40
0.4974834190758006
 40
0.6134831567587004
 40
0.7373846600162711
 40
0.8670250033557837
 40
0.9999999999999999
 40
0.9999999999999999
 40
0.9999999999999999
 40
0.9999999999999999
 10
-165.3729582577124
 20
243.5137931034471
 30
0.0
 10
-165.3742815537584
 20
243.4568496217995
 30
0.0
 10
-165.3766249811065
 20
243.3560083077133
 30
0.0
 10
-165.4021154300258
 20
243.2169485113127
 30
0.0
 10
-165.4590205599335
 20
243.1032978874122
 30
0.0
 10
-165.5320744820742
 20
243.0227793984773
 30
0.0
 10
-165.6132009957973
 20
242.9655011383494
 30
0.0
 10
-165.6928609472208
 20
242.9156779884579
 30
0.0
 10
-165.7939623500642
 20
242.8686325497318
 30
0.0
 10
-165.9568552734759
 20
242.7947257686619
 30
0.0
 10
-166.1957043111735
 20
242.7083931923367
 30
0.0
 10
-166.5157892265898
 20
242.6121468511741
 30
0.0
 10
-166.874236629529
 20
242.5306494981842
 30
0.0
 10
-167.2622071657084
 20
242.4634390823803
 30
0.0
 10
-167.6719808081456
 20
242.4182812554043
 30
0.0
 10
-167.9517869061114
 20
242.4130126037284
 30
0.0
 10
-168.0934664246816
 20
242.410344827585
 30
0.0
  0
SPLINE
  5
27E
330
1F
100
AcDbEntity
  8
0
  6
Continuous
 62
     7
370
    25
100
AcDbSpline
210
0.0
220
0.0
230
1.0
 70
     8
 71
     3
 72
    15
 73
    11
 74
     0
 42
0.00000001
 43
0.00000001
 40
0.0
 40
0.0
 40
0.0
 40
0.0
 40
0.0992212011639607
 40
0.1954481480868822
 40
0.294724456836966
 40
0.4011016367919318
 40
0.5240096121960264
 40
0.6663804154101762
 40
0.8267965478902841
 40
1.0
 40
1.0
 40
1.0
 40
1.0
 10
-165.7014519056254
 20
244.1326678765868
 30
0.0
 10
-165.6756555284986
 20
244.1307113375708
 30
0.0
 10
-165.6248412460909
 20
244.1268573031219
 30
0.0
 10
-165.5550274625333
 20
244.0916749368887
 30
0.0
 10
-165.4983467190211
 20
244.0369744240828
 30
0.0
 10
-165.4512930102604
 20
243.9652224197386
 30
0.0
 10
-165.4190205520891
 20
243.8741278935691
 30
0.0
 10
-165.3913961702739
 20
243.7674414149064
 30
0.0
 10
-165.3759351670839
 20
243.6448967834623
 30
0.0
 10
-165.3739755969856
 20
243.5585969271067
 30
0.0
 10
-165.3729582577124
 20
243.5137931034471
 30
0.0
  0
SPLINE
  5
27F
330
1F
100
AcDbEntity
  8
0
  6
Continuous
 62
     7
370
    25
100
AcDbSpline
210
0.0
220
0.0
230
1.0
 70
     8
 71
     3
 72
    19
 73
    15
 74
     0
 42
0.00000001
 43
0.00000001
 40
0.0
 40
0.0
 40
0.0
 40
0.0
 40
0.0971146957721424
 40
0.1882102994443714
 40
0.2758067139154694
 40
0.3581100317040024
 40
0.5104222420473579
 40
0.6465977152842445
 40
0.7643665824807943
 40
0.8632670210666147
 40
0.905006617001365
 40
0.9411584068604971
 40
0.97249613145952
 40
1.0
 40
1.0
 40
1.0
 40
1.0
 10
-167.9337568058068
 20
243.5809437386558
 30
0.0
 10
-167.8586971921596
 20
243.5818256876388
 30
0.0
 10
-167.713230100404
 20
243.5835349231039
 30
0.0
 10
-167.5007946543952
 20
243.6014442535812
 30
0.0
 10
-167.3002488082995
 20
243.62429769615
 30
0.0
 10
-167.0565999010923
 20
243.6765510051498
 30
0.0
 10
-166.7795740336657
 20
243.7501102488992
 30
0.0
 10
-166.481530471126
 20
243.8492750635706
 30
0.0
 10
-166.2280845801817
 20
243.950080950652
 30
0.0
 10
-166.044618911579
 20
244.0285605337229
 30
0.0
 10
-165.9203746147533
 20
244.0859334715057
 30
0.0
 10
-165.8395109188964
 20
244.1103152716841
 30
0.0
 10
-165.7682353120166
 20
244.1290639877884
 30
0.0
 10
-165.7227246163658
 20
244.1315199195105
 30
0.0
 10
-165.7014519056254
 20
244.1326678765868
 30
0.0
  0
SPLINE
  5
280
330
1F
100
AcDbEntity
  8
0
  6
Continuous
 62
     7
370
    25
100
AcDbSpline
210
0.0
220
0.0
230
1.0
 70
     8
 71
     3
 72
    19
 73
    15
 74
     0
 42
0.00000001
 43
0.00000001
 40
0.0
 40
0.0
 40
0.0
 40
0.0
 40
0.1298750253114368
 40
0.244744584104314
 40
0.3498083870148818
 40
0.4521027102799165
 40
0.5041421745672092
 40
0.559616041006242
 40
0.6185979630488433
 40
0.6817758259940262
 40
0.7505710150359131
 40
0.826351890577157
 40
0.9093713975063201
 40
0.9999999999999999
 40
0.9999999999999999
 40
0.9999999999999999
 40
0.9999999999999999
 10
-169.1696914700537
 20
244.6045372050805
 30
0.0
 10
-169.1668233875417
 20
244.5238079375886
 30
0.0
 10
-169.1614185942808
 20
244.3716766794814
 30
0.0
 10
-169.1144603981467
 20
244.1583422358687
 30
0.0
 10
-169.0337510416228
 20
243.9730230579782
 30
0.0
 10
-168.9270848328628
 20
243.8489714226045
 30
0.0
 10
-168.8243148432497
 20
243.7686232760394
 30
0.0
 10
-168.7352699407961
 20
243.7152254024912
 30
0.0
 10
-168.6322642710215
 20
243.6749324559397
 30
0.0
 10
-168.5188776809872
 20
243.6399878162605
 30
0.0
 10
-168.3925308005939
 20
243.6131928301041
 30
0.0
 10
-168.25253562611
 20
243.5931043737952
 30
0.0
 10
-168.0978529774355
 20
243.5829488086448
 30
0.0
 10
-167.9900304237182
 20
243.5816313387462
 30
0.0
 10
-167.9337568058068
 20
243.5809437386558
 30
0.0
  0
SPLINE
  5
283
330
1F
100
AcDbEntity
  8
0
  6
Continuous
 62
     7
370
    25
100
AcDbSpline
210
0.0
220
0.0
230
1.0
 70
     8
 71
     3
 72
    23
 73
    19
 74
     0
 42
0.00000001
 43
0.00000001
 40
0.0
 40
0.0
 40
0.0
 40
0.0
 40
0.0518298873011453
 40
0.1011958379216793
 40
0.1485971189938445
 40
0.1952452089432171
 40
0.2424114205948179
 40
0.2910852948882832
 40
0.3422434713215014
 40
0.3961013724723199
 40
0.4538779987767506
 40
0.5164833860463182
 40
0.5835708698508479
 40
0.655781746010734
 40
0.7335433791305335
 40
0.816587065355792
 40
0.9054918782333244
 40
1.0
 40
1.0
 40
1.0
 40
1.0
 10
-165.0136116152443
 20
246.7969147005433
 30
0.0
 10
-165.0163763993413
 20
246.7198805474396
 30
0.0
 10
-165.0217745326954
 20
246.5694743613984
 30
0.0
 10
-165.0645454705116
 20
246.3520444924281
 30
0.0
 10
-165.1329429258499
 20
246.1495084890962
 30
0.0
 10
-165.2330163864879
 20
245.9640991898339
 30
0.0
 10
-165.3597485780615
 20
245.7938149228644
 30
0.0
 10
-165.513678741343
 20
245.6378541260367
 30
0.0
 10
-165.6969058991187
 20
245.5005348810715
 30
0.0
 10
-165.9061395718913
 20
245.3785105347644
 30
0.0
 10
-166.1421623662
 20
245.271299325999
 30
0.0
 10
-166.4055854927323
 20
245.1802046100258
 30
0.0
 10
-166.695263834324
 20
245.101583758683
 30
0.0
 10
-167.0122942930961
 20
245.0417884185293
 30
0.0
 10
-167.3549765423201
 20
244.9925827968153
 30
0.0
 10
-167.724476273713
 20
244.9588010015827
 30
0.0
 10
-168.1198687395912
 20
244.9391972064327
 30
0.0
 10
-168.3922939459171
 20
244.9363254695768
 30
0.0
 10
-168.5326678765873
 20
244.934845735026
 30
0.0
  0
SPLINE
  5
284
330
1F
100
AcDbEntity
  8
0
  6
Continuous
 62
     7
370
    25
100
AcDbSpline
210
0.0
220
0.0
230
1.0
 70
     8
 71
     3
 72
    23
 73
    19
 74
     0
 42
0.00000001
 43
0.00000001
 40
0.0
 40
0.0
 40
0.0
 40
0.0
 40
0.0760774510321337
 40
0.1491560166057595
 40
0.2199833241499133
 40
0.288386290162149
 40
0.3542018448873018
 40
0.4173450489077141
 40
0.4775900388216967
 40
0.536665399885502
 40
0.5942664573747056
 40
0.6499611817416648
 40
0.7056108574363654
 40
0.7609468316049589
 40
0.8173679022819983
 40
0.8752754864099914
 40
0.9358209275867951
 40
1.0
 40
1.0
 40
1.0
 40
1.0
 10
-167.3911070780392
 20
248.5736842105251
 30
0.0
 10
-167.3063566841654
 20
248.5724032860895
 30
0.0
 10
-167.1401966592895
 20
248.5698919297836
 30
0.0
 10
-166.8960856094262
 20
248.5468179202444
 30
0.0
 10
-166.6618750577677
 20
248.5134749509724
 30
0.0
 10
-166.438573432189
 20
248.4645932589976
 30
0.0
 10
-166.2277359291934
 20
248.4016070113792
 30
0.0
 10
-166.0316500946247
 20
248.3236866155047
 30
0.0
 10
-165.8498852369771
 20
248.2322099890826
 30
0.0
 10
-165.6826691765262
 20
248.1274180512854
 30
0.0
 10
-165.531436940428
 20
248.0083132180879
 30
0.0
 10
-165.3999604318508
 20
247.873202805961
 30
0.0
 10
-165.2826375864308
 20
247.7288835192863
 30
0.0
 10
-165.1853645883943
 20
247.5690709818612
 30
0.0
 10
-165.1094438826154
 20
247.3955401668764
 30
0.0
 10
-165.0520502066764
 20
247.2089260577357
 30
0.0
 10
-165.0195469785713
 20
247.0073675525804
 30
0.0
 10
-165.0156281259989
 20
246.8684150310358
 30
0.0
 10
-165.0136116152443
 20
246.7969147005433
 30
0.0
  0
SPLINE
  5
285
330
1F
100
AcDbEntity
  8
0
  6
Continuous
 62
     7
370
    25
100
AcDbSpline
210
0.0
220
0.0
230
1.0
 70
     8
 71
     3
 72
    15
 73
    11
 74
     0
 42
0.00000001
 43
0.00000001
 40
0.0
 40
0.0
 40
0.0
 40
0.0
 40
0.1196705158931823
 40
0.2385573335891878
 40
0.3593858084379357
 40
0.4809507633280563
 40
0.6050315227133108
 40
0.7320976870801637
 40
0.8629145540828667
 40
1.0
 40
1.0
 40
1.0
 40
1.0
 10
-169.4546279491825
 20
247.8078039927393
 30
0.0
 10
-169.3860840748479
 20
247.8659954952601
 30
0.0
 10
-169.2494452062587
 20
247.9819974158276
 30
0.0
 10
-169.0251616592999
 20
248.132953654897
 30
0.0
 10
-168.7882224386086
 20
248.2657110400119
 30
0.0
 10
-168.5359872142446
 20
248.3765506181514
 30
0.0
 10
-168.2706542832316
 20
248.4672373750333
 30
0.0
 10
-167.9896708936231
 20
248.5268440958736
 30
0.0
 10
-167.6953548087859
 20
248.5670864346733
 30
0.0
 10
-167.4940927484171
 20
248.5714509108143
 30
0.0
 10
-167.3911070780392
 20
248.5736842105251
 30
0.0
  0
SPLINE
  5
287
330
1F
100
AcDbEntity
  8
0
  6
Continuous
 62
     7
370
    25
100
AcDbSpline
210
0.0
220
0.0
230
1.0
 70
     8
 71
     3
 72
    15
 73
    11
 74
     0
 42
0.00000001
 43
0.00000001
 40
0.0
 40
0.0
 40
0.0
 40
0.0
 40
0.177587706161301
 40
0.3298536653440801
 40
0.4568514894031107
 40
0.5588720212392783
 40
0.7106676597334773
 40
0.82128407005708
 40
0.9071287067058043
 40
1.0
 40
1.0
 40
1.0
 40
1.0
 10
-170.2078039927397
 20
248.4684210526304
 30
0.0
 10
-170.156984795247
 20
248.4679987190676
 30
0.0
 10
-170.0625925711165
 20
248.4672142713337
 30
0.0
 10
-169.9318939947237
 20
248.4635098770665
 30
0.0
 10
-169.8228932998213
 20
248.4589091733172
 30
0.0
 10
-169.7142251087901
 20
248.4484955992628
 30
0.0
 10
-169.6124205499834
 20
248.4260935412344
 30
0.0
 10
-169.5179756539731
 20
248.3882543518042
 30
0.0
 10
-169.4630923497029
 20
248.3201835169151
 30
0.0
 10
-169.4575224145919
 20
248.2684464283277
 30
0.0
 10
-169.4546279491825
 20
248.2415607985469
 30
0.0
  0
SPLINE
  5
288
330
1F
100
AcDbEntity
  8
0
  6
Continuous
 62
     7
370
    25
100
AcDbSpline
210
0.0
220
0.0
230
1.0
 70
     8
 71
     3
 72
    15
 73
    11
 74
     0
 42
0.00000001
 43
0.00000001
 40
0.0
 40
0.0
 40
0.0
 40
0.0
 40
0.0922392703874876
 40
0.1853265192157356
 40
0.3041255210829693
 40
0.4643524575867263
 40
0.5651835990670933
 40
0.6886141458733245
 40
0.8328394262673009
 40
1.0
 40
1.0
 40
1.0
 40
1.0
 10
-170.9773139745909
 20
248.2415607985469
 30
0.0
 10
-170.9742385741055
 20
248.2689242531935
 30
0.0
 10
-170.968059500217
 20
248.3239027214975
 30
0.0
 10
-170.8988108305793
 20
248.3872913195901
 30
0.0
 10
-170.7980532697574
 20
248.4261312848144
 30
0.0
 10
-170.6896353457376
 20
248.4478461786172
 30
0.0
 10
-170.578843995627
 20
248.4589401192083
 30
0.0
 10
-170.4722033933269
 20
248.4634252405425
 30
0.0
 10
-170.3463669654579
 20
248.4672225495988
 30
0.0
 10
-170.2562052860506
 20
248.468002404736
 30
0.0
 10
-170.2078039927397
 20
248.4684210526304
 30
0.0
  0
SPLINE
  5
28A
330
1F
100
AcDbEntity
  8
0
  6
Continuous
 62
     7
370
    25
100
AcDbSpline
210
0.0
220
0.0
230
1.0
 70
     8
 71
     3
 72
    23
 73
    19
 74
     0
 42
0.00000001
 43
0.00000001
 40
0.0
 40
0.0
 40
0.0
 40
0.0
 40
0.0892263287494581
 40
0.1720712931906807
 40
0.2483334384209713
 40
0.3187441558143447
 40
0.3835619750278748
 40
0.4443151937708713
 40
0.5014209362768179
 40
0.5551536898937566
 40
0.6069492751069681
 40
0.6580460432293487
 40
0.7088651094687635
 40
0.7610945380811935
 40
0.8154412586923789
 40
0.8731665030603453
 40
0.9343525586747037
 40
1.0
 40
1.0
 40
1.0
 40
1.0
 10
-168.0934664246816
 20
242.410344827585
 30
0.0
 10
-168.216919433421
 20
242.4114946682878
 30
0.0
 10
-168.454996233843
 20
242.4137121144102
 30
0.0
 10
-168.7979282052133
 20
242.4373618602018
 30
0.0
 10
-169.1132618048257
 20
242.4762943379316
 30
0.0
 10
-169.4005669892887
 20
242.5326411423514
 30
0.0
 10
-169.6629344473605
 20
242.602258039227
 30
0.0
 10
-169.8998095457328
 20
242.6915276710957
 30
0.0
 10
-170.1133501176699
 20
242.7961251801692
 30
0.0
 10
-170.3030146737367
 20
242.9183574787544
 30
0.0
 10
-170.4679481754779
 20
243.0597911385969
 30
0.0
 10
-170.6111441630602
 20
243.2179312866855
 30
0.0
 10
-170.7287215305069
 20
243.3968561116024
 30
0.0
 10
-170.8210487523884
 20
243.5947618539833
 30
0.0
 10
-170.8916399443528
 20
243.8112899168445
 30
0.0
 10
-170.9422904715039
 20
244.0459758637517
 30
0.0
 10
-170.9706106237624
 20
244.3001561759492
 30
0.0
 10
-170.9750277335004
 20
244.4756112942678
 30
0.0
 10
-170.9773139745909
 20
244.5664246823944
 30
0.0
  0
SPLINE
  5
28B
330
1F
100
AcDbEntity
  8
0
  6
Continuous
 62
     7
370
    25
100
AcDbSpline
210
0.0
220
0.0
230
1.0
 70
     8
 71
     3
 72
    15
 73
    11
 74
     0
 42
0.00000001
 43
0.00000001
 40
0.0
 40
0.0
 40
0.0
 40
0.0
 40
0.1514331118291857
 40
0.2911987825666431
 40
0.4220885977172005
 40
0.5450187667839744
 40
0.6627035867915299
 40
0.7756997499186085
 40
0.8877285658665424
 40
1.0
 40
1.0
 40
1.0
 40
1.0
 10
-223.1185117967323
 20
227.0764065335737
 30
0.0
 10
-223.2141188373647
 20
226.9932773582194
 30
0.0
 10
-223.3979666993063
 20
226.8334238468801
 30
0.0
 10
-223.6835326591869
 20
226.625186180363
 30
0.0
 10
-223.9633217466244
 20
226.4511527618907
 30
0.0
 10
-224.2413190110445
 20
226.3113972115281
 30
0.0
 10
-224.5178869639041
 20
226.2050162088541
 30
0.0
 10
-224.7954979607969
 20
226.1320953860537
 30
0.0
 10
-225.0746452907504
 20
226.0865302471003
 30
0.0
 10
-225.2623216578118
 20
226.0809930225821
 30
0.0
 10
-225.3562613430118
 20
226.0782214156064
 30
0.0
  0
SPLINE
  5
28C
330
1F
100
AcDbEntity
  8
0
  6
Continuous
 62
     7
370
    25
100
AcDbSpline
210
0.0
220
0.0
230
1.0
 70
     8
 71
     3
 72
    17
 73
    13
 74
     0
 42
0.00000001
 43
0.00000001
 40
0.0
 40
0.0
 40
0.0
 40
0.0
 40
0.0819604730034945
 40
0.1603484579569882
 40
0.2345095531516585
 40
0.304751518879265
 40
0.4371181844893639
 40
0.5604633014706599
 40
0.6752398699971999
 40
0.785521862660976
 40
0.893089756877418
 40
1.0
 40
1.0
 40
1.0
 40
1.0
 10
-221.0767695099809
 20
226.0782214156064
 30
0.0
 10
-221.1421433814228
 20
226.078533246831
 30
0.0
 10
-221.270041612024
 20
226.0791433172
 30
0.0
 10
-221.4564525872824
 20
226.0951174982127
 30
0.0
 10
-221.6329793475047
 20
226.1156298829052
 30
0.0
 10
-221.8498670222671
 20
226.1567945725271
 30
0.0
 10
-222.101600067118
 20
226.2246455689651
 30
0.0
 10
-222.3728046319598
 20
226.3438224465566
 30
0.0
 10
-222.612291148771
 20
226.4869222425299
 30
0.0
 10
-222.812316252393
 20
226.6626152178398
 30
0.0
 10
-222.9845370307153
 20
226.8574757877028
 30
0.0
 10
-223.0739449247546
 20
227.0035789495943
 30
0.0
 10
-223.1185117967323
 20
227.0764065335737
 30
0.0
  0
SPLINE
  5
28D
330
1F
100
AcDbEntity
  8
0
  6
Continuous
 62
     7
370
    25
100
AcDbSpline
210
0.0
220
0.0
230
1.0
 70
     8
 71
     3
 72
    15
 73
    11
 74
     0
 42
0.00000001
 43
0.00000001
 40
0.0
 40
0.0
 40
0.0
 40
0.0
 40
0.1439830786336866
 40
0.2797533174149181
 40
0.4083023982869022
 40
0.5306583469628248
 40
0.649199726533609
 40
0.765883249653662
 40
0.8829185227191261
 40
1.0
 40
1.0
 40
1.0
 40
1.0
 10
-218.8753176043548
 20
227.0582577132471
 30
0.0
 10
-218.964225905994
 20
226.9799099909616
 30
0.0
 10
-219.1369711519306
 20
226.827683524982
 30
0.0
 10
-219.4094393017024
 20
226.6305945228831
 30
0.0
 10
-219.6779784436382
 20
226.4596732810273
 30
0.0
 10
-219.9484388714386
 20
226.3200721201496
 30
0.0
 10
-220.2224462551069
 20
226.2114207549501
 30
0.0
 10
-220.5025184361893
 20
226.1356160732077
 30
0.0
 10
-220.7876205250465
 20
226.0856321917882
 30
0.0
 10
-220.9803738346978
 20
226.080691999325
 30
0.0
 10
-221.0767695099809
 20
226.0782214156064
 30
0.0
  0
SPLINE
  5
28F
330
1F
100
AcDbEntity
  8
0
  6
Continuous
 62
     7
370
    25
100
AcDbSpline
210
0.0
220
0.0
230
1.0
 70
     8
 71
     3
 72
    15
 73
    11
 74
     0
 42
0.00000001
 43
0.00000001
 40
0.0
 40
0.0
 40
0.0
 40
0.0
 40
0.2403948040573549
 40
0.4364613099245702
 40
0.5905846609025629
 40
0.7086751587964094
 40
0.7980228287550452
 40
0.870097531826186
 40
0.9340266645431611
 40
0.9999999999999999
 40
0.9999999999999999
 40
0.9999999999999999
 40
0.9999999999999999
 10
-218.0912885662423
 20
226.1834845735012
 30
0.0
 10
-218.1627287838922
 20
226.1837014303605
 30
0.0
 10
-218.2924357927397
 20
226.1840951561288
 30
0.0
 10
-218.4672109116244
 20
226.1979164300919
 30
0.0
 10
-218.6060048068008
 20
226.2128021368197
 30
0.0
 10
-218.7094593634077
 20
226.2409509770489
 30
0.0
 10
-218.7883529526991
 20
226.2710352951391
 30
0.0
 10
-218.8373312798337
 20
226.317910147736
 30
0.0
 10
-218.871200397759
 20
226.3695000720436
 30
0.0
 10
-218.8739308794666
 20
226.408623899334
 30
0.0
 10
-218.8753176043548
 20
226.4284936479113
 30
0.0
  0
SPLINE
  5
290
330
1F
100
AcDbEntity
  8
0
  6
Continuous
 62
     7
370
    25
100
AcDbSpline
210
0.0
220
0.0
230
1.0
 70
     8
 71
     3
 72
    15
 73
    11
 74
     0
 42
0.00000001
 43
0.00000001
 40
0.0
 40
0.0
 40
0.0
 40
0.0
 40
0.0656322616269752
 40
0.1282220975627245
 40
0.202952802671877
 40
0.2992877458107284
 40
0.4246149482836508
 40
0.577941500960838
 40
0.7689524849614852
 40
1.0
 40
1.0
 40
1.0
 40
1.0
 10
-217.3018148820318
 20
226.4284936479114
 30
0.0
 10
-217.3033809976099
 20
226.4087431092858
 30
0.0
 10
-217.3064406304713
 20
226.3701575809528
 30
0.0
 10
-217.3377201587381
 20
226.3161843147635
 30
0.0
 10
-217.3922709052246
 20
226.2704476208745
 30
0.0
 10
-217.4769226387609
 20
226.2413186866403
 30
0.0
 10
-217.585291623107
 20
226.2136242349369
 30
0.0
 10
-217.7249952279527
 20
226.1978953531691
 30
0.0
 10
-217.8962069049173
 20
226.1841976702116
 30
0.0
 10
-218.0222750644414
 20
226.1837368437596
 30
0.0
 10
-218.0912885662423
 20
226.1834845735012
 30
0.0
  0
SPLINE
  5
292
330
1F
100
AcDbEntity
  8
0
  6
Continuous
 62
     7
370
    25
100
AcDbSpline
210
0.0
220
0.0
230
1.0
 70
     8
 71
     3
 72
    15
 73
    11
 74
     0
 42
0.00000001
 43
0.00000001
 40
0.0
 40
0.0
 40
0.0
 40
0.0
 40
0.2416320027908025
 40
0.437339008927234
 40
0.5931262044774664
 40
0.7182033752071484
 40
0.8115675851513067
 40
0.8830267354863418
 40
0.9421609005999521
 40
1.0
 40
1.0
 40
1.0
 40
1.0
 10
-218.2237749546271
 20
232.1362976406518
 30
0.0
 10
-218.1415074058543
 20
232.1356203844157
 30
0.0
 10
-217.9926082210129
 20
232.1343945924359
 30
0.0
 10
-217.7905740729075
 20
232.1256325854422
 30
0.0
 10
-217.6297181288141
 20
232.1043159166943
 30
0.0
 10
-217.5036940685217
 20
232.0826944005308
 30
0.0
 10
-217.4108359299968
 20
232.0479092514128
 30
0.0
 10
-217.3452134349099
 20
232.0068203027493
 30
0.0
 10
-217.3081680505703
 20
231.9511533154509
 30
0.0
 10
-217.3039169161121
 20
231.9110956502633
 30
0.0
 10
-217.3018148820318
 20
231.8912885662416
 30
0.0
  0
SPLINE
  5
293
330
1F
100
AcDbEntity
  8
0
  6
Continuous
 62
     7
370
    25
100
AcDbSpline
210
0.0
220
0.0
230
1.0
 70
     8
 71
     3
 72
    15
 73
    11
 74
     0
 42
0.00000001
 43
0.00000001
 40
0.0
 40
0.0
 40
0.0
 40
0.0
 40
0.0578710932686078
 40
0.1180177507796704
 40
0.1880655479132885
 40
0.2831408432516339
 40
0.4065457060117657
 40
0.5624190757090618
 40
0.7582343377536161
 40
1.0
 40
1.0
 40
1.0
 40
1.0
 10
-219.1457350272224
 20
231.8912885662416
 30
0.0
 10
-219.1437637057452
 20
231.9111953246556
 30
0.0
 10
-219.1397435479487
 20
231.9517916002856
 30
0.0
 10
-219.1003645518186
 20
232.0055877036899
 30
0.0
 10
-219.0363747248135
 20
232.0491580806038
 30
0.0
 10
-218.9427908781546
 20
232.0817220044079
 30
0.0
 10
-218.8174163997178
 20
232.1048072838522
 30
0.0
 10
-218.6569114657363
 20
232.1254779155232
 30
0.0
 10
-218.454964119081
 20
232.1344484893327
 30
0.0
 10
-218.3060504860805
 20
232.1356395652274
 30
0.0
 10
-218.2237749546271
 20
232.1362976406518
 30
0.0
  0
SPLINE
  5
295
330
1F
100
AcDbEntity
  8
0
  6
Continuous
 62
     7
370
    25
100
AcDbSpline
210
0.0
220
0.0
230
1.0
 70
     8
 71
     3
 72
    15
 73
    11
 74
     0
 42
0.00000001
 43
0.00000001
 40
0.0
 40
0.0
 40
0.0
 40
0.0
 40
0.1010505025795921
 40
0.2048518050263052
 40
0.3132992413547585
 40
0.4287466250118992
 40
0.5531935292493794
 40
0.6895811326193054
 40
0.8383405447526466
 40
1.0
 40
1.0
 40
1.0
 40
1.0
 10
-220.5431941923766
 20
227.419419237748
 30
0.0
 10
-220.486656407718
 20
227.4216001086689
 30
0.0
 10
-220.3720417651003
 20
227.4260212182457
 30
0.0
 10
-220.2019632613821
 20
227.4715097601349
 30
0.0
 10
-220.0314324316111
 20
227.5386512769906
 30
0.0
 10
-219.8618752700536
 20
227.6352176949951
 30
0.0
 10
-219.6909242220163
 20
227.7575947689338
 30
0.0
 10
-219.5124968327326
 20
227.9008850055191
 30
0.0
 10
-219.3296017063543
 20
228.0708314305905
 30
0.0
 10
-219.2086987045654
 20
228.1950297902043
 30
0.0
 10
-219.1457350272223
 20
228.2597096188732
 30
0.0
  0
SPLINE
  5
296
330
1F
100
AcDbEntity
  8
0
  6
Continuous
 62
     7
370
    25
100
AcDbSpline
210
0.0
220
0.0
230
1.0
 70
     8
 71
     3
 72
    17
 73
    13
 74
     0
 42
0.00000001
 43
0.00000001
 40
0.0
 40
0.0
 40
0.0
 40
0.0
 40
0.1443770599058722
 40
0.2781318941884396
 40
0.4011267271877624
 40
0.5153679802429244
 40
0.6264508472459965
 40
0.7410290321681807
 40
0.8014215843555795
 40
0.8641187626450523
 40
0.9303426872389909
 40
1.0
 40
1.0
 40
1.0
 40
1.0
 10
-221.574047186932
 20
228.6517241379294
 30
0.0
 10
-221.571790805068
 20
228.5637665126825
 30
0.0
 10
-221.5674440496885
 20
228.3943225516113
 30
0.0
 10
-221.5196956596866
 20
228.1537742337406
 30
0.0
 10
-221.4431972553631
 20
227.9402432875638
 30
0.0
 10
-221.3326399089613
 20
227.7576264459187
 30
0.0
 10
-221.1881996150361
 20
227.6066895352268
 30
0.0
 10
-221.0361049915863
 20
227.5172506960419
 30
0.0
 10
-220.8998531968383
 20
227.4684069788013
 30
0.0
 10
-220.7884570385086
 20
227.4381599272215
 30
0.0
 10
-220.6682611161267
 20
227.4225477362166
 30
0.0
 10
-220.5855795542408
 20
227.4204794904168
 30
0.0
 10
-220.5431941923766
 20
227.419419237748
 30
0.0
  0
SPLINE
  5
298
330
1F
100
AcDbEntity
  8
0
  6
Continuous
 62
     7
370
    25
100
AcDbSpline
210
0.0
220
0.0
230
1.0
 70
     8
 71
     3
 72
    15
 73
    11
 74
     0
 42
0.00000001
 43
0.00000001
 40
0.0
 40
0.0
 40
0.0
 40
0.0
 40
0.2416518203440118
 40
0.4373748774751903
 40
0.5931748499796402
 40
0.7165216042217764
 40
0.811552130785299
 40
0.8830171418734645
 40
0.9421561569012006
 40
1.0
 40
1.0
 40
1.0
 40
1.0
 10
-222.4960072595273
 20
232.1362976406518
 30
0.0
 10
-222.4137356809183
 20
232.1356351106913
 30
0.0
 10
-222.2648292023221
 20
232.1344359723612
 30
0.0
 10
-222.0628388735355
 20
232.1255138359393
 30
0.0
 10
-221.9024510328585
 20
232.1047112495793
 30
0.0
 10
-221.7767676866458
 20
232.081974039151
 30
0.0
 10
-221.6835016598791
 20
232.0483578888112
 30
0.0
 10
-221.6174556808985
 20
232.0067929920376
 30
0.0
 10
-221.5803981275101
 20
231.9511594362279
 30
0.0
 10
-221.5761484838606
 20
231.9110976754075
 30
0.0
 10
-221.574047186932
 20
231.8912885662416
 30
0.0
  0
SPLINE
  5
299
330
1F
100
AcDbEntity
  8
0
  6
Continuous
 62
     7
370
    25
100
AcDbSpline
210
0.0
220
0.0
230
1.0
 70
     8
 71
     3
 72
    15
 73
    11
 74
     0
 42
0.00000001
 43
0.00000001
 40
0.0
 40
0.0
 40
0.0
 40
0.0
 40
0.0582576699093913
 40
0.1178197776754277
 40
0.1897960642256509
 40
0.2855064588202357
 40
0.4097356612395604
 40
0.5666502589531567
 40
0.7619868694458166
 40
1.0
 40
1.0
 40
1.0
 40
1.0
 10
-223.4107078039919
 20
231.8912885662416
 30
0.0
 10
-223.4086065070927
 20
231.9110976766265
 30
0.0
 10
-223.4043568635029
 20
231.9511594399123
 30
0.0
 10
-223.3672993096278
 20
232.0067929755978
 30
0.0
 10
-223.3012533331461
 20
232.0483579757046
 30
0.0
 10
-223.2079872921998
 20
232.0819735397165
 30
0.0
 10
-223.0823040244335
 20
232.104713993869
 30
0.0
 10
-222.9225149359746
 20
232.1254215892967
 30
0.0
 10
-222.722953848981
 20
232.1344115176288
 30
0.0
 10
-222.5764648935571
 20
232.1356289679201
 30
0.0
 10
-222.4960072595273
 20
232.1362976406518
 30
0.0
  0
SPLINE
  5
29B
330
1F
100
AcDbEntity
  8
0
  6
Continuous
 62
     7
370
    25
100
AcDbSpline
210
0.0
220
0.0
230
1.0
 70
     8
 71
     3
 72
    15
 73
    11
 74
     0
 42
0.00000001
 43
0.00000001
 40
0.0
 40
0.0
 40
0.0
 40
0.0
 40
0.0990132358100534
 40
0.2008392412961059
 40
0.3084148402037448
 40
0.4240063861083689
 40
0.5494980964482172
 40
0.6860560106801813
 40
0.836604479992086
 40
0.9999999999999999
 40
0.9999999999999999
 40
0.9999999999999999
 40
0.9999999999999999
 10
-224.8081669691461
 20
227.4194192377479
 30
0.0
 10
-224.752829415411
 20
227.4215919366924
 30
0.0
 10
-224.6405822777793
 20
227.4259990566497
 30
0.0
 10
-224.4736357318514
 20
227.4718519947523
 30
0.0
 10
-224.3050035426184
 20
227.538997219804
 30
0.0
 10
-224.1356996532939
 20
227.635742892496
 30
0.0
 10
-223.9632124809231
 20
227.7568457041726
 30
0.0
 10
-223.7845389606201
 20
227.9020346966666
 30
0.0
 10
-223.5980209640254
 20
228.0705253352117
 30
0.0
 10
-223.4748259643158
 20
228.1949509642843
 30
0.0
 10
-223.4107078039919
 20
228.2597096188732
 30
0.0
  0
SPLINE
  5
29C
330
1F
100
AcDbEntity
  8
0
  6
Continuous
 62
     7
370
    25
100
AcDbSpline
210
0.0
220
0.0
230
1.0
 70
     8
 71
     3
 72
    17
 73
    13
 74
     0
 42
0.00000001
 43
0.00000001
 40
0.0
 40
0.0
 40
0.0
 40
0.0
 40
0.1439546889489018
 40
0.2773182272915741
 40
0.3999532424268222
 40
0.5149079265120089
 40
0.6263600988210728
 40
0.7397526915386424
 40
0.7990393935433348
 40
0.8615531530319903
 40
0.928565668747609
 40
0.9999999999999999
 40
0.9999999999999999
 40
0.9999999999999999
 40
0.9999999999999999
 10
-225.8462794918322
 20
228.6517241379294
 30
0.0
 10
-225.8440488920287
 20
228.5637515570714
 30
0.0
 10
-225.8397518039115
 20
228.3942787851044
 30
0.0
 10
-225.7916610691793
 20
228.1539290539464
 30
0.0
 10
-225.7161025457172
 20
227.9391224662402
 30
0.0
 10
-225.600868865702
 20
227.7579601794407
 30
0.0
 10
-225.4554925321702
 20
227.6076463338977
 30
0.0
 10
-225.3046812700378
 20
227.517557308808
 30
0.0
 10
-225.1697816367316
 20
227.4680846381546
 30
0.0
 10
-225.0582834337757
 20
227.438002227561
 30
0.0
 10
-224.9362516420268
 20
227.4224951015321
 30
0.0
 10
-224.851761363977
 20
227.4204661266319
 30
0.0
 10
-224.8081669691461
 20
227.4194192377479
 30
0.0
  0
SPLINE
  5
29E
330
1F
100
AcDbEntity
  8
0
  6
Continuous
 62
     7
370
    25
100
AcDbSpline
210
0.0
220
0.0
230
1.0
 70
     8
 71
     3
 72
    15
 73
    11
 74
     0
 42
0.00000001
 43
0.00000001
 40
0.0
 40
0.0
 40
0.0
 40
0.0
 40
0.2464510851525044
 40
0.4435242571237367
 40
0.598989802013848
 40
0.7220717900939843
 40
0.815243232849195
 40
0.8851077579497826
 40
0.9422803198143306
 40
1.0
 40
1.0
 40
1.0
 40
1.0
 10
-226.7682395644275
 20
232.1362976406517
 30
0.0
 10
-226.6841575899297
 20
232.1356356900098
 30
0.0
 10
-226.5328399552213
 20
232.1344444144002
 30
0.0
 10
-226.328382780585
 20
232.1256451543427
 30
0.0
 10
-226.1674973382526
 20
232.1046038867136
 30
0.0
 10
-226.0421058919158
 20
232.0823485535796
 30
0.0
 10
-225.9504754975447
 20
232.0482633300947
 30
0.0
 10
-225.8852124892956
 20
232.0072942859305
 30
0.0
 10
-225.853325510257
 20
231.9500729143776
 30
0.0
 10
-225.8486356090968
 20
231.9109454574365
 30
0.0
 10
-225.8462794918322
 20
231.8912885662416
 30
0.0
  0
SPLINE
  5
29F
330
1F
100
AcDbEntity
  8
0
  6
Continuous
 62
     7
370
    25
100
AcDbSpline
210
0.0
220
0.0
230
1.0
 70
     8
 71
     3
 72
    15
 73
    11
 74
     0
 42
0.00000001
 43
0.00000001
 40
0.0
 40
0.0
 40
0.0
 40
0.0
 40
0.0582272443689456
 40
0.1177582453412896
 40
0.1882371316183069
 40
0.2822278874240159
 40
0.4028909742898691
 40
0.5597236220825935
 40
0.7549582164466936
 40
1.0
 40
1.0
 40
1.0
 40
1.0
 10
-227.6829401088921
 20
231.8912885662416
 30
0.0
 10
-227.6808487277439
 20
231.9111115433492
 30
0.0
 10
-227.6766191376778
 20
231.9512013505681
 30
0.0
 10
-227.6396843281348
 20
232.0061796061286
 30
0.0
 10
-227.5756033034693
 20
232.04858954809
 30
0.0
 10
-227.4843781884966
 20
232.0816687265816
 30
0.0
 10
-227.3607031217975
 20
232.1051983587905
 30
0.0
 10
-227.2019760258481
 20
232.125297097332
 30
0.0
 10
-227.0000373681104
 20
232.134566257747
 30
0.0
 10
-226.8511209915245
 20
232.1356785688412
 30
0.0
 10
-226.7682395644275
 20
232.1362976406517
 30
0.0
  0
SPLINE
  5
2A1
330
1F
100
AcDbEntity
  8
0
  6
Continuous
 62
     7
370
    25
100
AcDbSpline
210
0.0
220
0.0
230
1.0
 70
     8
 71
     3
 72
    23
 73
    19
 74
     0
 42
0.00000001
 43
0.00000001
 40
0.0
 40
0.0
 40
0.0
 40
0.0
 40
0.0832892227230268
 40
0.1607839635200224
 40
0.2321720477798687
 40
0.2987475154888133
 40
0.3613132404199084
 40
0.4208227729537939
 40
0.478718491165782
 40
0.5344983051238397
 40
0.5896765596562532
 40
0.6450349107272497
 40
0.7011099522036706
 40
0.7586526568232169
 40
0.8173438708065394
 40
0.8772534851145561
 40
0.9380247615940308
 40
1.0
 40
1.0
 40
1.0
 40
1.0
 10
-225.3562613430118
 20
226.0782214156064
 30
0.0
 10
-225.460417606614
 20
226.0800228875577
 30
0.0
 10
-225.6614839191557
 20
226.0835005019602
 30
0.0
 10
-225.950160468015
 20
226.1180371158936
 30
0.0
 10
-226.2139638467269
 20
226.1749145625054
 30
0.0
 10
-226.4512041808973
 20
226.2576253096179
 30
0.0
 10
-226.6651404572167
 20
226.3577539665997
 30
0.0
 10
-226.8580079573771
 20
226.4745012286863
 30
0.0
 10
-227.0288554924302
 20
226.6084473089494
 30
0.0
 10
-227.1772479382656
 20
226.7592452492598
 30
0.0
 10
-227.3055964641056
 20
226.9234915227051
 30
0.0
 10
-227.4121391448052
 20
227.1028954418204
 30
0.0
 10
-227.5030639034702
 20
227.2940989500067
 30
0.0
 10
-227.568063387936
 20
227.4999952106853
 30
0.0
 10
-227.6180781492156
 20
227.7145001677353
 30
0.0
 10
-227.6570117085211
 20
227.9354918340909
 30
0.0
 10
-227.6787081978708
 20
228.1630813008161
 30
0.0
 10
-227.6815202777688
 20
228.3165326494748
 30
0.0
 10
-227.6829401088921
 20
228.3940108892906
 30
0.0
  0
SPLINE
  5
2A3
330
1F
100
AcDbEntity
  8
0
  6
Continuous
 62
     7
370
    25
100
AcDbSpline
210
0.0
220
0.0
230
1.0
 70
     8
 71
     3
 72
    15
 73
    11
 74
     0
 42
0.00000001
 43
0.00000001
 40
0.0
 40
0.0
 40
0.0
 40
0.0
 40
0.2438837824730205
 40
0.4387438834875212
 40
0.5952517926663924
 40
0.7173187922591345
 40
0.811717614155507
 40
0.884079219193218
 40
0.9441463967334565
 40
1.0
 40
1.0
 40
1.0
 40
1.0
 10
-142.2981851179665
 20
240.4684210526306
 30
0.0
 10
-142.3847236252785
 20
240.4693163758912
 30
0.0
 10
-142.540405320815
 20
240.4709270512726
 30
0.0
 10
-142.751237784159
 20
240.4852251435742
 30
0.0
 10
-142.9179953031289
 20
240.5064035996459
 30
0.0
 10
-143.0478305562219
 20
240.5325008718803
 30
0.0
 10
-143.1456200957514
 20
240.5650873192313
 30
0.0
 10
-143.2143459620362
 20
240.6089130664307
 30
0.0
 10
-143.2553434377735
 20
240.6649959782059
 30
0.0
 10
-143.2609843994372
 20
240.7062547618422
 30
0.0
 10
-143.2637023593458
 20
240.7261343012694
 30
0.0
  0
SPLINE
  5
2A4
330
1F
100
AcDbEntity
  8
0
  6
Continuous
 62
     7
370
    25
100
AcDbSpline
210
0.0
220
0.0
230
1.0
 70
     8
 71
     3
 72
    15
 73
    11
 74
     0
 42
0.00000001
 43
0.00000001
 40
0.0
 40
0.0
 40
0.0
 40
0.0
 40
0.055719899954445
 40
0.1146941872071367
 40
0.1868825717953783
 40
0.2810554201751361
 40
0.4044939937184558
 40
0.5623138327732579
 40
0.7601013198859529
 40
1.0
 40
1.0
 40
1.0
 40
1.0
 10
-141.3308529945546
 20
240.7261343012694
 30
0.0
 10
-141.3336830694738
 20
240.7063333000434
 30
0.0
 10
-141.3395085132177
 20
240.6655747964682
 30
0.0
 10
-141.3780928392678
 20
240.6083227822227
 30
0.0
 10
-141.4473509390133
 20
240.5652564280705
 30
0.0
 10
-141.5453678734866
 20
240.5321770540279
 30
0.0
 10
-141.6766321681089
 20
240.5065403720949
 30
0.0
 10
-141.8457159827179
 20
240.4851044583572
 30
0.0
 10
-142.057192869469
 20
240.4711414563661
 30
0.0
 10
-142.2128618959978
 20
240.4693842106293
 30
0.0
 10
-142.2981851179665
 20
240.4684210526306
 30
0.0
  0
SPLINE
  5
2A6
330
1F
100
AcDbEntity
  8
0
  6
Continuous
 62
     7
370
    25
100
AcDbSpline
210
0.0
220
0.0
230
1.0
 70
     8
 71
     3
 72
    15
 73
    11
 74
     0
 42
0.00000001
 43
0.00000001
 40
0.0
 40
0.0
 40
0.0
 40
0.0
 40
0.134001745144076
 40
0.2582115044110815
 40
0.3785462827427944
 40
0.4957372735953042
 40
0.6110311457911677
 40
0.7289650346752404
 40
0.8552666012852782
 40
1.0
 40
1.0
 40
1.0
 40
1.0
 10
-141.902540834845
 20
248.4321234119772
 30
0.0
 10
-141.8636475451458
 20
248.4311176984359
 30
0.0
 10
-141.7887030372671
 20
248.4291797624317
 30
0.0
 10
-141.6817029789009
 20
248.4032454927713
 30
0.0
 10
-141.5824221609288
 20
248.3686605370919
 30
0.0
 10
-141.4946298048131
 20
248.315325109786
 30
0.0
 10
-141.4184060016279
 20
248.2463535489333
 30
0.0
 10
-141.3681563755329
 20
248.1535260758256
 30
0.0
 10
-141.3361234312749
 20
248.044627320884
 30
0.0
 10
-141.3326876897484
 20
247.9659632615716
 30
0.0
 10
-141.3308529945546
 20
247.9239564428302
 30
0.0
  0
SPLINE
  5
2A8
330
1F
100
AcDbEntity
  8
0
  6
Continuous
 62
     7
370
    25
100
AcDbSpline
210
0.0
220
0.0
230
1.0
 70
     8
 71
     3
 72
    15
 73
    11
 74
     0
 42
0.00000001
 43
0.00000001
 40
0.0
 40
0.0
 40
0.0
 40
0.0
 40
0.2077557027255283
 40
0.3806044760413696
 40
0.5237980463466094
 40
0.6466613243987227
 40
0.7466386122965579
 40
0.8334873732605006
 40
0.9144233934879374
 40
1.0
 40
1.0
 40
1.0
 40
1.0
 10
-146.5341197822134
 20
247.7588021778574
 30
0.0
 10
-146.5332202177049
 20
247.8151193288196
 30
0.0
 10
-146.5315722327209
 20
247.9182912728525
 30
0.0
 10
-146.5166211471376
 20
248.0595059560001
 30
0.0
 10
-146.4965782912504
 20
248.1770501199095
 30
0.0
 10
-146.4643208357601
 20
248.2711594969628
 30
0.0
 10
-146.4251683440498
 20
248.3462103885448
 30
0.0
 10
-146.3726669729491
 20
248.3982481215101
 30
0.0
 10
-146.3086620142488
 20
248.4273587251348
 30
0.0
 10
-146.2633805868899
 20
248.4305059461068
 30
0.0
 10
-146.2401088929212
 20
248.4321234119772
 30
0.0
  0
SPLINE
  5
2A9
330
1F
100
AcDbEntity
  8
0
  6
Continuous
 62
     7
370
    25
100
AcDbSpline
210
0.0
220
0.0
230
1.0
 70
     8
 71
     3
 72
    15
 73
    11
 74
     0
 42
0.00000001
 43
0.00000001
 40
0.0
 40
0.0
 40
0.0
 40
0.0
 40
0.0870967268300216
 40
0.1685563693893063
 40
0.2523595284988277
 40
0.3482335484285864
 40
0.4668579923438081
 40
0.6103634807437228
 40
0.7862826133897789
 40
1.0
 40
1.0
 40
1.0
 40
1.0
 10
-146.2401088929212
 20
247.1036297640643
 30
0.0
 10
-146.2633646035466
 20
247.1053513549423
 30
0.0
 10
-146.3083708660464
 20
247.1086831116976
 30
0.0
 10
-146.3712584526533
 20
247.1355942420933
 30
0.0
 10
-146.4252189849917
 20
247.1814447401802
 30
0.0
 10
-146.4644026495515
 20
247.2517123464985
 30
0.0
 10
-146.4971875778913
 20
247.3414917374422
 30
0.0
 10
-146.5166453018047
 20
247.4569141644525
 30
0.0
 10
-146.5316487308973
 20
247.5980868065306
 30
0.0
 10
-146.5332444972035
 20
247.7018742806248
 30
0.0
 10
-146.5341197822134
 20
247.7588021778574
 30
0.0
  0
SPLINE
  5
2AB
330
1F
100
AcDbEntity
  8
0
  6
Continuous
 62
     7
370
    25
100
AcDbSpline
210
0.0
220
0.0
230
1.0
 70
     8
 71
     3
 72
    21
 73
    17
 74
     0
 42
0.00000001
 43
0.00000001
 40
0.0
 40
0.0
 40
0.0
 40
0.0
 40
0.0224317810497989
 40
0.0502334600317427
 40
0.0835363360519279
 40
0.1225159538070171
 40
0.2175359270874929
 40
0.3326416293118709
 40
0.3983140311795972
 40
0.4682367923223255
 40
0.5434321689872109
 40
0.6239736735423935
 40
0.709291086520509
 40
0.8008637285726311
 40
0.8969828626997558
 40
1.0
 40
1.0
 40
1.0
 40
1.0
 10
-183.6085299455526
 20
230.2923774954615
 30
0.0
 10
-183.6274299501345
 20
230.2934070139358
 30
0.0
 10
-183.669754392525
 20
230.2957125051949
 30
0.0
 10
-183.7364800297416
 20
230.3191951124894
 30
0.0
 10
-183.8152844101525
 20
230.3484146109341
 30
0.0
 10
-183.9379346381689
 20
230.4177741844485
 30
0.0
 10
-184.1259373134097
 20
230.5093967571463
 30
0.0
 10
-184.3371270534735
 20
230.6049309435775
 30
0.0
 10
-184.5333572551535
 20
230.6815166679173
 30
0.0
 10
-184.7013946559497
 20
230.7374880140864
 30
0.0
 10
-184.8830785117695
 20
230.7915183584219
 30
0.0
 10
-185.0783065563536
 20
230.8453629848916
 30
0.0
 10
-185.2901950484551
 20
230.8896396404332
 30
0.0
 10
-185.5177878925023
 20
230.9185507672294
 30
0.0
 10
-185.7611663883786
 20
230.9404063088991
 30
0.0
 10
-185.9284990307718
 20
230.9415260163271
 30
0.0
 10
-186.0150635208703
 20
230.9421052631565
 30
0.0
  0
SPLINE
  5
2AC
330
1F
100
AcDbEntity
  8
0
  6
Continuous
 62
     7
370
    25
100
AcDbSpline
210
0.0
220
0.0
230
1.0
 70
     8
 71
     3
 72
    23
 73
    19
 74
     0
 42
0.00000001
 43
0.00000001
 40
0.0
 40
0.0
 40
0.0
 40
0.0
 40
0.0760774510321337
 40
0.1491560166057594
 40
0.2199833241499136
 40
0.2883862901621488
 40
0.3542018448873023
 40
0.4173450489077138
 40
0.4775900388216965
 40
0.5366653998855018
 40
0.5942664573747054
 40
0.6499611817416647
 40
0.7056108574363653
 40
0.7609468316049589
 40
0.8173679022819978
 40
0.8752754864099912
 40
0.935820927586795
 40
1.0
 40
1.0
 40
1.0
 40
1.0
 10
-167.1471869328485
 20
232.2415607985469
 30
0.0
 10
-167.0624365389747
 20
232.2402798741113
 30
0.0
 10
-166.8962765140988
 20
232.2377685178054
 30
0.0
 10
-166.6521654642355
 20
232.2146945082661
 30
0.0
 10
-166.417954912577
 20
232.1813515389941
 30
0.0
 10
-166.1946532869984
 20
232.1324698470194
 30
0.0
 10
-165.9838157840027
 20
232.0694835994009
 30
0.0
 10
-165.787729949434
 20
231.9915632035265
 30
0.0
 10
-165.6059650917865
 20
231.9000865771044
 30
0.0
 10
-165.4387490313355
 20
231.7952946393071
 30
0.0
 10
-165.2875167952373
 20
231.6761898061096
 30
0.0
 10
-165.1560402866601
 20
231.5410793939828
 30
0.0
 10
-165.0387174412401
 20
231.3967601073081
 30
0.0
 10
-164.9414444432036
 20
231.2369475698829
 30
0.0
 10
-164.8655237374248
 20
231.0634167548982
 30
0.0
 10
-164.8081300614858
 20
230.8768026457575
 30
0.0
 10
-164.7756268333806
 20
230.6752441406022
 30
0.0
 10
-164.7717079808082
 20
230.5362916190576
 30
0.0
 10
-164.7696914700536
 20
230.4647912885651
 30
0.0
  0
SPLINE
  5
2AD
330
1F
100
AcDbEntity
  8
0
  6
Continuous
 62
     7
370
    25
100
AcDbSpline
210
0.0
220
0.0
230
1.0
 70
     8
 71
     3
 72
    23
 73
    19
 74
     0
 42
0.00000001
 43
0.00000001
 40
0.0
 40
0.0
 40
0.0
 40
0.0
 40
0.0779705445835987
 40
0.1498646643674477
 40
0.2176203111270094
 40
0.2808992258628964
 40
0.3412862338117593
 40
0.3998920735189833
 40
0.4570427700564477
 40
0.5136053071292772
 40
0.5703700295508599
 40
0.6276195173401693
 40
0.6863111491001023
 40
0.7466609709532914
 40
0.808416897920029
 40
0.8710329819178316
 40
0.9350477156457683
 40
1.0
 40
1.0
 40
1.0
 40
1.0
 10
-215.3294010889285
 20
248.5736842105248
 30
0.0
 10
-215.2094589097036
 20
248.5713089750073
 30
0.0
 10
-214.9789219225756
 20
248.5667436115674
 30
0.0
 10
-214.6467307923622
 20
248.5204518101352
 30
0.0
 10
-214.3432561615046
 20
248.4456038952349
 30
0.0
 10
-214.0674485741354
 20
248.340116545066
 30
0.0
 10
-213.8214948250875
 20
248.2046687119872
 30
0.0
 10
-213.5961265284828
 20
248.0535046874676
 30
0.0
 10
-213.3973655149075
 20
247.8772382059771
 30
0.0
 10
-213.2214680432196
 20
247.6821006083988
 30
0.0
 10
-213.071306116215
 20
247.466399003736
 30
0.0
 10
-212.9411760865127
 20
247.2344343404401
 30
0.0
 10
-212.8345262705037
 20
246.9847451342316
 30
0.0
 10
-212.7492268605784
 20
246.7197306985025
 30
0.0
 10
-212.688044659611
 20
246.442138285482
 30
0.0
 10
-212.6393673864499
 20
246.1564692428392
 30
0.0
 10
-212.6124298789299
 20
245.8627732690236
 30
0.0
 10
-212.608870611189
 20
245.6644781381559
 30
0.0
 10
-212.6070780399266
 20
245.5646098003615
 30
0.0
  0
SPLINE
  5
2AE
330
1F
100
AcDbEntity
  8
0
  6
Continuous
 62
     7
370
    25
100
AcDbSpline
210
0.0
220
0.0
230
1.0
 70
     8
 71
     3
 72
    21
 73
    17
 74
     0
 42
0.00000001
 43
0.00000001
 40
0.0
 40
0.0
 40
0.0
 40
0.0
 40
0.133866621432032
 40
0.2661332013887143
 40
0.3304712377001395
 40
0.3925319997544943
 40
0.4534158289425912
 40
0.5119410136897057
 40
0.5699607058970253
 40
0.6264962264650035
 40
0.6829768759227696
 40
0.74022093483955
 40
0.7990543575873744
 40
0.8608940617539976
 40
0.9280230011970452
 40
1.0
 40
1.0
 40
1.0
 40
1.0
 10
-214.4800362976399
 20
245.4611615244994
 30
0.0
 10
-214.4832023076407
 20
245.5738461043094
 30
0.0
 10
-214.4894964858917
 20
245.7978684009146
 30
0.0
 10
-214.530861657983
 20
246.073664735728
 30
0.0
 10
-214.5807028939095
 20
246.2857075899206
 30
0.0
 10
-214.630188124505
 20
246.4355649946033
 30
0.0
 10
-214.6896491497704
 20
246.5764060055976
 30
0.0
 10
-214.7589628200963
 20
246.7088375066954
 30
0.0
 10
-214.8394322382001
 20
246.8307837538833
 30
0.0
 10
-214.9357745387726
 20
246.9382118565213
 30
0.0
 10
-215.0411986131657
 20
247.0356065235959
 30
0.0
 10
-215.1598801387948
 20
247.1200410196891
 30
0.0
 10
-215.2937811761843
 20
247.1886356148927
 30
0.0
 10
-215.445497836991
 20
247.2349044468463
 30
0.0
 10
-215.6125687139758
 20
247.2645564398873
 30
0.0
 10
-215.7297490159204
 20
247.2673424668554
 30
0.0
 10
-215.7903811252261
 20
247.2687840290366
 30
0.0
  0
SPLINE
  5
2AF
330
1F
100
AcDbEntity
  8
0
  6
Continuous
 62
     7
370
    25
100
AcDbSpline
210
0.0
220
0.0
230
1.0
 70
     8
 71
     3
 72
    19
 73
    15
 74
     0
 42
0.00000001
 43
0.00000001
 40
0.0
 40
0.0
 40
0.0
 40
0.0
 40
0.0697084857116493
 40
0.1359695424637063
 40
0.1990038837604547
 40
0.2599639996012209
 40
0.3197142219086975
 40
0.378449350646363
 40
0.4365179272855246
 40
0.4958895233694841
 40
0.6161625430633677
 40
0.7419860903951514
 40
0.8700513763961437
 40
1.0
 40
1.0
 40
1.0
 40
1.0
 10
-215.8266787658794
 20
243.7152450090729
 30
0.0
 10
-215.7690699370008
 20
243.7167241561595
 30
0.0
 10
-215.6567013204038
 20
243.7196092992027
 30
0.0
 10
-215.4945376045358
 20
243.7496525552239
 30
0.0
 10
-215.3441656156927
 20
243.7964039655263
 30
0.0
 10
-215.2069324839575
 20
243.8623747169361
 30
0.0
 10
-215.0832573853166
 20
243.9447030257305
 30
0.0
 10
-214.9723229394994
 20
244.039657235933
 30
0.0
 10
-214.87224450114
 20
244.1457892339058
 30
0.0
 10
-214.7595284697584
 20
244.3070637613374
 30
0.0
 10
-214.645433425745
 20
244.5333522645813
 30
0.0
 10
-214.5487007429751
 20
244.8277244470056
 30
0.0
 10
-214.4924387725463
 20
245.140831623402
 30
0.0
 10
-214.484190524931
 20
245.3538665509294
 30
0.0
 10
-214.4800362976399
 20
245.4611615244994
 30
0.0
  0
SPLINE
  5
2B0
330
1F
100
AcDbEntity
  8
0
  6
Continuous
 62
     7
370
    25
100
AcDbSpline
210
0.0
220
0.0
230
1.0
 70
     8
 71
     3
 72
    15
 73
    11
 74
     0
 42
0.00000001
 43
0.00000001
 40
0.0
 40
0.0
 40
0.0
 40
0.0
 40
0.1547262662017306
 40
0.2981702970401162
 40
0.4317107031601538
 40
0.5544931234645059
 40
0.670041524585179
 40
0.7816136464563742
 40
0.8902922594559115
 40
0.9999999999999999
 40
0.9999999999999999
 40
0.9999999999999999
 40
0.9999999999999999
 10
-217.3421052631571
 20
244.5736842105248
 30
0.0
 10
-217.2773813794064
 20
244.5077350821729
 30
0.0
 10
-217.1526531085232
 20
244.3806456637249
 30
0.0
 10
-216.9621934402597
 20
244.2065312927416
 30
0.0
 10
-216.7735094368572
 20
244.0599706948379
 30
0.0
 10
-216.5892035352877
 20
243.9355622559733
 30
0.0
 10
-216.4039828479401
 20
243.8379662820498
 30
0.0
 10
-216.2165370204719
 20
243.7649520838883
 30
0.0
 10
-216.0225833219354
 20
243.7245494301121
 30
0.0
 10
-215.8921851148034
 20
243.7183562110959
 30
0.0
 10
-215.8266787658794
 20
243.7152450090729
 30
0.0
  0
SPLINE
  5
2B2
330
1F
100
AcDbEntity
  8
0
  6
Continuous
 62
     7
370
    25
100
AcDbSpline
210
0.0
220
0.0
230
1.0
 70
     8
 71
     3
 72
    15
 73
    11
 74
     0
 42
0.00000001
 43
0.00000001
 40
0.0
 40
0.0
 40
0.0
 40
0.0
 40
0.1018111854711264
 40
0.2022550695790812
 40
0.3064812720246353
 40
0.4181450848072754
 40
0.5410543309585236
 40
0.674682693179927
 40
0.8269548847610406
 40
1.0
 40
1.0
 40
1.0
 40
1.0
 10
-215.7903811252261
 20
247.2687840290366
 30
0.0
 10
-215.8528395364005
 20
247.2668177558745
 30
0.0
 10
-215.9769175563098
 20
247.2629116161574
 30
0.0
 10
-216.1622900096493
 20
247.2271487668017
 30
0.0
 10
-216.3459201258892
 20
247.1634237923016
 30
0.0
 10
-216.533755613257
 20
247.0735185889327
 30
0.0
 10
-216.7232581749802
 20
246.9500017994016
 30
0.0
 10
-216.9213700732701
 20
246.7960763383328
 30
0.0
 10
-217.1278193018453
 20
246.6045236022788
 30
0.0
 10
-217.2676992942719
 20
246.4623678621083
 30
0.0
 10
-217.3421052631571
 20
246.38675136116
 30
0.0
  0
SPLINE
  5
2B3
330
1F
100
AcDbEntity
  8
0
  6
Continuous
 62
     7
370
    25
100
AcDbSpline
210
0.0
220
0.0
230
1.0
 70
     8
 71
     3
 72
    15
 73
    11
 74
     0
 42
0.00000001
 43
0.00000001
 40
0.0
 40
0.0
 40
0.0
 40
0.0
 40
0.1176721074895056
 40
0.2287400087478196
 40
0.3363901013182318
 40
0.449931017557869
 40
0.5697236450913901
 40
0.6999797409935492
 40
0.841877688767821
 40
1.0
 40
1.0
 40
1.0
 40
1.0
 10
-193.0992740471862
 20
246.7479128856611
 30
0.0
 10
-193.1021607264306
 20
246.8021715447552
 30
0.0
 10
-193.1077720735009
 20
246.9076436606255
 30
0.0
 10
-193.158667901594
 20
247.0557988599418
 30
0.0
 10
-193.2408957162165
 20
247.1863692293179
 30
0.0
 10
-193.357998755655
 20
247.2930366045694
 30
0.0
 10
-193.5022817299356
 20
247.3794776438586
 30
0.0
 10
-193.6730710775497
 20
247.4401673535556
 30
0.0
 10
-193.8684914611322
 20
247.4762416026022
 30
0.0
 10
-194.0065487825825
 20
247.4806282012779
 30
0.0
 10
-194.0793103448268
 20
247.4829401088915
 30
0.0
  0
SPLINE
  5
2B4
330
1F
100
AcDbEntity
  8
0
  6
Continuous
 62
     7
370
    25
100
AcDbSpline
210
0.0
220
0.0
230
1.0
 70
     8
 71
     3
 72
    21
 73
    17
 74
     0
 42
0.00000001
 43
0.00000001
 40
0.0
 40
0.0
 40
0.0
 40
0.0
 40
0.1032102297152679
 40
0.1995523388011971
 40
0.2873595477795827
 40
0.3687432254870132
 40
0.4419801814776897
 40
0.510093112411438
 40
0.5715102963498513
 40
0.629004061002072
 40
0.680919474264322
 40
0.729548784355247
 40
0.775965220162595
 40
0.8198840648015795
 40
0.906604487324784
 40
1.0
 40
1.0
 40
1.0
 40
1.0
 10
-194.7526315789466
 20
245.9021778584378
 30
0.0
 10
-194.6812250732781
 20
245.9027626338691
 30
0.0
 10
-194.5431638050194
 20
245.9038932708739
 30
0.0
 10
-194.3446941789153
 20
245.915617185909
 30
0.0
 10
-194.1615052296852
 20
245.9303043212208
 30
0.0
 10
-193.995727702303
 20
245.9563280680856
 30
0.0
 10
-193.8445840161685
 20
245.9866677225539
 30
0.0
 10
-193.7094145845573
 20
246.0245820710925
 30
0.0
 10
-193.5873174004703
 20
246.067754059201
 30
0.0
 10
-193.4806757779624
 20
246.1195845105572
 30
0.0
 10
-193.3892934248056
 20
246.179651955626
 30
0.0
 10
-193.3067668351084
 20
246.2397236980707
 30
0.0
 10
-193.242477625773
 20
246.311871890538
 30
0.0
 10
-193.1704218240796
 20
246.411127190176
 30
0.0
 10
-193.1122875347851
 20
246.5584636685646
 30
0.0
 10
-193.1037177417936
 20
246.6832219672582
 30
0.0
 10
-193.0992740471862
 20
246.7479128856611
 30
0.0
  0
SPLINE
  5
2B7
330
1F
100
AcDbEntity
  8
0
  6
Continuous
 62
     7
370
    25
100
AcDbSpline
210
0.0
220
0.0
230
1.0
 70
     8
 71
     3
 72
    15
 73
    11
 74
     0
 42
0.00000001
 43
0.00000001
 40
0.0
 40
0.0
 40
0.0
 40
0.0
 40
0.1221988928636222
 40
0.2400562392741344
 40
0.3562465933059311
 40
0.4728081634720936
 40
0.5930020163755318
 40
0.720292778348719
 40
0.8560317585107294
 40
1.0
 40
1.0
 40
1.0
 40
1.0
 10
-194.0793103448268
 20
247.4829401088915
 30
0.0
 10
-194.1429681568108
 20
247.4808234981751
 30
0.0
 10
-194.2680221125972
 20
247.4766654767995
 30
0.0
 10
-194.4512510243354
 20
247.4444973118171
 30
0.0
 10
-194.6271659950582
 20
247.3942352156327
 30
0.0
 10
-194.795795709323
 20
247.3198621759287
 30
0.0
 10
-194.9602050847422
 20
247.2251228427472
 30
0.0
 10
-195.1260430488076
 20
247.1139507359763
 30
0.0
 10
-195.2933522575059
 20
246.9834441972865
 30
0.0
 10
-195.4000648398816
 20
246.8842623028266
 30
0.0
 10
-195.4549909255891
 20
246.8332123411964
 30
0.0
  0
SPLINE
  5
2B8
330
1F
100
AcDbEntity
  8
0
  6
Continuous
 62
     7
370
    25
100
AcDbSpline
210
0.0
220
0.0
230
1.0
 70
     8
 71
     3
 72
    15
 73
    11
 74
     0
 42
0.00000001
 43
0.00000001
 40
0.0
 40
0.0
 40
0.0
 40
0.0
 40
0.1176721074895008
 40
0.2287400087478199
 40
0.3363901013182281
 40
0.4499310175578618
 40
0.5697236450913875
 40
0.6999797409935486
 40
0.8418776887678207
 40
1.0
 40
1.0
 40
1.0
 40
1.0
 10
-193.0992740471861
 20
230.4157894736828
 30
0.0
 10
-193.1021607264305
 20
230.470048132777
 30
0.0
 10
-193.1077720735008
 20
230.5755202486472
 30
0.0
 10
-193.1586679015938
 20
230.7236754479636
 30
0.0
 10
-193.2408957162164
 20
230.8542458173397
 30
0.0
 10
-193.3579987556549
 20
230.9609131925912
 30
0.0
 10
-193.5022817299355
 20
231.0473542318803
 30
0.0
 10
-193.6730710775496
 20
231.1080439415774
 30
0.0
 10
-193.8684914611321
 20
231.144118190624
 30
0.0
 10
-194.0065487825825
 20
231.1485047892997
 30
0.0
 10
-194.0793103448267
 20
231.1508166969133
 30
0.0
  0
SPLINE
  5
2B9
330
1F
100
AcDbEntity
  8
0
  6
Continuous
 62
     7
370
    25
100
AcDbSpline
210
0.0
220
0.0
230
1.0
 70
     8
 71
     3
 72
    21
 73
    17
 74
     0
 42
0.00000001
 43
0.00000001
 40
0.0
 40
0.0
 40
0.0
 40
0.0
 40
0.1032102297152678
 40
0.1995523388011969
 40
0.2873595477795824
 40
0.3687432254870128
 40
0.4419801814776886
 40
0.5100931124114376
 40
0.5715102963498497
 40
0.6290040610020704
 40
0.6809194742643222
 40
0.7295487843552471
 40
0.7759652201625951
 40
0.8198840648015796
 40
0.9066044873247839
 40
0.9999999999999999
 40
0.9999999999999999
 40
0.9999999999999999
 40
0.9999999999999999
 10
-194.7526315789465
 20
229.5700544464596
 30
0.0
 10
-194.681225073278
 20
229.5706392218909
 30
0.0
 10
-194.5431638050193
 20
229.5717698588957
 30
0.0
 10
-194.3446941789152
 20
229.5834937739308
 30
0.0
 10
-194.1615052296852
 20
229.5981809092426
 30
0.0
 10
-193.9957277023029
 20
229.6242046561073
 30
0.0
 10
-193.8445840161685
 20
229.6545443105756
 30
0.0
 10
-193.7094145845572
 20
229.6924586591143
 30
0.0
 10
-193.5873174004702
 20
229.7356306472228
 30
0.0
 10
-193.4806757779623
 20
229.7874610985789
 30
0.0
 10
-193.3892934248055
 20
229.8475285436477
 30
0.0
 10
-193.3067668351083
 20
229.9076002860925
 30
0.0
 10
-193.2424776257729
 20
229.9797484785598
 30
0.0
 10
-193.1704218240795
 20
230.0790037781978
 30
0.0
 10
-193.112287534785
 20
230.2263402565863
 30
0.0
 10
-193.1037177417935
 20
230.35109855528
 30
0.0
 10
-193.0992740471861
 20
230.4157894736828
 30
0.0
  0
SPLINE
  5
2BC
330
1F
100
AcDbEntity
  8
0
  6
Continuous
 62
     7
370
    25
100
AcDbSpline
210
0.0
220
0.0
230
1.0
 70
     8
 71
     3
 72
    15
 73
    11
 74
     0
 42
0.00000001
 43
0.00000001
 40
0.0
 40
0.0
 40
0.0
 40
0.0
 40
0.1221988928636228
 40
0.2400562392741352
 40
0.356246593305928
 40
0.4728081634720948
 40
0.5930020163755312
 40
0.7202927783487211
 40
0.8560317585107291
 40
1.0
 40
1.0
 40
1.0
 40
1.0
 10
-194.0793103448267
 20
231.1508166969133
 30
0.0
 10
-194.1429681568107
 20
231.1487000861969
 30
0.0
 10
-194.2680221125971
 20
231.1445420648213
 30
0.0
 10
-194.4512510243354
 20
231.1123738998389
 30
0.0
 10
-194.6271659950581
 20
231.0621118036545
 30
0.0
 10
-194.7957957093229
 20
230.9877387639505
 30
0.0
 10
-194.9602050847421
 20
230.8929994307689
 30
0.0
 10
-195.1260430488075
 20
230.7818273239981
 30
0.0
 10
-195.2933522575058
 20
230.6513207853082
 30
0.0
 10
-195.4000648398815
 20
230.5521388908483
 30
0.0
 10
-195.454990925589
 20
230.5010889292182
 30
0.0
  0
SPLINE
  5
2BD
330
1F
100
AcDbEntity
  8
0
  6
Continuous
 62
     7
370
    25
100
AcDbSpline
210
0.0
220
0.0
230
1.0
 70
     8
 71
     3
 72
    23
 73
    19
 74
     0
 42
0.00000001
 43
0.00000001
 40
0.0
 40
0.0
 40
0.0
 40
0.0
 40
0.0706181439416794
 40
0.1371909225873869
 40
0.200956079854452
 40
0.2611503214630599
 40
0.3193548788566419
 40
0.375218607447613
 40
0.4308417050485608
 40
0.4862836440271332
 40
0.5423570776590839
 40
0.5997749283330515
 40
0.6588763950574156
 40
0.7211179666639661
 40
0.7858130985604609
 40
0.8532989036591625
 40
0.9248721869404187
 40
1.0
 40
1.0
 40
1.0
 40
1.0
 10
-224.9362976406526
 20
243.6299455535374
 30
0.0
 10
-224.8702833679197
 20
243.6311130814017
 30
0.0
 10
-224.742036454667
 20
243.6333812552151
 30
0.0
 10
-224.5554014557181
 20
243.657473284409
 30
0.0
 10
-224.3816056094599
 20
243.6970620908397
 30
0.0
 10
-224.2197774757937
 20
243.7511392081724
 30
0.0
 10
-224.0729938550309
 20
243.8224736643459
 30
0.0
 10
-223.9380119109919
 20
243.906340531183
 30
0.0
 10
-223.8177918516525
 20
244.0066006386513
 30
0.0
 10
-223.712323340307
 20
244.1222651413163
 30
0.0
 10
-223.6189616761521
 20
244.2499910000252
 30
0.0
 10
-223.5398893857411
 20
244.3908293922249
 30
0.0
 10
-223.4694110052112
 20
244.5425489190376
 30
0.0
 10
-223.4145063415208
 20
244.7077640814422
 30
0.0
 10
-223.3699378400552
 20
244.8841547614217
 30
0.0
 10
-223.3432207204183
 20
245.0728161982851
 30
0.0
 10
-223.3209522267718
 20
245.2718929593922
 30
0.0
 10
-223.3198183994027
 20
245.4090633486148
 30
0.0
 10
-223.3192377495455
 20
245.479310344826
 30
0.0
  0
SPLINE
  5
2BE
330
1F
100
AcDbEntity
  8
0
  6
Continuous
 62
     7
370
    25
100
AcDbSpline
210
0.0
220
0.0
230
1.0
 70
     8
 71
     3
 72
    21
 73
    17
 74
     0
 42
0.00000001
 43
0.00000001
 40
0.0
 40
0.0
 40
0.0
 40
0.0
 40
0.1376284850327845
 40
0.2657785450916779
 40
0.326674957294424
 40
0.3852821626343156
 40
0.441555149863618
 40
0.4970382493095721
 40
0.552065434265223
 40
0.6073229305833059
 40
0.6633586344271035
 40
0.721663105376065
 40
0.783141359904056
 40
0.849655630097037
 40
0.9212093617929639
 40
0.9999999999999999
 40
0.9999999999999999
 40
0.9999999999999999
 40
0.9999999999999999
 10
-226.524319419237
 20
245.4974591651526
 30
0.0
 10
-226.5205618681397
 20
245.3683950482427
 30
0.0
 10
-226.5133055471572
 20
245.1191554144004
 30
0.0
 10
-226.4645491949628
 20
244.8156621108972
 30
0.0
 10
-226.4041183188079
 20
244.591259936636
 30
0.0
 10
-226.3462026878063
 20
244.4367021192653
 30
0.0
 10
-226.2752423888607
 20
244.2931918496028
 30
0.0
 10
-226.1889240573039
 20
244.1625029458297
 30
0.0
 10
-226.0916059869062
 20
244.0407932599159
 30
0.0
 10
-225.9758300507042
 20
243.9354957592476
 30
0.0
 10
-225.8456468230452
 20
243.8434975794926
 30
0.0
 10
-225.6989417266772
 20
243.7673517598187
 30
0.0
 10
-225.5354386737482
 20
243.7049171371484
 30
0.0
 10
-225.3534145121216
 20
243.65963564394
 30
0.0
 10
-225.1511234510753
 20
243.6351215568723
 30
0.0
 10
-225.010167901012
 20
243.6317253802408
 30
0.0
 10
-224.9362976406526
 20
243.6299455535374
 30
0.0
  0
SPLINE
  5
2BF
330
1F
100
AcDbEntity
  8
0
  6
Continuous
 62
     7
370
    25
100
AcDbSpline
210
0.0
220
0.0
230
1.0
 70
     8
 71
     3
 72
    23
 73
    19
 74
     0
 42
0.00000001
 43
0.00000001
 40
0.0
 40
0.0
 40
0.0
 40
0.0
 40
0.0718617640175463
 40
0.1396716668484508
 40
0.2033921350983807
 40
0.2635441903216663
 40
0.3214302195482215
 40
0.378147451514525
 40
0.4324092611488194
 40
0.4873381078294358
 40
0.5428506349015263
 40
0.6002282449892127
 40
0.6587614673255364
 40
0.7201396953284254
 40
0.7846371517310152
 40
0.8528164258073331
 40
0.9242780704131035
 40
1.0
 40
1.0
 40
1.0
 40
1.0
 10
-224.9072595281299
 20
247.3413793103432
 30
0.0
 10
-224.9744803365498
 20
247.3401921940148
 30
0.0
 10
-225.1051317683268
 20
247.3378848958486
 30
0.0
 10
-225.2942304095098
 20
247.3141810496374
 30
0.0
 10
-225.4692988619504
 20
247.2744159839559
 30
0.0
 10
-225.6304785216199
 20
247.2196484159551
 30
0.0
 10
-225.7792307583165
 20
247.1509531864438
 30
0.0
 10
-225.9124419839053
 20
247.0654749274626
 30
0.0
 10
-226.0337343304217
 20
246.9680741331612
 30
0.0
 10
-226.1384168343982
 20
246.8544797252168
 30
0.0
 10
-226.2321108855746
 20
246.7282551436947
 30
0.0
 10
-226.3116408669632
 20
246.5885888054114
 30
0.0
 10
-226.3766876081922
 20
246.4358599093204
 30
0.0
 10
-226.4316992455828
 20
246.2722037947882
 30
0.0
 10
-226.4724834061379
 20
246.0951675343137
 30
0.0
 10
-226.5034287391968
 20
245.906709799746
 30
0.0
 10
-226.5218087081774
 20
245.7059317402637
 30
0.0
 10
-226.5234665202155
 20
245.5682781686572
 30
0.0
 10
-226.524319419237
 20
245.4974591651526
 30
0.0
  0
SPLINE
  5
2C0
330
1F
100
AcDbEntity
  8
0
  6
Continuous
 62
     7
370
    25
100
AcDbSpline
210
0.0
220
0.0
230
1.0
 70
     8
 71
     3
 72
    21
 73
    17
 74
     0
 42
0.00000001
 43
0.00000001
 40
0.0
 40
0.0
 40
0.0
 40
0.0
 40
0.1385228684131312
 40
0.2676478540394083
 40
0.3282074585728536
 40
0.3871514760935326
 40
0.4435261875948217
 40
0.4987588722591649
 40
0.5533867387991728
 40
0.6083083364271348
 40
0.6644453356074609
 40
0.722855203126834
 40
0.7848233985089818
 40
0.8506756505241532
 40
0.922358729383317
 40
0.9999999999999999
 40
0.9999999999999999
 40
0.9999999999999999
 40
0.9999999999999999
 10
-223.3192377495455
 20
245.479310344826
 30
0.0
 10
-223.322945159368
 20
245.6089686182135
 30
0.0
 10
-223.330108455179
 20
245.8594886877744
 30
0.0
 10
-223.3793682156074
 20
246.163991649144
 30
0.0
 10
-223.4433674004717
 20
246.3879367314126
 30
0.0
 10
-223.5029457917617
 20
246.5416221429672
 30
0.0
 10
-223.5740477661839
 20
246.684788077134
 30
0.0
 10
-223.6575193859128
 20
246.8164223884249
 30
0.0
 10
-223.755764294312
 20
246.9360002577143
 30
0.0
 10
-223.8718831580668
 20
247.0394699732642
 30
0.0
 10
-224.0015431737322
 20
247.1313758085145
 30
0.0
 10
-224.1483306565121
 20
247.2083685812493
 30
0.0
 10
-224.3127405054316
 20
247.2674666839349
 30
0.0
 10
-224.4945248839223
 20
247.3115538257939
 30
0.0
 10
-224.6948537677996
 20
247.3361145629055
 30
0.0
 10
-224.8345989502344
 20
247.339578325329
 30
0.0
 10
-224.9072595281299
 20
247.3413793103432
 30
0.0
  0
SPLINE
  5
2C1
330
1F
100
AcDbEntity
  8
0
  6
Continuous
 62
     7
370
    25
100
AcDbSpline
210
0.0
220
0.0
230
1.0
 70
     8
 71
     3
 72
    15
 73
    11
 74
     0
 42
0.00000001
 43
0.00000001
 40
0.0
 40
0.0
 40
0.0
 40
0.0
 40
0.1176721074895004
 40
0.2287400087478201
 40
0.3363901013182269
 40
0.4499310175578622
 40
0.5697236450913877
 40
0.6999797409935464
 40
0.8418776887678183
 40
1.0
 40
1.0
 40
1.0
 40
1.0
 10
-166.5700544464601
 20
230.415789473683
 30
0.0
 10
-166.5729411257045
 20
230.4700481327771
 30
0.0
 10
-166.5785524727748
 20
230.5755202486474
 30
0.0
 10
-166.6294483008679
 20
230.7236754479638
 30
0.0
 10
-166.7116761154904
 20
230.8542458173399
 30
0.0
 10
-166.828779154929
 20
230.9609131925914
 30
0.0
 10
-166.9730621292095
 20
231.0473542318805
 30
0.0
 10
-167.1438514768236
 20
231.1080439415776
 30
0.0
 10
-167.3392718604062
 20
231.1441181906242
 30
0.0
 10
-167.4773291818565
 20
231.1485047892999
 30
0.0
 10
-167.5500907441008
 20
231.1508166969135
 30
0.0
  0
SPLINE
  5
2C2
330
1F
100
AcDbEntity
  8
0
  6
Continuous
 62
     7
370
    25
100
AcDbSpline
210
0.0
220
0.0
230
1.0
 70
     8
 71
     3
 72
    21
 73
    17
 74
     0
 42
0.00000001
 43
0.00000001
 40
0.0
 40
0.0
 40
0.0
 40
0.0
 40
0.1032102297152677
 40
0.1995523388011984
 40
0.2873595477795823
 40
0.3687432254870143
 40
0.44198018147769
 40
0.5100931124114373
 40
0.5715102963498494
 40
0.6290040610020701
 40
0.6809194742643218
 40
0.729548784355248
 40
0.7759652201625947
 40
0.8198840648015793
 40
0.9066044873247842
 40
1.0
 40
1.0
 40
1.0
 40
1.0
 10
-168.2234119782205
 20
229.5700544464598
 30
0.0
 10
-168.1520054725521
 20
229.5706392218911
 30
0.0
 10
-168.0139442042934
 20
229.5717698588959
 30
0.0
 10
-167.8154745781893
 20
229.5834937739309
 30
0.0
 10
-167.6322856289592
 20
229.5981809092428
 30
0.0
 10
-167.4665081015769
 20
229.6242046561075
 30
0.0
 10
-167.3153644154425
 20
229.6545443105758
 30
0.0
 10
-167.1801949838313
 20
229.6924586591144
 30
0.0
 10
-167.0580977997442
 20
229.735630647223
 30
0.0
 10
-166.9514561772363
 20
229.7874610985791
 30
0.0
 10
-166.8600738240795
 20
229.8475285436479
 30
0.0
 10
-166.7775472343824
 20
229.9076002860926
 30
0.0
 10
-166.7132580250469
 20
229.9797484785599
 30
0.0
 10
-166.6412022233535
 20
230.079003778198
 30
0.0
 10
-166.583067934059
 20
230.2263402565866
 30
0.0
 10
-166.5744981410675
 20
230.3510985552801
 30
0.0
 10
-166.5700544464601
 20
230.415789473683
 30
0.0
  0
SPLINE
  5
2C5
330
1F
100
AcDbEntity
  8
0
  6
Continuous
 62
     7
370
    25
100
AcDbSpline
210
0.0
220
0.0
230
1.0
 70
     8
 71
     3
 72
    15
 73
    11
 74
     0
 42
0.00000001
 43
0.00000001
 40
0.0
 40
0.0
 40
0.0
 40
0.0
 40
0.1221988928636208
 40
0.2400562392741335
 40
0.3562465933059286
 40
0.4728081634720955
 40
0.5930020163755322
 40
0.7202927783487205
 40
0.8560317585107289
 40
1.0
 40
1.0
 40
1.0
 40
1.0
 10
-167.5500907441008
 20
231.1508166969135
 30
0.0
 10
-167.6137485560848
 20
231.148700086197
 30
0.0
 10
-167.7388025118711
 20
231.1445420648215
 30
0.0
 10
-167.9220314236094
 20
231.112373899839
 30
0.0
 10
-168.0979463943321
 20
231.0621118036547
 30
0.0
 10
-168.266576108597
 20
230.9877387639507
 30
0.0
 10
-168.4309854840161
 20
230.8929994307691
 30
0.0
 10
-168.5968234480816
 20
230.7818273239983
 30
0.0
 10
-168.7641326567799
 20
230.6513207853084
 30
0.0
 10
-168.8708452391556
 20
230.5521388908485
 30
0.0
 10
-168.925771324863
 20
230.5010889292184
 30
0.0
  0
SPLINE
  5
2C6
330
1F
100
AcDbEntity
  8
0
  6
Continuous
 62
     7
370
    25
100
AcDbSpline
210
0.0
220
0.0
230
1.0
 70
     8
 71
     3
 72
    23
 73
    19
 74
     0
 42
0.00000001
 43
0.00000001
 40
0.0
 40
0.0
 40
0.0
 40
0.0
 40
0.0801956777677372
 40
0.1545471050214699
 40
0.2229253963633615
 40
0.2868179719823948
 40
0.3475840938803806
 40
0.4058186826130206
 40
0.4626105068416766
 40
0.518758647934352
 40
0.5747447119181638
 40
0.6311000875873015
 40
0.6891072582798016
 40
0.7484921515177235
 40
0.8093307362718988
 40
0.8716215060354783
 40
0.9348512312340944
 40
1.0
 40
1.0
 40
1.0
 40
1.0
 10
-145.3925589836652
 20
225.3558983666051
 30
0.0
 10
-145.2792882383704
 20
225.3585958456952
 30
0.0
 10
-145.0610013399214
 20
225.3637942254065
 30
0.0
 10
-144.7484346427983
 20
225.4057197403678
 30
0.0
 10
-144.4638305154448
 20
225.4729418130804
 30
0.0
 10
-144.2091764154248
 20
225.5724637218842
 30
0.0
 10
-143.9812464035754
 20
225.694978201135
 30
0.0
 10
-143.7762682751735
 20
225.8356918744336
 30
0.0
 10
-143.5925134797067
 20
225.9937564631874
 30
0.0
 10
-143.4348528431294
 20
226.1734989245616
 30
0.0
 10
-143.2969535286307
 20
226.3680809736269
 30
0.0
 10
-143.1853680788761
 20
226.581679054314
 30
0.0
 10
-143.0893379965851
 20
226.807896635404
 30
0.0
 10
-143.0207942517856
 20
227.0505291708618
 30
0.0
 10
-142.9679291952909
 20
227.3029323321448
 30
0.0
 10
-142.9335192913191
 20
227.5639248842478
 30
0.0
 10
-142.9076646062663
 20
227.832095011378
 30
0.0
 10
-142.9054696171447
 20
228.0134245767109
 30
0.0
 10
-142.9043557168775
 20
228.105444646097
 30
0.0
  0
SPLINE
  5
2C7
330
1F
100
AcDbEntity
  8
0
  6
Continuous
 62
     7
370
    25
100
AcDbSpline
210
0.0
220
0.0
230
1.0
 70
     8
 71
     3
 72
    23
 73
    19
 74
     0
 42
0.00000001
 43
0.00000001
 40
0.0
 40
0.0
 40
0.0
 40
0.0
 40
0.0716543346964135
 40
0.1404940374530784
 40
0.2059214083520491
 40
0.2688905825785783
 40
0.3291011470576539
 40
0.3867462710543917
 40
0.4420542333662108
 40
0.4966924729531461
 40
0.5507637526094057
 40
0.6051986336937163
 40
0.6608996690874224
 40
0.7192532371810509
 40
0.7811507652386845
 40
0.8480741025873744
 40
0.9210608368604738
 40
1.0
 40
1.0
 40
1.0
 40
1.0
 10
-147.8281306715055
 20
228.1308529945543
 30
0.0
 10
-147.826713632732
 20
228.0291903787156
 30
0.0
 10
-147.8239352174502
 20
227.8298585250637
 30
0.0
 10
-147.8029112672304
 20
227.5381927995743
 30
0.0
 10
-147.7633809227127
 20
227.261048402725
 30
0.0
 10
-147.7147851329864
 20
226.9977287763401
 30
0.0
 10
-147.6462244121728
 20
226.7501020327648
 30
0.0
 10
-147.557747527596
 20
226.52042032206
 30
0.0
 10
-147.4477086921873
 20
226.3090525661707
 30
0.0
 10
-147.3170649391431
 20
226.1158595584435
 30
0.0
 10
-147.1638929539914
 20
225.9412623726913
 30
0.0
 10
-146.9854669114546
 20
225.7904134242281
 30
0.0
 10
-146.785903785574
 20
225.6576948249736
 30
0.0
 10
-146.5603149946099
 20
225.5491366847866
 30
0.0
 10
-146.3090956377611
 20
225.4614970524751
 30
0.0
 10
-146.0292654067046
 20
225.3980205977218
 30
0.0
 10
-145.7201242573014
 20
225.3631781230247
 30
0.0
 10
-145.5045626299188
 20
225.3583875170995
 30
0.0
 10
-145.3925589836652
 20
225.3558983666051
 30
0.0
  0
SPLINE
  5
2C8
330
1F
100
AcDbEntity
  8
0
  6
Continuous
 62
     7
370
    25
100
AcDbSpline
210
0.0
220
0.0
230
1.0
 70
     8
 71
     3
 72
    23
 73
    19
 74
     0
 42
0.00000001
 43
0.00000001
 40
0.0
 40
0.0
 40
0.0
 40
0.0
 40
0.0796392582838676
 40
0.1534196255667196
 40
0.2213234896746835
 40
0.2846199244950902
 40
0.3447645952708605
 40
0.4028372469095765
 40
0.4591964999228695
 40
0.5152739750326792
 40
0.5715705539595616
 40
0.627910530064408
 40
0.685747332087602
 40
0.7455372708197338
 40
0.8072038538960857
 40
0.8699645927822743
 40
0.9340272167715508
 40
1.0
 40
1.0
 40
1.0
 40
1.0
 10
-145.3417422867505
 20
230.9112522686015
 30
0.0
 10
-145.4549791657786
 20
230.9083147144324
 30
0.0
 10
-145.6731223272694
 20
230.9026557157121
 30
0.0
 10
-145.9860617411619
 20
230.8639417126428
 30
0.0
 10
-146.2700999724607
 20
230.7954989279951
 30
0.0
 10
-146.5249382160688
 20
230.6982871564838
 30
0.0
 10
-146.7539567597965
 20
230.5779150092777
 30
0.0
 10
-146.957959540943
 20
230.4354907373573
 30
0.0
 10
-147.1400004454367
 20
230.2744895525582
 30
0.0
 10
-147.2984001809617
 20
230.0935165006415
 30
0.0
 10
-147.434841684838
 20
229.8955269171685
 30
0.0
 10
-147.5476531949543
 20
229.680481361475
 30
0.0
 10
-147.6410720038969
 20
229.4509711667531
 30
0.0
 10
-147.7104302122427
 20
229.2052239861346
 30
0.0
 10
-147.7618484288805
 20
228.9482330094975
 30
0.0
 10
-147.7997938385673
 20
228.6828477092381
 30
0.0
 10
-147.8246138117007
 20
228.4096074118175
 30
0.0
 10
-147.8269469606155
 20
228.2246766490772
 30
0.0
 10
-147.8281306715055
 20
228.1308529945543
 30
0.0
  0
SPLINE
  5
2C9
330
1F
100
AcDbEntity
  8
0
  6
Continuous
 62
     7
370
    25
100
AcDbSpline
210
0.0
220
0.0
230
1.0
 70
     8
 71
     3
 72
    23
 73
    19
 74
     0
 42
0.00000001
 43
0.00000001
 40
0.0
 40
0.0
 40
0.0
 40
0.0
 40
0.0734977053779193
 40
0.1437806082854769
 40
0.2101968876084795
 40
0.273804327054848
 40
0.3338421857589169
 40
0.391326256619157
 40
0.4468520462756969
 40
0.5010796151011608
 40
0.5546304606248411
 40
0.6082212520822357
 40
0.6635088706644108
 40
0.7207364363793274
 40
0.7817641424985575
 40
0.8482729899792216
 40
0.9209766429001843
 40
1.0
 40
1.0
 40
1.0
 40
1.0
 10
-142.9043557168775
 20
228.105444646097
 30
0.0
 10
-142.9057050808254
 20
228.2107439242242
 30
0.0
 10
-142.9083447873066
 20
228.4167366716618
 30
0.0
 10
-142.9301709629281
 20
228.7172769746141
 30
0.0
 10
-142.966609621733
 20
229.0020079048022
 30
0.0
 10
-143.0155874485652
 20
229.2700778721534
 30
0.0
 10
-143.0844099219886
 20
229.5206569400635
 30
0.0
 10
-143.1732567965558
 20
229.752594624652
 30
0.0
 10
-143.2828029598449
 20
229.9660962438142
 30
0.0
 10
-143.4109477443558
 20
230.1626308902108
 30
0.0
 10
-143.5652162501568
 20
230.3358156889725
 30
0.0
 10
-143.7412800178375
 20
230.4890926825748
 30
0.0
 10
-143.9426794932593
 20
230.6171784798904
 30
0.0
 10
-144.1667719372742
 20
230.7261763819574
 30
0.0
 10
-144.4188237152595
 20
230.8094324107445
 30
0.0
 10
-144.7000531325166
 20
230.8680979420712
 30
0.0
 10
-145.0111017489651
 20
230.9043391685233
 30
0.0
 10
-145.228510287967
 20
230.9088847907813
 30
0.0
 10
-145.3417422867505
 20
230.9112522686015
 30
0.0
  0
SPLINE
  5
2CA
330
1F
100
AcDbEntity
  8
0
  6
Continuous
 62
     7
370
    25
100
AcDbSpline
210
0.0
220
0.0
230
1.0
 70
     8
 71
     3
 72
    15
 73
    11
 74
     0
 42
0.00000001
 43
0.00000001
 40
0.0
 40
0.0
 40
0.0
 40
0.0
 40
0.1176721074895049
 40
0.2287400087478184
 40
0.3363901013182301
 40
0.4499310175578629
 40
0.569723645091392
 40
0.6999797409935457
 40
0.8418776887678168
 40
1.0
 40
1.0
 40
1.0
 40
1.0
 10
-149.7163339382932
 20
246.7479128856613
 30
0.0
 10
-149.7192206175376
 20
246.8021715447555
 30
0.0
 10
-149.7248319646079
 20
246.9076436606257
 30
0.0
 10
-149.775727792701
 20
247.0557988599421
 30
0.0
 10
-149.8579556073235
 20
247.1863692293182
 30
0.0
 10
-149.9750586467621
 20
247.2930366045697
 30
0.0
 10
-150.1193416210427
 20
247.3794776438588
 30
0.0
 10
-150.2901309686567
 20
247.4401673535559
 30
0.0
 10
-150.4855513522393
 20
247.4762416026025
 30
0.0
 10
-150.6236086736896
 20
247.4806282012782
 30
0.0
 10
-150.6963702359339
 20
247.4829401088918
 30
0.0
  0
SPLINE
  5
2CB
330
1F
100
AcDbEntity
  8
0
  6
Continuous
 62
     7
370
    25
100
AcDbSpline
210
0.0
220
0.0
230
1.0
 70
     8
 71
     3
 72
    21
 73
    17
 74
     0
 42
0.00000001
 43
0.00000001
 40
0.0
 40
0.0
 40
0.0
 40
0.0
 40
0.1032102297152679
 40
0.1995523388011971
 40
0.2873595477795828
 40
0.3687432254870132
 40
0.4419801814776897
 40
0.510093112411438
 40
0.5715102963498513
 40
0.6290040610020721
 40
0.6809194742643221
 40
0.7295487843552471
 40
0.7759652201625928
 40
0.8198840648015794
 40
0.9066044873247839
 40
1.0
 40
1.0
 40
1.0
 40
1.0
 10
-151.3696914700537
 20
245.9021778584381
 30
0.0
 10
-151.2982849643852
 20
245.9027626338694
 30
0.0
 10
-151.1602236961265
 20
245.9038932708742
 30
0.0
 10
-150.9617540700224
 20
245.9156171859093
 30
0.0
 10
-150.7785651207923
 20
245.9303043212211
 30
0.0
 10
-150.6127875934101
 20
245.9563280680859
 30
0.0
 10
-150.4616439072756
 20
245.9866677225542
 30
0.0
 10
-150.3264744756644
 20
246.0245820710928
 30
0.0
 10
-150.2043772915773
 20
246.0677540592013
 30
0.0
 10
-150.0977356690694
 20
246.1195845105574
 30
0.0
 10
-150.0063533159126
 20
246.1796519556262
 30
0.0
 10
-149.9238267262155
 20
246.239723698071
 30
0.0
 10
-149.8595375168801
 20
246.3118718905383
 30
0.0
 10
-149.7874817151866
 20
246.4111271901763
 30
0.0
 10
-149.7293474258921
 20
246.5584636685649
 30
0.0
 10
-149.7207776329007
 20
246.6832219672585
 30
0.0
 10
-149.7163339382932
 20
246.7479128856613
 30
0.0
  0
SPLINE
  5
2CE
330
1F
100
AcDbEntity
  8
0
  6
Continuous
 62
     7
370
    25
100
AcDbSpline
210
0.0
220
0.0
230
1.0
 70
     8
 71
     3
 72
    15
 73
    11
 74
     0
 42
0.00000001
 43
0.00000001
 40
0.0
 40
0.0
 40
0.0
 40
0.0
 40
0.1221988928636183
 40
0.240056239274131
 40
0.3562465933059283
 40
0.4728081634720913
 40
0.5930020163755301
 40
0.7202927783487177
 40
0.8560317585107289
 40
1.0
 40
1.0
 40
1.0
 40
1.0
 10
-150.6963702359339
 20
247.4829401088918
 30
0.0
 10
-150.7600280479179
 20
247.4808234981754
 30
0.0
 10
-150.8850820037042
 20
247.4766654767998
 30
0.0
 10
-151.0683109154425
 20
247.4444973118174
 30
0.0
 10
-151.2442258861653
 20
247.394235215633
 30
0.0
 10
-151.4128556004301
 20
247.319862175929
 30
0.0
 10
-151.5772649758493
 20
247.2251228427475
 30
0.0
 10
-151.7431029399147
 20
247.1139507359766
 30
0.0
 10
-151.910412148613
 20
246.9834441972867
 30
0.0
 10
-152.0171247309887
 20
246.8842623028268
 30
0.0
 10
-152.0720508166961
 20
246.8332123411967
 30
0.0
  0
CIRCLE
  5
37B
330
1F
100
AcDbEntity
  8
0
  6
Continuous
 62
     7
370
    25
100
AcDbCircle
 10
-62.7
 20
192.1
 30
0.0
 40
1.599999999999994
  0
CIRCLE
  5
37C
330
1F
100
AcDbEntity
  8
0
  6
Continuous
 62
     7
370
    25
100
AcDbCircle
 10
62.7
 20
192.1
 30
0.0
 40
1.599999999999994
  0
CIRCLE
  5
384
330
1F
100
AcDbEntity
  8
0
  6
Continuous
 62
     7
370
    25
100
AcDbCircle
 10
26.6
 20
266.5
 30
0.0
 40
1.600000000000023
  0
CIRCLE
  5
385
330
1F
100
AcDbEntity
  8
0
  6
Continuous
 62
     7
370
    25
100
AcDbCircle
 10
-26.6
 20
266.5
 30
0.0
 40
1.599999999999966
  0
CIRCLE
  5
38C
330
1F
100
AcDbEntity
  8
0
  6
Continuous
 62
     7
370
    25
100
AcDbCircle
 10
0.0
 20
155.1333333333
 30
0.0
 40
1.600000000003661
  0
CIRCLE
  5
38D
330
1F
100
AcDbEntity
  8
0
  6
Continuous
 62
     7
370
    25
100
AcDbCircle
 10
0.0
 20
229.0666666667
 30
0.0
 40
1.600000000003718
  0
CIRCLE
  5
399
330
1F
100
AcDbEntity
  8
0
  6
Continuous
 62
     7
370
    25
100
AcDbCircle
 10
65.5
 20
40.0
 30
0.0
 40
9.100000000000001
  0
CIRCLE
  5
3C6
330
1F
100
AcDbEntity
  8
0
  6
Continuous
 62
     7
370
    25
100
AcDbCircle
 10
-65.5
 20
40.0
 30
0.0
 40
9.099999999999994
  0
CIRCLE
  5
40B
330
1F
100
AcDbEntity
  8
0
  6
Continuous
 62
     7
370
    25
100
AcDbCircle
 10
-167.1
 20
0.283
 30
0.0
 40
1.599999999999993
  0
CIRCLE
  5
413
330
1F
100
AcDbEntity
  8
0
  6
Continuous
 62
     7
370
    25
100
AcDbCircle
 10
-184.6
 20
0.283
 30
0.0
 40
1.599999999999988
  0
CIRCLE
  5
415
330
1F
100
AcDbEntity
  8
0
  6
Continuous
 62
     7
370
    25
100
AcDbCircle
 10
-216.9820032028
 20
13.7666666667
 30
0.0
 40
1.600000000000003
  0
CIRCLE
  5
416
330
1F
100
AcDbEntity
  8
0
  6
Continuous
 62
     7
370
    25
100
AcDbCircle
 10
-199.4820032028
 20
13.7666666667
 30
0.0
 40
1.60000000000001
  0
CIRCLE
  5
477
330
1F
100
AcDbEntity
  8
0
  6
Continuous
 62
     7
370
    25
100
AcDbCircle
 10
-463.1
 20
233.7666666666
 30
0.0
 40
1.600000000000023
  0
CIRCLE
  5
478
330
1F
100
AcDbEntity
  8
0
  6
Continuous
 62
     7
370
    25
100
AcDbCircle
 10
-463.1
 20
192.1
 30
0.0
 40
1.600000000000051
  0
CIRCLE
  5
479
330
1F
100
AcDbEntity
  8
0
  6
Continuous
 62
     7
370
    25
100
AcDbCircle
 10
-463.1
 20
150.4333333333
 30
0.0
 40
1.599999999999994
  0
CIRCLE
  5
482
330
1F
100
AcDbEntity
  8
0
  6
Continuous
 62
     7
370
    25
100
AcDbCircle
 10
-406.9
 20
192.1
 30
0.0
 40
1.599999999999966
  0
CIRCLE
  5
483
330
1F
100
AcDbEntity
  8
0
  6
Continuous
 62
     7
370
    25
100
AcDbCircle
 10
-406.9
 20
150.4333333333
 30
0.0
 40
1.599999999999937
  0
CIRCLE
  5
4A0
330
1F
100
AcDbEntity
  8
0
  6
Continuous
 62
     7
370
    25
100
AcDbCircle
 10
-388.6
 20
233.7666666667
 30
0.0
 40
1.600000000000051
  0
CIRCLE
  5
4A1
330
1F
100
AcDbEntity
  8
0
  6
Continuous
 62
     7
370
    25
100
AcDbCircle
 10
-388.6
 20
192.1
 30
0.0
 40
1.600000000000023
  0
CIRCLE
  5
4A2
330
1F
100
AcDbEntity
  8
0
  6
Continuous
 62
     7
370
    25
100
AcDbCircle
 10
-388.6
 20
150.4333333333
 30
0.0
 40
1.600000000000051
  0
CIRCLE
  5
4AB
330
1F
100
AcDbEntity
  8
0
  6
Continuous
 62
     7
370
    25
100
AcDbCircle
 10
-332.4
 20
192.1
 30
0.0
 40
1.599999999999994
  0
CIRCLE
  5
4AC
330
1F
100
AcDbEntity
  8
0
  6
Continuous
 62
     7
370
    25
100
AcDbCircle
 10
-332.4
 20
150.4333333333
 30
0.0
 40
1.599999999999994
  0
CIRCLE
  5
4CA
330
1F
100
AcDbEntity
  8
0
  6
Continuous
 62
     7
370
    25
100
AcDbCircle
 10
-192.1
 20
-36.9666666667
 30
0.0
 40
1.600000000000001
  0
CIRCLE
  5
4CB
330
1F
100
AcDbEntity
  8
0
  6
Continuous
 62
     7
370
    25
100
AcDbCircle
 10
-192.1
 20
36.9666666667
 30
0.0
 40
1.599999999999994
  0
CIRCLE
  5
4CC
330
1F
100
AcDbEntity
  8
0
  6
Continuous
 62
     7
370
    25
100
AcDbCircle
 10
-173.05
 20
53.9
 30
0.0
 40
1.600000000000001
  0
CIRCLE
  5
4CD
330
1F
100
AcDbEntity
  8
0
  6
Continuous
 62
     7
370
    25
100
AcDbCircle
 10
-173.05
 20
-53.9
 30
0.0
 40
1.599999999999994
  0
CIRCLE
  5
4CE
330
1F
100
AcDbEntity
  8
0
  6
Continuous
 62
     7
370
    25
100
AcDbCircle
 10
-200.85
 20
-53.9
 30
0.0
 40
1.599999999999959
  0
CIRCLE
  5
56E
330
1F
100
AcDbEntity
  8
0
  6
Continuous
 62
     7
370
    25
100
AcDbCircle
 10
-266.106
 20
-34.2
 30
0.0
 40
2.099999999999945
  0
CIRCLE
  5
56F
330
1F
100
AcDbEntity
  8
0
  6
Continuous
 62
     7
370
    25
100
AcDbCircle
 10
-215.56
 20
-17.817
 30
0.0
 40
2.100000000000005
  0
CIRCLE
  5
586
330
1F
100
AcDbEntity
  8
0
  6
Continuous
 62
     7
370
    25
100
AcDbCircle
 10
-254.8
 20
0.0
 30
0.0
 40
1.599999999998005
  0
CIRCLE
  5
587
330
1F
100
AcDbEntity
  8
0
  6
Continuous
 62
     7
370
    25
100
AcDbCircle
 10
-129.4
 20
0.0
 30
0.0
 40
1.60000000000198
  0
CIRCLE
  5
588
330
1F
100
AcDbEntity
  8
0
  6
Continuous
 62
     7
370
    25
100
AcDbCircle
 10
-200.85
 20
53.9
 30
0.0
 40
1.599999999999987
  0
CIRCLE
  5
5A7
330
1F
100
AcDbEntity
  8
0
  6
Continuous
 62
     7
370
    25
100
AcDbCircle
 10
-345.4
 20
-35.6666666667
 30
0.0
 40
1.599999999999959
  0
CIRCLE
  5
5A8
330
1F
100
AcDbEntity
  8
0
  6
Continuous
 62
     7
370
    25
100
AcDbCircle
 10
-345.4
 20
6.0
 30
0.0
 40
1.600000000000049
  0
CIRCLE
  5
5B5
330
1F
100
AcDbEntity
  8
0
  6
Continuous
 62
     7
370
    25
100
AcDbCircle
 10
-401.6
 20
6.0
 30
0.0
 40
1.600000000000005
  0
CIRCLE
  5
5C7
330
1F
100
AcDbEntity
  8
0
  6
Continuous
 62
     7
370
    25
100
AcDbCircle
 10
-401.6
 20
-35.6666666667
 30
0.0
 40
1.599999999999966
  0
CIRCLE
  5
5CC
330
1F
100
AcDbEntity
  8
0
  6
Continuous
 62
     7
370
    25
100
AcDbCircle
 10
-401.6
 20
47.6666666667
 30
0.0
 40
1.599999999999987
  0
CIRCLE
  5
5CD
330
1F
100
AcDbEntity
  8
0
  6
Continuous
 62
     7
370
    25
100
AcDbCircle
 10
-345.4
 20
47.6666666667
 30
0.0
 40
1.599999999999952
  0
CIRCLE
  5
5E1
330
1F
100
AcDbEntity
  8
0
  6
Continuous
 62
     7
370
    25
100
AcDbCircle
 10
-64.229644422
 20
0.4
 30
0.0
 40
1.700000000000066
  0
CIRCLE
  5
5E2
330
1F
100
AcDbEntity
  8
0
  6
Continuous
 62
     7
370
    25
100
AcDbCircle
 10
13.770355578
 20
0.4
 30
0.0
 40
1.699999999999942
  0
CIRCLE
  5
5E3
330
1F
100
AcDbEntity
  8
0
  6
Continuous
 62
     7
370
    25
100
AcDbCircle
 10
21.75
 20
85.0
 30
0.0
 40
1.649999999999991
  0
CIRCLE
  5
5E4
330
1F
100
AcDbEntity
  8
0
  6
Continuous
 62
     7
370
    25
100
AcDbCircle
 10
-17.75
 20
45.5
 30
0.0
 40
1.649999999999999
  0
CIRCLE
  5
5E5
330
1F
100
AcDbEntity
  8
0
  6
Continuous
 62
     7
370
    25
100
AcDbCircle
 10
31.75
 20
68.0
 30
0.0
 40
1.649999999999835
  0
CIRCLE
  5
5E6
330
1F
100
AcDbEntity
  8
0
  6
Continuous
 62
     7
370
    25
100
AcDbCircle
 10
-65.0
 20
-41.0
 30
0.0
 40
2.099999999999639
  0
CIRCLE
  5
5E7
330
1F
100
AcDbEntity
  8
0
  6
Continuous
 62
     7
370
    25
100
AcDbCircle
 10
65.0
 20
-81.0
 30
0.0
 40
2.100000000000335
  0
CIRCLE
  5
680
330
1F
100
AcDbEntity
  8
0
  6
Continuous
 62
     7
370
    25
100
AcDbCircle
 10
65.0
 20
-41.0
 30
0.0
 40
2.100000000000392
  0
CIRCLE
  5
681
330
1F
100
AcDbEntity
  8
0
  6
Continuous
 62
     7
370
    25
100
AcDbCircle
 10
-65.0
 20
-81.0
 30
0.0
 40
2.099999999999625
  0
CIRCLE
  5
682
330
1F
100
AcDbEntity
  8
0
  6
Continuous
 62
     7
370
    25
100
AcDbCircle
 10
-31.75
 20
68.0
 30
0.0
 40
1.649999999999849
  0
CIRCLE
  5
683
330
1F
100
AcDbEntity
  8
0
  6
Continuous
 62
     7
370
    25
100
AcDbCircle
 10
21.75
 20
45.5
 30
0.0
 40
1.649999999999999
  0
CIRCLE
  5
684
330
1F
100
AcDbEntity
  8
0
  6
Continuous
 62
     7
370
    25
100
AcDbCircle
 10
-17.75
 20
85.0
 30
0.0
 40
1.649999999999991
  0
CIRCLE
  5
685
330
1F
100
AcDbEntity
  8
0
  6
Continuous
 62
     7
370
    25
100
AcDbCircle
 10
-13.770355578
 20
0.4
 30
0.0
 40
1.700000000000047
  0
CIRCLE
  5
686
330
1F
100
AcDbEntity
  8
0
  6
Continuous
 62
     7
370
    25
100
AcDbCircle
 10
64.229644422
 20
0.4
 30
0.0
 40
1.69999999999995
  0
CIRCLE
  5
687
330
1F
100
AcDbEntity
  8
0
  6
Continuous
 62
     7
370
    25
100
AcDbCircle
 10
-307.6
 20
198.1
 30
0.0
 40
1.599999999999994
  0
CIRCLE
  5
688
330
1F
100
AcDbEntity
  8
0
  6
Continuous
 62
     7
370
    25
100
AcDbCircle
 10
-307.6
 20
148.1
 30
0.0
 40
1.599999999999966
  0
CIRCLE
  5
68D
330
1F
100
AcDbEntity
  8
0
  6
Continuous
 62
     7
370
    25
100
AcDbCircle
 10
-303.8
 20
22.5
 30
0.0
 40
1.599999999999987
  0
CIRCLE
  5
692
330
1F
100
AcDbEntity
  8
0
  6
Continuous
 62
     7
370
    25
100
AcDbCircle
 10
-303.8
 20
-27.5
 30
0.0
 40
1.599999999999955
  0
LINE
  5
693
330
1F
100
AcDbEntity
  8
0
  6
Continuous
 62
     7
370
    25
100
AcDbLine
 10
-224.1
 20
329.4
 30
0.0
 11
-249.1
 21
329.4
 31
0.0
  0
LINE
  5
694
330
1F
100
AcDbEntity
  8
0
  6
Continuous
 62
     7
370
    25
100
AcDbLine
 10
-224.1
 20
335.6
 30
0.0
 11
-224.1
 21
329.4
 31
0.0
  0
LINE
  5
695
330
1F
100
AcDbEntity
  8
0
  6
Continuous
 62
     7
370
    25
100
AcDbLine
 10
-249.1
 20
335.6
 30
0.0
 11
-224.1
 21
335.6
 31
0.0
  0
LINE
  5
696
330
1F
100
AcDbEntity
  8
0
  6
Continuous
 62
     7
370
    25
100
AcDbLine
 10
-249.1
 20
329.4
 30
0.0
 11
-249.1
 21
335.6
 31
0.0
  0
LINE
  5
697
330
1F
100
AcDbEntity
  8
0
  6
Continuous
 62
     7
370
    25
100
AcDbLine
 10
-182.4333333333
 20
329.4
 30
0.0
 11
-207.4333333333
 21
329.4
 31
0.0
  0
LINE
  5
698
330
1F
100
AcDbEntity
  8
0
  6
Continuous
 62
     7
370
    25
100
AcDbLine
 10
-182.4333333333
 20
335.6
 30
0.0
 11
-182.4333333333
 21
329.4
 31
0.0
  0
LINE
  5
699
330
1F
100
AcDbEntity
  8
0
  6
Continuous
 62
     7
370
    25
100
AcDbLine
 10
-207.4333333333
 20
335.6
 30
0.0
 11
-182.4333333333
 21
335.6
 31
0.0
  0
LINE
  5
69A
330
1F
100
AcDbEntity
  8
0
  6
Continuous
 62
     7
370
    25
100
AcDbLine
 10
-207.4333333333
 20
329.4
 30
0.0
 11
-207.4333333333
 21
335.6
 31
0.0
  0
LINE
  5
69B
330
1F
100
AcDbEntity
  8
0
  6
Continuous
 62
     7
370
    25
100
AcDbLine
 10
-140.7666666667
 20
329.4
 30
0.0
 11
-165.7666666667
 21
329.4
 31
0.0
  0
LINE
  5
69C
330
1F
100
AcDbEntity
  8
0
  6
Continuous
 62
     7
370
    25
100
AcDbLine
 10
-140.7666666667
 20
335.6
 30
0.0
 11
-140.7666666667
 21
329.4
 31
0.0
  0
LINE
  5
69D
330
1F
100
AcDbEntity
  8
0
  6
Continuous
 62
     7
370
    25
100
AcDbLine
 10
-165.7666666667
 20
335.6
 30
0.0
 11
-140.7666666667
 21
335.6
 31
0.0
  0
LINE
  5
69E
330
1F
100
AcDbEntity
  8
0
  6
Continuous
 62
     7
370
    25
100
AcDbLine
 10
-165.7666666667
 20
329.4
 30
0.0
 11
-165.7666666667
 21
335.6
 31
0.0
  0
LINE
  5
69F
330
1F
100
AcDbEntity
  8
0
  6
Continuous
 62
     7
370
    25
100
AcDbLine
 10
-224.1
 20
288.2
 30
0.0
 11
-249.1
 21
288.2
 31
0.0
  0
LINE
  5
6A0
330
1F
100
AcDbEntity
  8
0
  6
Continuous
 62
     7
370
    25
100
AcDbLine
 10
-224.1
 20
294.4
 30
0.0
 11
-224.1
 21
288.2
 31
0.0
  0
LINE
  5
6A1
330
1F
100
AcDbEntity
  8
0
  6
Continuous
 62
     7
370
    25
100
AcDbLine
 10
-249.1
 20
294.4
 30
0.0
 11
-224.1
 21
294.4
 31
0.0
  0
LINE
  5
6A2
330
1F
100
AcDbEntity
  8
0
  6
Continuous
 62
     7
370
    25
100
AcDbLine
 10
-249.1
 20
288.2
 30
0.0
 11
-249.1
 21
294.4
 31
0.0
  0
LINE
  5
6A3
330
1F
100
AcDbEntity
  8
0
  6
Continuous
 62
     7
370
    25
100
AcDbLine
 10
-182.4333333333
 20
288.2
 30
0.0
 11
-207.4333333333
 21
288.2
 31
0.0
  0
LINE
  5
6A4
330
1F
100
AcDbEntity
  8
0
  6
Continuous
 62
     7
370
    25
100
AcDbLine
 10
-182.4333333333
 20
294.4
 30
0.0
 11
-182.4333333333
 21
288.2
 31
0.0
  0
LINE
  5
6A5
330
1F
100
AcDbEntity
  8
0
  6
Continuous
 62
     7
370
    25
100
AcDbLine
 10
-207.4333333333
 20
294.4
 30
0.0
 11
-182.4333333333
 21
294.4
 31
0.0
  0
LINE
  5
6A6
330
1F
100
AcDbEntity
  8
0
  6
Continuous
 62
     7
370
    25
100
AcDbLine
 10
-207.4333333333
 20
288.2
 30
0.0
 11
-207.4333333333
 21
294.4
 31
0.0
  0
LINE
  5
6A7
330
1F
100
AcDbEntity
  8
0
  6
Continuous
 62
     7
370
    25
100
AcDbLine
 10
-140.7666666667
 20
288.2
 30
0.0
 11
-165.7666666667
 21
288.2
 31
0.0
  0
LINE
  5
6A8
330
1F
100
AcDbEntity
  8
0
  6
Continuous
 62
     7
370
    25
100
AcDbLine
 10
-140.7666666667
 20
294.4
 30
0.0
 11
-140.7666666667
 21
288.2
 31
0.0
  0
LINE
  5
6A9
330
1F
100
AcDbEntity
  8
0
  6
Continuous
 62
     7
370
    25
100
AcDbLine
 10
-165.7666666667
 20
294.4
 30
0.0
 11
-140.7666666667
 21
294.4
 31
0.0
  0
LINE
  5
6AA
330
1F
100
AcDbEntity
  8
0
  6
Continuous
 62
     7
370
    25
100
AcDbLine
 10
-165.7666666667
 20
288.2
 30
0.0
 11
-165.7666666667
 21
294.4
 31
0.0
  0
LINE
  5
6AB
330
1F
100
AcDbEntity
  8
0
  6
Continuous
 62
     7
370
    25
100
AcDbLine
 10
-124.1
 20
288.2
 30
0.0
 11
-124.1
 21
294.4
 31
0.0
  0
LINE
  5
6AC
330
1F
100
AcDbEntity
  8
0
  6
Continuous
 62
     7
370
    25
100
AcDbLine
 10
-99.1
 20
288.2
 30
0.0
 11
-124.1
 21
288.2
 31
0.0
  0
LINE
  5
6AD
330
1F
100
AcDbEntity
  8
0
  6
Continuous
 62
     7
370
    25
100
AcDbLine
 10
-99.1
 20
294.4
 30
0.0
 11
-99.1
 21
288.2
 31
0.0
  0
LINE
  5
6AE
330
1F
100
AcDbEntity
  8
0
  6
Continuous
 62
     7
370
    25
100
AcDbLine
 10
-124.1
 20
294.4
 30
0.0
 11
-99.1
 21
294.4
 31
0.0
  0
LINE
  5
6AF
330
1F
100
AcDbEntity
  8
0
  6
Continuous
 62
     7
370
    25
100
AcDbLine
 10
-264.1
 20
341.6
 30
0.0
 11
-84.1
 21
341.6
 31
0.0
  0
LINE
  5
6B0
330
1F
100
AcDbEntity
  8
0
  6
Continuous
 62
     7
370
    25
100
AcDbLine
 10
-84.1
 20
341.6
 30
0.0
 11
-84.1
 21
282.2
 31
0.0
  0
LINE
  5
6B1
330
1F
100
AcDbEntity
  8
0
  6
Continuous
 62
     7
370
    25
100
AcDbLine
 10
-84.1
 20
282.2
 30
0.0
 11
-264.1
 21
282.2
 31
0.0
  0
LINE
  5
6B2
330
1F
100
AcDbEntity
  8
0
  6
Continuous
 62
     7
370
    25
100
AcDbLine
 10
-264.1
 20
282.2
 30
0.0
 11
-264.1
 21
341.6
 31
0.0
  0
LINE
  5
6B3
330
1F
100
AcDbEntity
  8
0
  6
Continuous
 62
     7
370
    25
100
AcDbLine
 10
-99.1
 20
329.4
 30
0.0
 11
-124.1
 21
329.4
 31
0.0
  0
LINE
  5
6B4
330
1F
100
AcDbEntity
  8
0
  6
Continuous
 62
     7
370
    25
100
AcDbLine
 10
-99.1
 20
335.6
 30
0.0
 11
-99.1
 21
329.4
 31
0.0
  0
LINE
  5
6B5
330
1F
100
AcDbEntity
  8
0
  6
Continuous
 62
     7
370
    25
100
AcDbLine
 10
-124.1
 20
335.6
 30
0.0
 11
-99.1
 21
335.6
 31
0.0
  0
LINE
  5
6B6
330
1F
100
AcDbEntity
  8
0
  6
Continuous
 62
     7
370
    25
100
AcDbLine
 10
-124.1
 20
329.4
 30
0.0
 11
-124.1
 21
335.6
 31
0.0
  0
LINE
  5
6B7
330
1F
100
AcDbEntity
  8
0
  6
Continuous
 62
     7
370
    25
100
AcDbLine
 10
-44.0
 20
329.4
 30
0.0
 11
-69.0
 21
329.4
 31
0.0
  0
LINE
  5
6B8
330
1F
100
AcDbEntity
  8
0
  6
Continuous
 62
     7
370
    25
100
AcDbLine
 10
-44.0
 20
335.6
 30
0.0
 11
-44.0
 21
329.4
 31
0.0
  0
LINE
  5
6B9
330
1F
100
AcDbEntity
  8
0
  6
Continuous
 62
     7
370
    25
100
AcDbLine
 10
-69.0
 20
335.6
 30
0.0
 11
-44.0
 21
335.6
 31
0.0
  0
LINE
  5
6BA
330
1F
100
AcDbEntity
  8
0
  6
Continuous
 62
     7
370
    25
100
AcDbLine
 10
-69.0
 20
329.4
 30
0.0
 11
-69.0
 21
335.6
 31
0.0
  0
LINE
  5
6BB
330
1F
100
AcDbEntity
  8
0
  6
Continuous
 62
     7
370
    25
100
AcDbLine
 10
-2.3333333333
 20
329.4
 30
0.0
 11
-27.3333333333
 21
329.4
 31
0.0
  0
LINE
  5
6BC
330
1F
100
AcDbEntity
  8
0
  6
Continuous
 62
     7
370
    25
100
AcDbLine
 10
-2.3333333333
 20
335.6
 30
0.0
 11
-2.3333333333
 21
329.4
 31
0.0
  0
LINE
  5
6BD
330
1F
100
AcDbEntity
  8
0
  6
Continuous
 62
     7
370
    25
100
AcDbLine
 10
-27.3333333333
 20
335.6
 30
0.0
 11
-2.3333333333
 21
335.6
 31
0.0
  0
LINE
  5
6BE
330
1F
100
AcDbEntity
  8
0
  6
Continuous
 62
     7
370
    25
100
AcDbLine
 10
-27.3333333333
 20
329.4
 30
0.0
 11
-27.3333333333
 21
335.6
 31
0.0
  0
LINE
  5
6BF
330
1F
100
AcDbEntity
  8
0
  6
Continuous
 62
     7
370
    25
100
AcDbLine
 10
39.3333333333
 20
329.4
 30
0.0
 11
14.3333333333
 21
329.4
 31
0.0
  0
LINE
  5
6C0
330
1F
100
AcDbEntity
  8
0
  6
Continuous
 62
     7
370
    25
100
AcDbLine
 10
39.3333333333
 20
335.6
 30
0.0
 11
39.3333333333
 21
329.4
 31
0.0
  0
LINE
  5
6C1
330
1F
100
AcDbEntity
  8
0
  6
Continuous
 62
     7
370
    25
100
AcDbLine
 10
14.3333333333
 20
335.6
 30
0.0
 11
39.3333333333
 21
335.6
 31
0.0
  0
LINE
  5
6C2
330
1F
100
AcDbEntity
  8
0
  6
Continuous
 62
     7
370
    25
100
AcDbLine
 10
14.3333333333
 20
329.4
 30
0.0
 11
14.3333333333
 21
335.6
 31
0.0
  0
LINE
  5
6C3
330
1F
100
AcDbEntity
  8
0
  6
Continuous
 62
     7
370
    25
100
AcDbLine
 10
-44.0
 20
288.2
 30
0.0
 11
-69.0
 21
288.2
 31
0.0
  0
LINE
  5
6C4
330
1F
100
AcDbEntity
  8
0
  6
Continuous
 62
     7
370
    25
100
AcDbLine
 10
-44.0
 20
294.4
 30
0.0
 11
-44.0
 21
288.2
 31
0.0
  0
LINE
  5
6C5
330
1F
100
AcDbEntity
  8
0
  6
Continuous
 62
     7
370
    25
100
AcDbLine
 10
-69.0
 20
294.4
 30
0.0
 11
-44.0
 21
294.4
 31
0.0
  0
LINE
  5
6C6
330
1F
100
AcDbEntity
  8
0
  6
Continuous
 62
     7
370
    25
100
AcDbLine
 10
-69.0
 20
288.2
 30
0.0
 11
-69.0
 21
294.4
 31
0.0
  0
LINE
  5
6C7
330
1F
100
AcDbEntity
  8
0
  6
Continuous
 62
     7
370
    25
100
AcDbLine
 10
-2.3333333333
 20
288.2
 30
0.0
 11
-27.3333333333
 21
288.2
 31
0.0
  0
LINE
  5
6C8
330
1F
100
AcDbEntity
  8
0
  6
Continuous
 62
     7
370
    25
100
AcDbLine
 10
-2.3333333333
 20
294.4
 30
0.0
 11
-2.3333333333
 21
288.2
 31
0.0
  0
LINE
  5
6C9
330
1F
100
AcDbEntity
  8
0
  6
Continuous
 62
     7
370
    25
100
AcDbLine
 10
-27.3333333333
 20
294.4
 30
0.0
 11
-2.3333333333
 21
294.4
 31
0.0
  0
LINE
  5
6CA
330
1F
100
AcDbEntity
  8
0
  6
Continuous
 62
     7
370
    25
100
AcDbLine
 10
-27.3333333333
 20
288.2
 30
0.0
 11
-27.3333333333
 21
294.4
 31
0.0
  0
LINE
  5
6CB
330
1F
100
AcDbEntity
  8
0
  6
Continuous
 62
     7
370
    25
100
AcDbLine
 10
39.3333333333
 20
288.2
 30
0.0
 11
14.3333333333
 21
288.2
 31
0.0
  0
LINE
  5
6CC
330
1F
100
AcDbEntity
  8
0
  6
Continuous
 62
     7
370
    25
100
AcDbLine
 10
39.3333333333
 20
294.4
 30
0.0
 11
39.3333333333
 21
288.2
 31
0.0
  0
LINE
  5
6CD
330
1F
100
AcDbEntity
  8
0
  6
Continuous
 62
     7
370
    25
100
AcDbLine
 10
14.3333333333
 20
294.4
 30
0.0
 11
39.3333333333
 21
294.4
 31
0.0
  0
LINE
  5
6CE
330
1F
100
AcDbEntity
  8
0
  6
Continuous
 62
     7
370
    25
100
AcDbLine
 10
14.3333333333
 20
288.2
 30
0.0
 11
14.3333333333
 21
294.4
 31
0.0
  0
LINE
  5
6CF
330
1F
100
AcDbEntity
  8
0
  6
Continuous
 62
     7
370
    25
100
AcDbLine
 10
56.0
 20
288.2
 30
0.0
 11
56.0
 21
294.4
 31
0.0
  0
LINE
  5
6D0
330
1F
100
AcDbEntity
  8
0
  6
Continuous
 62
     7
370
    25
100
AcDbLine
 10
81.0
 20
288.2
 30
0.0
 11
56.0
 21
288.2
 31
0.0
  0
LINE
  5
6D1
330
1F
100
AcDbEntity
  8
0
  6
Continuous
 62
     7
370
    25
100
AcDbLine
 10
81.0
 20
294.4
 30
0.0
 11
81.0
 21
288.2
 31
0.0
  0
LINE
  5
6D2
330
1F
100
AcDbEntity
  8
0
  6
Continuous
 62
     7
370
    25
100
AcDbLine
 10
56.0
 20
294.4
 30
0.0
 11
81.0
 21
294.4
 31
0.0
  0
LINE
  5
6D3
330
1F
100
AcDbEntity
  8
0
  6
Continuous
 62
     7
370
    25
100
AcDbLine
 10
-84.0
 20
341.6
 30
0.0
 11
96.0
 21
341.6
 31
0.0
  0
LINE
  5
6D4
330
1F
100
AcDbEntity
  8
0
  6
Continuous
 62
     7
370
    25
100
AcDbLine
 10
96.0
 20
341.6
 30
0.0
 11
96.0
 21
282.2
 31
0.0
  0
LINE
  5
6D5
330
1F
100
AcDbEntity
  8
0
  6
Continuous
 62
     7
370
    25
100
AcDbLine
 10
96.0
 20
282.2
 30
0.0
 11
-84.0
 21
282.2
 31
0.0
  0
LINE
  5
6D6
330
1F
100
AcDbEntity
  8
0
  6
Continuous
 62
     7
370
    25
100
AcDbLine
 10
-84.0
 20
282.2
 30
0.0
 11
-84.0
 21
341.6
 31
0.0
  0
LINE
  5
6D7
330
1F
100
AcDbEntity
  8
0
  6
Continuous
 62
     7
370
    25
100
AcDbLine
 10
81.0
 20
329.4
 30
0.0
 11
56.0
 21
329.4
 31
0.0
  0
LINE
  5
6D8
330
1F
100
AcDbEntity
  8
0
  6
Continuous
 62
     7
370
    25
100
AcDbLine
 10
81.0
 20
335.6
 30
0.0
 11
81.0
 21
329.4
 31
0.0
  0
LINE
  5
6D9
330
1F
100
AcDbEntity
  8
0
  6
Continuous
 62
     7
370
    25
100
AcDbLine
 10
56.0
 20
335.6
 30
0.0
 11
81.0
 21
335.6
 31
0.0
  0
LINE
  5
6DA
330
1F
100
AcDbEntity
  8
0
  6
Continuous
 62
     7
370
    25
100
AcDbLine
 10
56.0
 20
329.4
 30
0.0
 11
56.0
 21
335.6
 31
0.0
  0
LINE
  5
6DB
330
1F
100
AcDbEntity
  8
0
  6
Continuous
 62
     7
370
    25
100
AcDbLine
 10
-423.0
 20
56.0
 30
0.0
 11
-423.0
 21
81.0
 31
0.0
  0
LINE
  5
6DC
330
1F
100
AcDbEntity
  8
0
  6
Continuous
 62
     7
370
    25
100
AcDbLine
 10
-416.8
 20
56.0
 30
0.0
 11
-423.0
 21
56.0
 31
0.0
  0
LINE
  5
6DD
330
1F
100
AcDbEntity
  8
0
  6
Continuous
 62
     7
370
    25
100
AcDbLine
 10
-416.8
 20
81.0
 30
0.0
 11
-416.8
 21
56.0
 31
0.0
  0
LINE
  5
6DE
330
1F
100
AcDbEntity
  8
0
  6
Continuous
 62
     7
370
    25
100
AcDbLine
 10
-423.0
 20
81.0
 30
0.0
 11
-416.8
 21
81.0
 31
0.0
  0
LINE
  5
6DF
330
1F
100
AcDbEntity
  8
0
  6
Continuous
 62
     7
370
    25
100
AcDbLine
 10
-423.0
 20
14.3333333333
 30
0.0
 11
-423.0
 21
39.3333333333
 31
0.0
  0
LINE
  5
6E0
330
1F
100
AcDbEntity
  8
0
  6
Continuous
 62
     7
370
    25
100
AcDbLine
 10
-416.8
 20
14.3333333333
 30
0.0
 11
-423.0
 21
14.3333333333
 31
0.0
  0
LINE
  5
6E1
330
1F
100
AcDbEntity
  8
0
  6
Continuous
 62
     7
370
    25
100
AcDbLine
 10
-416.8
 20
39.3333333333
 30
0.0
 11
-416.8
 21
14.3333333333
 31
0.0
  0
LINE
  5
6E2
330
1F
100
AcDbEntity
  8
0
  6
Continuous
 62
     7
370
    25
100
AcDbLine
 10
-423.0
 20
39.3333333333
 30
0.0
 11
-416.8
 21
39.3333333333
 31
0.0
  0
LINE
  5
6E3
330
1F
100
AcDbEntity
  8
0
  6
Continuous
 62
     7
370
    25
100
AcDbLine
 10
-423.0
 20
-27.3333333334
 30
0.0
 11
-423.0
 21
-2.3333333334
 31
0.0
  0
LINE
  5
6E4
330
1F
100
AcDbEntity
  8
0
  6
Continuous
 62
     7
370
    25
100
AcDbLine
 10
-416.8
 20
-27.3333333334
 30
0.0
 11
-423.0
 21
-27.3333333334
 31
0.0
  0
LINE
  5
6E5
330
1F
100
AcDbEntity
  8
0
  6
Continuous
 62
     7
370
    25
100
AcDbLine
 10
-416.8
 20
-2.3333333334
 30
0.0
 11
-416.8
 21
-27.3333333334
 31
0.0
  0
LINE
  5
6E6
330
1F
100
AcDbEntity
  8
0
  6
Continuous
 62
     7
370
    25
100
AcDbLine
 10
-423.0
 20
-2.3333333334
 30
0.0
 11
-416.8
 21
-2.3333333334
 31
0.0
  0
LINE
  5
6E7
330
1F
100
AcDbEntity
  8
0
  6
Continuous
 62
     7
370
    25
100
AcDbLine
 10
-464.2
 20
56.0
 30
0.0
 11
-464.2
 21
81.0
 31
0.0
  0
LINE
  5
6E8
330
1F
100
AcDbEntity
  8
0
  6
Continuous
 62
     7
370
    25
100
AcDbLine
 10
-458.0
 20
56.0
 30
0.0
 11
-464.2
 21
56.0
 31
0.0
  0
LINE
  5
6E9
330
1F
100
AcDbEntity
  8
0
  6
Continuous
 62
     7
370
    25
100
AcDbLine
 10
-458.0
 20
81.0
 30
0.0
 11
-458.0
 21
56.0
 31
0.0
  0
LINE
  5
6EA
330
1F
100
AcDbEntity
  8
0
  6
Continuous
 62
     7
370
    25
100
AcDbLine
 10
-464.2
 20
81.0
 30
0.0
 11
-458.0
 21
81.0
 31
0.0
  0
LINE
  5
6EB
330
1F
100
AcDbEntity
  8
0
  6
Continuous
 62
     7
370
    25
100
AcDbLine
 10
-464.2
 20
14.3333333333
 30
0.0
 11
-464.2
 21
39.3333333333
 31
0.0
  0
LINE
  5
6EC
330
1F
100
AcDbEntity
  8
0
  6
Continuous
 62
     7
370
    25
100
AcDbLine
 10
-458.0
 20
14.3333333333
 30
0.0
 11
-464.2
 21
14.3333333333
 31
0.0
  0
LINE
  5
6ED
330
1F
100
AcDbEntity
  8
0
  6
Continuous
 62
     7
370
    25
100
AcDbLine
 10
-458.0
 20
39.3333333333
 30
0.0
 11
-458.0
 21
14.3333333333
 31
0.0
  0
LINE
  5
6EE
330
1F
100
AcDbEntity
  8
0
  6
Continuous
 62
     7
370
    25
100
AcDbLine
 10
-464.2
 20
39.3333333333
 30
0.0
 11
-458.0
 21
39.3333333333
 31
0.0
  0
LINE
  5
6EF
330
1F
100
AcDbEntity
  8
0
  6
Continuous
 62
     7
370
    25
100
AcDbLine
 10
-464.2
 20
-27.3333333334
 30
0.0
 11
-464.2
 21
-2.3333333334
 31
0.0
  0
LINE
  5
6F0
330
1F
100
AcDbEntity
  8
0
  6
Continuous
 62
     7
370
    25
100
AcDbLine
 10
-458.0
 20
-27.3333333334
 30
0.0
 11
-464.2
 21
-27.3333333334
 31
0.0
  0
LINE
  5
6F1
330
1F
100
AcDbEntity
  8
0
  6
Continuous
 62
     7
370
    25
100
AcDbLine
 10
-458.0
 20
-2.3333333334
 30
0.0
 11
-458.0
 21
-27.3333333334
 31
0.0
  0
LINE
  5
6F2
330
1F
100
AcDbEntity
  8
0
  6
Continuous
 62
     7
370
    25
100
AcDbLine
 10
-464.2
 20
-2.3333333334
 30
0.0
 11
-458.0
 21
-2.3333333334
 31
0.0
  0
LINE
  5
6F3
330
1F
100
AcDbEntity
  8
0
  6
Continuous
 62
     7
370
    25
100
AcDbLine
 10
-464.2
 20
-44.0
 30
0.0
 11
-458.0
 21
-44.0
 31
0.0
  0
LINE
  5
6F4
330
1F
100
AcDbEntity
  8
0
  6
Continuous
 62
     7
370
    25
100
AcDbLine
 10
-464.2
 20
-69.0
 30
0.0
 11
-464.2
 21
-44.0
 31
0.0
  0
LINE
  5
6F5
330
1F
100
AcDbEntity
  8
0
  6
Continuous
 62
     7
370
    25
100
AcDbLine
 10
-458.0
 20
-69.0
 30
0.0
 11
-464.2
 21
-69.0
 31
0.0
  0
LINE
  5
6F6
330
1F
100
AcDbEntity
  8
0
  6
Continuous
 62
     7
370
    25
100
AcDbLine
 10
-458.0
 20
-44.0
 30
0.0
 11
-458.0
 21
-69.0
 31
0.0
  0
LINE
  5
6F7
330
1F
100
AcDbEntity
  8
0
  6
Continuous
 62
     7
370
    25
100
AcDbLine
 10
-410.8
 20
102.0
 30
0.0
 11
-410.8
 21
-90.0
 31
0.0
  0
LINE
  5
6F8
330
1F
100
AcDbEntity
  8
0
  6
Continuous
 62
     7
370
    25
100
AcDbLine
 10
-410.8
 20
-90.0
 30
0.0
 11
-470.2
 21
-90.0
 31
0.0
  0
LINE
  5
6F9
330
1F
100
AcDbEntity
  8
0
  6
Continuous
 62
     7
370
    25
100
AcDbLine
 10
-470.2
 20
-90.0
 30
0.0
 11
-470.2
 21
102.0
 31
0.0
  0
LINE
  5
6FA
330
1F
100
AcDbEntity
  8
0
  6
Continuous
 62
     7
370
    25
100
AcDbLine
 10
-470.2
 20
102.0
 30
0.0
 11
-410.8
 21
102.0
 31
0.0
  0
LINE
  5
6FB
330
1F
100
AcDbEntity
  8
0
  6
Continuous
 62
     7
370
    25
100
AcDbLine
 10
-423.0
 20
-69.0
 30
0.0
 11
-423.0
 21
-44.0
 31
0.0
  0
LINE
  5
6FC
330
1F
100
AcDbEntity
  8
0
  6
Continuous
 62
     7
370
    25
100
AcDbLine
 10
-416.8
 20
-69.0
 30
0.0
 11
-423.0
 21
-69.0
 31
0.0
  0
LINE
  5
6FD
330
1F
100
AcDbEntity
  8
0
  6
Continuous
 62
     7
370
    25
100
AcDbLine
 10
-416.8
 20
-44.0
 30
0.0
 11
-416.8
 21
-69.0
 31
0.0
  0
LINE
  5
6FE
330
1F
100
AcDbEntity
  8
0
  6
Continuous
 62
     7
370
    25
100
AcDbLine
 10
-423.0
 20
-44.0
 30
0.0
 11
-416.8
 21
-44.0
 31
0.0
  0
LINE
  5
6FF
330
1F
100
AcDbEntity
  8
0
  6
Continuous
 62
     7
370
    25
100
AcDbLine
 10
-169.1696914701
 20
246.8332123412
 30
0.0
 11
-169.1696914701
 21
245.9021778584
 31
0.0
  0
LINE
  5
700
330
1F
100
AcDbEntity
  8
0
  6
Continuous
 62
     7
370
    25
100
AcDbLine
 10
-169.1696914701
 20
245.9021778584
 30
0.0
 11
-168.4673321234
 21
245.9021778584
 31
0.0
  0
LINE
  5
701
330
1F
100
AcDbEntity
  8
0
  6
Continuous
 62
     7
370
    25
100
AcDbLine
 10
-212.7965517241
 20
229.5700544465
 30
0.0
 11
-212.0941923775
 21
229.5700544465
 31
0.0
  0
LINE
  5
702
330
1F
100
AcDbEntity
  8
0
  6
Continuous
 62
     7
370
    25
100
AcDbLine
 10
-212.7965517241
 20
230.5010889292
 30
0.0
 11
-212.7965517241
 21
229.5700544465
 31
0.0
  0
LINE
  5
703
330
1F
100
AcDbEntity
  8
0
  6
Continuous
 62
     7
370
    25
100
AcDbLine
 10
-158.1508166969
 20
242.7606170599
 30
0.0
 11
-158.1508166969
 21
243.3903811252
 31
0.0
  0
LINE
  5
704
330
1F
100
AcDbEntity
  8
0
  6
Continuous
 62
     7
370
    25
100
AcDbLine
 10
-156.5773139746
 20
248.2234119782
 30
0.0
 11
-156.5773139746
 21
242.7606170599
 31
0.0
  0
LINE
  5
705
330
1F
100
AcDbEntity
  8
0
  6
Continuous
 62
     7
370
    25
100
AcDbLine
 10
-158.4212341198
 20
244.5918330309
 30
0.0
 11
-158.4212341198
 21
248.2234119782
 31
0.0
  0
LINE
  5
706
330
1F
100
AcDbEntity
  8
0
  6
Continuous
 62
     7
370
    25
100
AcDbLine
 10
-160.9747731397
 20
248.2234119782
 30
0.0
 11
-160.9747731397
 21
245.1054446461
 31
0.0
  0
LINE
  5
707
330
1F
100
AcDbEntity
  8
0
  6
Continuous
 62
     7
370
    25
100
AcDbLine
 10
-162.8114337568
 20
244.8495462795
 30
0.0
 11
-162.8114337568
 21
248.2234119782
 31
0.0
  0
LINE
  5
708
330
1F
100
AcDbEntity
  8
0
  6
Continuous
 62
     7
370
    25
100
AcDbLine
 10
-152.0720508167
 20
244.934845735
 30
0.0
 11
-152.0720508167
 21
244.6045372051
 31
0.0
  0
LINE
  5
709
330
1F
100
AcDbEntity
  8
0
  6
Continuous
 62
     7
370
    25
100
AcDbLine
 10
-151.4350272232
 20
244.934845735
 30
0.0
 11
-152.0720508167
 21
244.934845735
 31
0.0
  0
LINE
  5
70A
330
1F
100
AcDbEntity
  8
0
  6
Continuous
 62
     7
370
    25
100
AcDbLine
 10
-152.3569872958
 20
248.2415607985
 30
0.0
 11
-152.3569872958
 21
247.8078039927
 31
0.0
  0
LINE
  5
70B
330
1F
100
AcDbEntity
  8
0
  6
Continuous
 62
     7
370
    25
100
AcDbLine
 10
-153.8796733212
 20
244.5664246824
 30
0.0
 11
-153.8796733212
 21
248.2415607985
 31
0.0
  0
LINE
  5
70C
330
1F
100
AcDbEntity
  8
0
  6
Continuous
 62
     7
370
    25
100
AcDbLine
 10
-186.9551724138
 20
240.5065335753
 30
0.0
 11
-188.2491833031
 21
240.5065335753
 31
0.0
  0
LINE
  5
70D
330
1F
100
AcDbEntity
  8
0
  6
Continuous
 62
     7
370
    25
100
AcDbLine
 10
-183.5304900181
 20
246.1417422868
 30
0.0
 11
-185.6520871143
 21
241.4303085299
 31
0.0
  0
LINE
  5
70E
330
1F
100
AcDbEntity
  8
0
  6
Continuous
 62
     7
370
    25
100
AcDbLine
 10
-183.5014519056
 20
246.1417422868
 30
0.0
 11
-183.5304900181
 21
246.1417422868
 31
0.0
  0
LINE
  5
70F
330
1F
100
AcDbEntity
  8
0
  6
Continuous
 62
     7
370
    25
100
AcDbLine
 10
-181.4524500907
 20
241.4194192377
 30
0.0
 11
-183.5014519056
 21
246.1417422868
 31
0.0
  0
LINE
  5
710
330
1F
100
AcDbEntity
  8
0
  6
Continuous
 62
     7
370
    25
100
AcDbLine
 10
-178.7029038113
 20
240.5065335753
 30
0.0
 11
-179.9606170599
 21
240.5065335753
 31
0.0
  0
LINE
  5
711
330
1F
100
AcDbEntity
  8
0
  6
Continuous
 62
     7
370
    25
100
AcDbLine
 10
-177.9769509982
 20
248.210707804
 30
0.0
 11
-177.9769509982
 21
241.1490018149
 31
0.0
  0
LINE
  5
712
330
1F
100
AcDbEntity
  8
0
  6
Continuous
 62
     7
370
    25
100
AcDbLine
 10
-179.799092559
 20
241.7624319419
 30
0.0
 11
-179.799092559
 21
248.210707804
 31
0.0
  0
LINE
  5
713
330
1F
100
AcDbEntity
  8
0
  6
Continuous
 62
     7
370
    25
100
AcDbLine
 10
-179.8136116152
 20
241.7624319419
 30
0.0
 11
-179.799092559
 21
241.7624319419
 31
0.0
  0
LINE
  5
714
330
1F
100
AcDbEntity
  8
0
  6
Continuous
 62
     7
370
    25
100
AcDbLine
 10
-182.4633393829
 20
248.2052631579
 30
0.0
 11
-179.8136116152
 21
241.7624319419
 31
0.0
  0
LINE
  5
715
330
1F
100
AcDbEntity
  8
0
  6
Continuous
 62
     7
370
    25
100
AcDbLine
 10
-187.1747731397
 20
241.7624319419
 30
0.0
 11
-184.4306715064
 21
248.2052631579
 31
0.0
  0
LINE
  5
716
330
1F
100
AcDbEntity
  8
0
  6
Continuous
 62
     7
370
    25
100
AcDbLine
 10
-187.189292196
 20
241.7624319419
 30
0.0
 11
-187.1747731397
 21
241.7624319419
 31
0.0
  0
LINE
  5
717
330
1F
100
AcDbEntity
  8
0
  6
Continuous
 62
     7
370
    25
100
AcDbLine
 10
-187.189292196
 20
248.210707804
 30
0.0
 11
-187.189292196
 21
241.7624319419
 31
0.0
  0
LINE
  5
718
330
1F
100
AcDbEntity
  8
0
  6
Continuous
 62
     7
370
    25
100
AcDbLine
 10
-189.0114337568
 20
241.1490018149
 30
0.0
 11
-189.0114337568
 21
248.210707804
 31
0.0
  0
LINE
  5
719
330
1F
100
AcDbEntity
  8
0
  6
Continuous
 62
     7
370
    25
100
AcDbLine
 10
-195.4549909256
 20
244.934845735
 30
0.0
 11
-195.4549909256
 21
244.6045372051
 31
0.0
  0
LINE
  5
71A
330
1F
100
AcDbEntity
  8
0
  6
Continuous
 62
     7
370
    25
100
AcDbLine
 10
-194.8179673321
 20
244.934845735
 30
0.0
 11
-195.4549909256
 21
244.934845735
 31
0.0
  0
LINE
  5
71B
330
1F
100
AcDbEntity
  8
0
  6
Continuous
 62
     7
370
    25
100
AcDbLine
 10
-195.7399274047
 20
248.2415607985
 30
0.0
 11
-195.7399274047
 21
247.8078039927
 31
0.0
  0
LINE
  5
71C
330
1F
100
AcDbEntity
  8
0
  6
Continuous
 62
     7
370
    25
100
AcDbLine
 10
-197.2626134301
 20
244.5664246824
 30
0.0
 11
-197.2626134301
 21
248.2415607985
 31
0.0
  0
LINE
  5
71D
330
1F
100
AcDbEntity
  8
0
  6
Continuous
 62
     7
370
    25
100
AcDbLine
 10
-204.501814882
 20
231.8912885662
 30
0.0
 11
-204.501814882
 21
223.8368421053
 31
0.0
  0
LINE
  5
71E
330
1F
100
AcDbEntity
  8
0
  6
Continuous
 62
     7
370
    25
100
AcDbLine
 10
-206.3457350272
 20
223.8368421053
 30
0.0
 11
-206.3457350272
 21
231.8912885662
 31
0.0
  0
LINE
  5
71F
330
1F
100
AcDbEntity
  8
0
  6
Continuous
 62
     7
370
    25
100
AcDbLine
 10
-199.9602540835
 20
231.8912885662
 30
0.0
 11
-199.9602540835
 21
223.8368421053
 31
0.0
  0
LINE
  5
720
330
1F
100
AcDbEntity
  8
0
  6
Continuous
 62
     7
370
    25
100
AcDbLine
 10
-201.8041742287
 20
223.8368421053
 30
0.0
 11
-201.8041742287
 21
231.8912885662
 31
0.0
  0
LINE
  5
721
330
1F
100
AcDbEntity
  8
0
  6
Continuous
 62
     7
370
    25
100
AcDbLine
 10
-195.4549909256
 20
228.602722323
 30
0.0
 11
-195.4549909256
 21
228.2724137931
 31
0.0
  0
LINE
  5
722
330
1F
100
AcDbEntity
  8
0
  6
Continuous
 62
     7
370
    25
100
AcDbLine
 10
-194.8179673321
 20
228.602722323
 30
0.0
 11
-195.4549909256
 21
228.602722323
 31
0.0
  0
LINE
  5
723
330
1F
100
AcDbEntity
  8
0
  6
Continuous
 62
     7
370
    25
100
AcDbLine
 10
-195.7399274047
 20
231.9094373866
 30
0.0
 11
-195.7399274047
 21
231.4756805808
 31
0.0
  0
LINE
  5
724
330
1F
100
AcDbEntity
  8
0
  6
Continuous
 62
     7
370
    25
100
AcDbLine
 10
-197.2626134301
 20
228.2343012704
 30
0.0
 11
-197.2626134301
 21
231.9094373866
 31
0.0
  0
LINE
  5
725
330
1F
100
AcDbEntity
  8
0
  6
Continuous
 62
     7
370
    25
100
AcDbLine
 10
-153.7254083485
 20
226.4284936479
 30
0.0
 11
-153.7254083485
 21
227.0582577132
 31
0.0
  0
LINE
  5
726
330
1F
100
AcDbEntity
  8
0
  6
Continuous
 62
     7
370
    25
100
AcDbLine
 10
-152.1519056261
 20
231.8912885662
 30
0.0
 11
-152.1519056261
 21
226.4284936479
 31
0.0
  0
LINE
  5
727
330
1F
100
AcDbEntity
  8
0
  6
Continuous
 62
     7
370
    25
100
AcDbLine
 10
-153.9958257713
 20
228.2597096189
 30
0.0
 11
-153.9958257713
 21
231.8912885662
 31
0.0
  0
LINE
  5
728
330
1F
100
AcDbEntity
  8
0
  6
Continuous
 62
     7
370
    25
100
AcDbLine
 10
-156.424137931
 20
231.8912885662
 30
0.0
 11
-156.424137931
 21
228.6517241379
 31
0.0
  0
LINE
  5
729
330
1F
100
AcDbEntity
  8
0
  6
Continuous
 62
     7
370
    25
100
AcDbLine
 10
-158.2607985481
 20
228.2597096189
 30
0.0
 11
-158.2607985481
 21
231.8912885662
 31
0.0
  0
LINE
  5
72A
330
1F
100
AcDbEntity
  8
0
  6
Continuous
 62
     7
370
    25
100
AcDbLine
 10
-160.6963702359
 20
231.8912885662
 30
0.0
 11
-160.6963702359
 21
228.6517241379
 31
0.0
  0
LINE
  5
72B
330
1F
100
AcDbEntity
  8
0
  6
Continuous
 62
     7
370
    25
100
AcDbLine
 10
-162.533030853
 20
228.3940108893
 30
0.0
 11
-162.533030853
 21
231.8912885662
 31
0.0
  0
LINE
  5
72C
330
1F
100
AcDbEntity
  8
0
  6
Continuous
 62
     7
370
    25
100
AcDbLine
 10
-217.3421052632
 20
243.1453720508
 30
0.0
 11
-217.3421052632
 21
240.1871143376
 31
0.0
  0
LINE
  5
72D
330
1F
100
AcDbEntity
  8
0
  6
Continuous
 62
     7
370
    25
100
AcDbLine
 10
-217.612522686
 20
248.2234119782
 30
0.0
 11
-217.612522686
 21
247.6172413793
 31
0.0
  0
LINE
  5
72E
330
1F
100
AcDbEntity
  8
0
  6
Continuous
 62
     7
370
    25
100
AcDbLine
 10
-219.1696914701
 20
240.1871143376
 30
0.0
 11
-219.1696914701
 21
248.2234119782
 31
0.0
  0
LINE
  5
72F
330
1F
100
AcDbEntity
  8
0
  6
Continuous
 62
     7
370
    25
100
AcDbLine
 10
-235.020508167
 20
246.3921960073
 30
0.0
 11
-235.020508167
 21
242.7606170599
 31
0.0
  0
LINE
  5
730
330
1F
100
AcDbEntity
  8
0
  6
Continuous
 62
     7
370
    25
100
AcDbLine
 10
-232.4597096189
 20
242.7606170599
 30
0.0
 11
-232.4597096189
 21
245.8477313975
 31
0.0
  0
LINE
  5
731
330
1F
100
AcDbEntity
  8
0
  6
Continuous
 62
     7
370
    25
100
AcDbLine
 10
-230.6230490018
 20
246.1036297641
 30
0.0
 11
-230.6230490018
 21
242.7606170599
 31
0.0
  0
LINE
  5
732
330
1F
100
AcDbEntity
  8
0
  6
Continuous
 62
     7
370
    25
100
AcDbLine
 10
-235.2764065336
 20
248.2234119782
 30
0.0
 11
-235.2764065336
 21
247.5936479129
 31
0.0
  0
LINE
  5
733
330
1F
100
AcDbEntity
  8
0
  6
Continuous
 62
     7
370
    25
100
AcDbLine
 10
-236.8480943739
 20
242.7606170599
 30
0.0
 11
-236.8480943739
 21
248.2234119782
 31
0.0
  0
LINE
  5
734
330
1F
100
AcDbEntity
  8
0
  6
Continuous
 62
     7
370
    25
100
AcDbLine
 10
-241.3424682396
 20
240.1689655172
 30
0.0
 11
-241.3424682396
 21
243.1889292196
 31
0.0
  0
LINE
  5
735
330
1F
100
AcDbEntity
  8
0
  6
Continuous
 62
     7
370
    25
100
AcDbLine
 10
-239.4985480944
 20
248.2234119782
 30
0.0
 11
-239.4985480944
 21
240.1689655172
 31
0.0
  0
LINE
  5
736
330
1F
100
AcDbEntity
  8
0
  6
Continuous
 62
     7
370
    25
100
AcDbLine
 10
-241.3424682396
 20
244.5918330309
 30
0.0
 11
-241.3424682396
 21
248.2234119782
 31
0.0
  0
LINE
  5
737
330
1F
100
AcDbEntity
  8
0
  6
Continuous
 62
     7
370
    25
100
AcDbLine
 10
-243.8960072595
 20
248.2234119782
 30
0.0
 11
-243.8960072595
 21
245.1054446461
 31
0.0
  0
LINE
  5
738
330
1F
100
AcDbEntity
  8
0
  6
Continuous
 62
     7
370
    25
100
AcDbLine
 10
-245.7326678766
 20
244.8731397459
 30
0.0
 11
-245.7326678766
 21
248.2234119782
 31
0.0
  0
LINE
  5
739
330
1F
100
AcDbEntity
  8
0
  6
Continuous
 62
     7
370
    25
100
AcDbLine
 10
-186.35
 20
127.1
 30
0.0
 11
-186.35
 21
145.7
 31
0.0
  0
LINE
  5
73A
330
1F
100
AcDbEntity
  8
0
  6
Continuous
 62
     7
370
    25
100
AcDbLine
 10
-186.35
 20
145.7
 30
0.0
 11
-197.85
 21
145.7
 31
0.0
  0
LINE
  5
73B
330
1F
100
AcDbEntity
  8
0
  6
Continuous
 62
     7
370
    25
100
AcDbLine
 10
-197.85
 20
127.1
 30
0.0
 11
-197.85
 21
145.7
 31
0.0
  0
LINE
  5
73C
330
1F
100
AcDbEntity
  8
0
  6
Continuous
 62
     7
370
    25
100
AcDbLine
 10
-186.35
 20
127.1
 30
0.0
 11
-197.85
 21
127.1
 31
0.0
  0
LINE
  5
73D
330
1F
100
AcDbEntity
  8
0
  6
Continuous
 62
     7
370
    25
100
AcDbLine
 10
-288.1
 20
142.1
 30
0.0
 11
-288.1
 21
117.1
 31
0.0
  0
LINE
  5
73E
330
1F
100
AcDbEntity
  8
0
  6
Continuous
 62
     7
370
    25
100
AcDbLine
 10
-282.1
 20
142.1
 30
0.0
 11
-288.1
 21
142.1
 31
0.0
  0
LINE
  5
73F
330
1F
100
AcDbEntity
  8
0
  6
Continuous
 62
     7
370
    25
100
AcDbLine
 10
-282.1
 20
148.8333333333
 30
0.0
 11
-282.1
 21
142.1
 31
0.0
  0
LINE
  5
740
330
1F
100
AcDbEntity
  8
0
  6
Continuous
 62
     7
370
    25
100
AcDbLine
 10
-282.1
 20
148.8333333333
 30
0.0
 11
-277.1
 21
148.8333333333
 31
0.0
  0
LINE
  5
741
330
1F
100
AcDbEntity
  8
0
  6
Continuous
 62
     7
370
    25
100
AcDbLine
 10
-277.1
 20
147.5333333333
 30
0.0
 11
-277.1
 21
148.8333333333
 31
0.0
  0
LINE
  5
742
330
1F
100
AcDbEntity
  8
0
  6
Continuous
 62
     7
370
    25
100
AcDbLine
 10
-273.9
 20
147.5333333333
 30
0.0
 11
-277.1
 21
147.5333333333
 31
0.0
  0
LINE
  5
743
330
1F
100
AcDbEntity
  8
0
  6
Continuous
 62
     7
370
    25
100
AcDbLine
 10
-273.9
 20
147.5333333333
 30
0.0
 11
-273.9
 21
148.8333333333
 31
0.0
  0
LINE
  5
744
330
1F
100
AcDbEntity
  8
0
  6
Continuous
 62
     7
370
    25
100
AcDbLine
 10
-273.9
 20
148.8333333333
 30
0.0
 11
-264.1
 21
148.8333333333
 31
0.0
  0
LINE
  5
745
330
1F
100
AcDbEntity
  8
0
  6
Continuous
 62
     7
370
    25
100
AcDbLine
 10
-264.1
 20
148.8333333333
 30
0.0
 11
-264.1
 21
152.0333333333
 31
0.0
  0
LINE
  5
746
330
1F
100
AcDbEntity
  8
0
  6
Continuous
 62
     7
370
    25
100
AcDbLine
 10
-273.9
 20
152.0333333333
 30
0.0
 11
-264.1
 21
152.0333333333
 31
0.0
  0
LINE
  5
747
330
1F
100
AcDbEntity
  8
0
  6
Continuous
 62
     7
370
    25
100
AcDbLine
 10
-273.9
 20
152.0333333333
 30
0.0
 11
-273.9
 21
153.3333333333
 31
0.0
  0
LINE
  5
748
330
1F
100
AcDbEntity
  8
0
  6
Continuous
 62
     7
370
    25
100
AcDbLine
 10
-273.9
 20
153.3333333333
 30
0.0
 11
-277.1
 21
153.3333333333
 31
0.0
  0
LINE
  5
749
330
1F
100
AcDbEntity
  8
0
  6
Continuous
 62
     7
370
    25
100
AcDbLine
 10
-277.1
 20
152.0333333333
 30
0.0
 11
-277.1
 21
153.3333333333
 31
0.0
  0
LINE
  5
74A
330
1F
100
AcDbEntity
  8
0
  6
Continuous
 62
     7
370
    25
100
AcDbLine
 10
-282.1
 20
152.0333333333
 30
0.0
 11
-277.1
 21
152.0333333333
 31
0.0
  0
LINE
  5
74B
330
1F
100
AcDbEntity
  8
0
  6
Continuous
 62
     7
370
    25
100
AcDbLine
 10
-282.1
 20
158.7666666667
 30
0.0
 11
-282.1
 21
152.0333333333
 31
0.0
  0
LINE
  5
74C
330
1F
100
AcDbEntity
  8
0
  6
Continuous
 62
     7
370
    25
100
AcDbLine
 10
-288.1
 20
158.7666666667
 30
0.0
 11
-282.1
 21
158.7666666667
 31
0.0
  0
LINE
  5
74D
330
1F
100
AcDbEntity
  8
0
  6
Continuous
 62
     7
370
    25
100
AcDbLine
 10
-288.1
 20
183.7666666667
 30
0.0
 11
-288.1
 21
158.7666666667
 31
0.0
  0
LINE
  5
74E
330
1F
100
AcDbEntity
  8
0
  6
Continuous
 62
     7
370
    25
100
AcDbLine
 10
-282.1
 20
183.7666666667
 30
0.0
 11
-288.1
 21
183.7666666667
 31
0.0
  0
LINE
  5
74F
330
1F
100
AcDbEntity
  8
0
  6
Continuous
 62
     7
370
    25
100
AcDbLine
 10
-282.1
 20
190.5
 30
0.0
 11
-282.1
 21
183.7666666667
 31
0.0
  0
LINE
  5
750
330
1F
100
AcDbEntity
  8
0
  6
Continuous
 62
     7
370
    25
100
AcDbLine
 10
-277.1
 20
190.5
 30
0.0
 11
-282.1
 21
190.5
 31
0.0
  0
LINE
  5
751
330
1F
100
AcDbEntity
  8
0
  6
Continuous
 62
     7
370
    25
100
AcDbLine
 10
-277.1
 20
189.2
 30
0.0
 11
-277.1
 21
190.5
 31
0.0
  0
LINE
  5
752
330
1F
100
AcDbEntity
  8
0
  6
Continuous
 62
     7
370
    25
100
AcDbLine
 10
-273.9
 20
189.2
 30
0.0
 11
-277.1
 21
189.2
 31
0.0
  0
LINE
  5
753
330
1F
100
AcDbEntity
  8
0
  6
Continuous
 62
     7
370
    25
100
AcDbLine
 10
-273.9
 20
190.5
 30
0.0
 11
-273.9
 21
189.2
 31
0.0
  0
LINE
  5
754
330
1F
100
AcDbEntity
  8
0
  6
Continuous
 62
     7
370
    25
100
AcDbLine
 10
-265.9
 20
190.5
 30
0.0
 11
-273.9
 21
190.5
 31
0.0
  0
LINE
  5
755
330
1F
100
AcDbEntity
  8
0
  6
Continuous
 62
     7
370
    25
100
AcDbLine
 10
-265.9
 20
193.7
 30
0.0
 11
-265.9
 21
190.5
 31
0.0
  0
LINE
  5
756
330
1F
100
AcDbEntity
  8
0
  6
Continuous
 62
     7
370
    25
100
AcDbLine
 10
-273.9
 20
193.7
 30
0.0
 11
-265.9
 21
193.7
 31
0.0
  0
LINE
  5
757
330
1F
100
AcDbEntity
  8
0
  6
Continuous
 62
     7
370
    25
100
AcDbLine
 10
-273.9
 20
195.0
 30
0.0
 11
-273.9
 21
193.7
 31
0.0
  0
LINE
  5
758
330
1F
100
AcDbEntity
  8
0
  6
Continuous
 62
     7
370
    25
100
AcDbLine
 10
-277.1
 20
195.0
 30
0.0
 11
-273.9
 21
195.0
 31
0.0
  0
LINE
  5
759
330
1F
100
AcDbEntity
  8
0
  6
Continuous
 62
     7
370
    25
100
AcDbLine
 10
-277.1
 20
193.7
 30
0.0
 11
-277.1
 21
195.0
 31
0.0
  0
LINE
  5
75A
330
1F
100
AcDbEntity
  8
0
  6
Continuous
 62
     7
370
    25
100
AcDbLine
 10
-282.1
 20
193.7
 30
0.0
 11
-277.1
 21
193.7
 31
0.0
  0
LINE
  5
75B
330
1F
100
AcDbEntity
  8
0
  6
Continuous
 62
     7
370
    25
100
AcDbLine
 10
-282.1
 20
200.4333333333
 30
0.0
 11
-282.1
 21
193.7
 31
0.0
  0
LINE
  5
75C
330
1F
100
AcDbEntity
  8
0
  6
Continuous
 62
     7
370
    25
100
AcDbLine
 10
-288.1
 20
200.4333333333
 30
0.0
 11
-282.1
 21
200.4333333333
 31
0.0
  0
LINE
  5
75D
330
1F
100
AcDbEntity
  8
0
  6
Continuous
 62
     7
370
    25
100
AcDbLine
 10
-288.1
 20
225.4333333333
 30
0.0
 11
-288.1
 21
200.4333333333
 31
0.0
  0
LINE
  5
75E
330
1F
100
AcDbEntity
  8
0
  6
Continuous
 62
     7
370
    25
100
AcDbLine
 10
-282.1
 20
225.4333333333
 30
0.0
 11
-288.1
 21
225.4333333333
 31
0.0
  0
LINE
  5
75F
330
1F
100
AcDbEntity
  8
0
  6
Continuous
 62
     7
370
    25
100
AcDbLine
 10
-282.1
 20
232.1666666667
 30
0.0
 11
-282.1
 21
225.4333333333
 31
0.0
  0
LINE
  5
760
330
1F
100
AcDbEntity
  8
0
  6
Continuous
 62
     7
370
    25
100
AcDbLine
 10
-277.1
 20
232.1666666667
 30
0.0
 11
-282.1
 21
232.1666666667
 31
0.0
  0
LINE
  5
761
330
1F
100
AcDbEntity
  8
0
  6
Continuous
 62
     7
370
    25
100
AcDbLine
 10
-277.1
 20
230.8666666667
 30
0.0
 11
-277.1
 21
232.1666666667
 31
0.0
  0
LINE
  5
762
330
1F
100
AcDbEntity
  8
0
  6
Continuous
 62
     7
370
    25
100
AcDbLine
 10
-273.9
 20
230.8666666667
 30
0.0
 11
-277.1
 21
230.8666666667
 31
0.0
  0
LINE
  5
763
330
1F
100
AcDbEntity
  8
0
  6
Continuous
 62
     7
370
    25
100
AcDbLine
 10
-273.9
 20
232.1666666667
 30
0.0
 11
-273.9
 21
230.8666666667
 31
0.0
  0
LINE
  5
764
330
1F
100
AcDbEntity
  8
0
  6
Continuous
 62
     7
370
    25
100
AcDbLine
 10
-265.9
 20
232.1666666667
 30
0.0
 11
-273.9
 21
232.1666666667
 31
0.0
  0
LINE
  5
765
330
1F
100
AcDbEntity
  8
0
  6
Continuous
 62
     7
370
    25
100
AcDbLine
 10
-265.9
 20
235.3666666667
 30
0.0
 11
-265.9
 21
232.1666666667
 31
0.0
  0
LINE
  5
766
330
1F
100
AcDbEntity
  8
0
  6
Continuous
 62
     7
370
    25
100
AcDbLine
 10
-273.9
 20
235.3666666667
 30
0.0
 11
-265.9
 21
235.3666666667
 31
0.0
  0
LINE
  5
767
330
1F
100
AcDbEntity
  8
0
  6
Continuous
 62
     7
370
    25
100
AcDbLine
 10
-273.9
 20
236.6666666667
 30
0.0
 11
-273.9
 21
235.3666666667
 31
0.0
  0
LINE
  5
768
330
1F
100
AcDbEntity
  8
0
  6
Continuous
 62
     7
370
    25
100
AcDbLine
 10
-277.1
 20
236.6666666667
 30
0.0
 11
-273.9
 21
236.6666666667
 31
0.0
  0
LINE
  5
769
330
1F
100
AcDbEntity
  8
0
  6
Continuous
 62
     7
370
    25
100
AcDbLine
 10
-277.1
 20
235.3666666667
 30
0.0
 11
-277.1
 21
236.6666666667
 31
0.0
  0
LINE
  5
76A
330
1F
100
AcDbEntity
  8
0
  6
Continuous
 62
     7
370
    25
100
AcDbLine
 10
-282.1
 20
235.3666666667
 30
0.0
 11
-277.1
 21
235.3666666667
 31
0.0
  0
LINE
  5
76B
330
1F
100
AcDbEntity
  8
0
  6
Continuous
 62
     7
370
    25
100
AcDbLine
 10
-282.1
 20
242.1
 30
0.0
 11
-282.1
 21
235.3666666667
 31
0.0
  0
LINE
  5
76C
330
1F
100
AcDbEntity
  8
0
  6
Continuous
 62
     7
370
    25
100
AcDbLine
 10
-288.1
 20
242.1
 30
0.0
 11
-282.1
 21
242.1
 31
0.0
  0
LINE
  5
76D
330
1F
100
AcDbEntity
  8
0
  6
Continuous
 62
     7
370
    25
100
AcDbLine
 10
-288.1
 20
267.1
 30
0.0
 11
-288.1
 21
242.1
 31
0.0
  0
LINE
  5
76E
330
1F
100
AcDbEntity
  8
0
  6
Continuous
 62
     7
370
    25
100
AcDbLine
 10
-282.1
 20
267.1
 30
0.0
 11
-288.1
 21
267.1
 31
0.0
  0
LINE
  5
76F
330
1F
100
AcDbEntity
  8
0
  6
Continuous
 62
     7
370
    25
100
AcDbLine
 10
-282.1
 20
282.1
 30
0.0
 11
-282.1
 21
267.1
 31
0.0
  0
LINE
  5
770
330
1F
100
AcDbEntity
  8
0
  6
Continuous
 62
     7
370
    25
100
AcDbLine
 10
-102.1
 20
282.1
 30
0.0
 11
-282.1
 21
282.1
 31
0.0
  0
LINE
  5
771
330
1F
100
AcDbEntity
  8
0
  6
Continuous
 62
     7
370
    25
100
AcDbLine
 10
-102.1
 20
267.1
 30
0.0
 11
-102.1
 21
282.1
 31
0.0
  0
LINE
  5
772
330
1F
100
AcDbEntity
  8
0
  6
Continuous
 62
     7
370
    25
100
AcDbLine
 10
-96.1
 20
267.1
 30
0.0
 11
-102.1
 21
267.1
 31
0.0
  0
LINE
  5
773
330
1F
100
AcDbEntity
  8
0
  6
Continuous
 62
     7
370
    25
100
AcDbLine
 10
-96.1
 20
242.1
 30
0.0
 11
-96.1
 21
267.1
 31
0.0
  0
LINE
  5
774
330
1F
100
AcDbEntity
  8
0
  6
Continuous
 62
     7
370
    25
100
AcDbLine
 10
-102.1
 20
242.1
 30
0.0
 11
-96.1
 21
242.1
 31
0.0
  0
LINE
  5
775
330
1F
100
AcDbEntity
  8
0
  6
Continuous
 62
     7
370
    25
100
AcDbLine
 10
-102.1
 20
235.3666666667
 30
0.0
 11
-102.1
 21
242.1
 31
0.0
  0
LINE
  5
776
330
1F
100
AcDbEntity
  8
0
  6
Continuous
 62
     7
370
    25
100
AcDbLine
 10
-107.1
 20
235.3666666667
 30
0.0
 11
-102.1
 21
235.3666666667
 31
0.0
  0
LINE
  5
777
330
1F
100
AcDbEntity
  8
0
  6
Continuous
 62
     7
370
    25
100
AcDbLine
 10
-107.1
 20
236.6666666667
 30
0.0
 11
-107.1
 21
235.3666666667
 31
0.0
  0
LINE
  5
778
330
1F
100
AcDbEntity
  8
0
  6
Continuous
 62
     7
370
    25
100
AcDbLine
 10
-110.3
 20
236.6666666667
 30
0.0
 11
-107.1
 21
236.6666666667
 31
0.0
  0
LINE
  5
779
330
1F
100
AcDbEntity
  8
0
  6
Continuous
 62
     7
370
    25
100
AcDbLine
 10
-110.3
 20
235.3666666667
 30
0.0
 11
-110.3
 21
236.6666666667
 31
0.0
  0
LINE
  5
77A
330
1F
100
AcDbEntity
  8
0
  6
Continuous
 62
     7
370
    25
100
AcDbLine
 10
-118.3
 20
235.3666666667
 30
0.0
 11
-110.3
 21
235.3666666667
 31
0.0
  0
LINE
  5
77B
330
1F
100
AcDbEntity
  8
0
  6
Continuous
 62
     7
370
    25
100
AcDbLine
 10
-118.3
 20
232.1666666667
 30
0.0
 11
-118.3
 21
235.3666666667
 31
0.0
  0
LINE
  5
77C
330
1F
100
AcDbEntity
  8
0
  6
Continuous
 62
     7
370
    25
100
AcDbLine
 10
-110.3
 20
232.1666666667
 30
0.0
 11
-118.3
 21
232.1666666667
 31
0.0
  0
LINE
  5
77D
330
1F
100
AcDbEntity
  8
0
  6
Continuous
 62
     7
370
    25
100
AcDbLine
 10
-110.3
 20
230.8666666667
 30
0.0
 11
-110.3
 21
232.1666666667
 31
0.0
  0
LINE
  5
77E
330
1F
100
AcDbEntity
  8
0
  6
Continuous
 62
     7
370
    25
100
AcDbLine
 10
-107.1
 20
230.8666666667
 30
0.0
 11
-110.3
 21
230.8666666667
 31
0.0
  0
LINE
  5
77F
330
1F
100
AcDbEntity
  8
0
  6
Continuous
 62
     7
370
    25
100
AcDbLine
 10
-107.1
 20
232.1666666667
 30
0.0
 11
-107.1
 21
230.8666666667
 31
0.0
  0
LINE
  5
780
330
1F
100
AcDbEntity
  8
0
  6
Continuous
 62
     7
370
    25
100
AcDbLine
 10
-102.1
 20
232.1666666667
 30
0.0
 11
-107.1
 21
232.1666666667
 31
0.0
  0
LINE
  5
781
330
1F
100
AcDbEntity
  8
0
  6
Continuous
 62
     7
370
    25
100
AcDbLine
 10
-102.1
 20
225.4333333333
 30
0.0
 11
-102.1
 21
232.1666666667
 31
0.0
  0
LINE
  5
782
330
1F
100
AcDbEntity
  8
0
  6
Continuous
 62
     7
370
    25
100
AcDbLine
 10
-96.1
 20
225.4333333333
 30
0.0
 11
-102.1
 21
225.4333333333
 31
0.0
  0
LINE
  5
783
330
1F
100
AcDbEntity
  8
0
  6
Continuous
 62
     7
370
    25
100
AcDbLine
 10
-96.1
 20
200.4333333333
 30
0.0
 11
-96.1
 21
225.4333333333
 31
0.0
  0
LINE
  5
784
330
1F
100
AcDbEntity
  8
0
  6
Continuous
 62
     7
370
    25
100
AcDbLine
 10
-102.1
 20
200.4333333333
 30
0.0
 11
-96.1
 21
200.4333333333
 31
0.0
  0
LINE
  5
785
330
1F
100
AcDbEntity
  8
0
  6
Continuous
 62
     7
370
    25
100
AcDbLine
 10
-102.1
 20
193.7
 30
0.0
 11
-102.1
 21
200.4333333333
 31
0.0
  0
LINE
  5
786
330
1F
100
AcDbEntity
  8
0
  6
Continuous
 62
     7
370
    25
100
AcDbLine
 10
-107.1
 20
193.7
 30
0.0
 11
-102.1
 21
193.7
 31
0.0
  0
LINE
  5
787
330
1F
100
AcDbEntity
  8
0
  6
Continuous
 62
     7
370
    25
100
AcDbLine
 10
-107.1
 20
195.0
 30
0.0
 11
-107.1
 21
193.7
 31
0.0
  0
LINE
  5
788
330
1F
100
AcDbEntity
  8
0
  6
Continuous
 62
     7
370
    25
100
AcDbLine
 10
-110.3
 20
195.0
 30
0.0
 11
-107.1
 21
195.0
 31
0.0
  0
LINE
  5
789
330
1F
100
AcDbEntity
  8
0
  6
Continuous
 62
     7
370
    25
100
AcDbLine
 10
-110.3
 20
193.7
 30
0.0
 11
-110.3
 21
195.0
 31
0.0
  0
LINE
  5
78A
330
1F
100
AcDbEntity
  8
0
  6
Continuous
 62
     7
370
    25
100
AcDbLine
 10
-118.3
 20
193.7
 30
0.0
 11
-110.3
 21
193.7
 31
0.0
  0
LINE
  5
78B
330
1F
100
AcDbEntity
  8
0
  6
Continuous
 62
     7
370
    25
100
AcDbLine
 10
-118.3
 20
190.5
 30
0.0
 11
-118.3
 21
193.7
 31
0.0
  0
LINE
  5
78C
330
1F
100
AcDbEntity
  8
0
  6
Continuous
 62
     7
370
    25
100
AcDbLine
 10
-110.3
 20
190.5
 30
0.0
 11
-118.3
 21
190.5
 31
0.0
  0
LINE
  5
78D
330
1F
100
AcDbEntity
  8
0
  6
Continuous
 62
     7
370
    25
100
AcDbLine
 10
-110.3
 20
189.2
 30
0.0
 11
-110.3
 21
190.5
 31
0.0
  0
LINE
  5
78E
330
1F
100
AcDbEntity
  8
0
  6
Continuous
 62
     7
370
    25
100
AcDbLine
 10
-107.1
 20
189.2
 30
0.0
 11
-110.3
 21
189.2
 31
0.0
  0
LINE
  5
78F
330
1F
100
AcDbEntity
  8
0
  6
Continuous
 62
     7
370
    25
100
AcDbLine
 10
-107.1
 20
190.5
 30
0.0
 11
-107.1
 21
189.2
 31
0.0
  0
LINE
  5
790
330
1F
100
AcDbEntity
  8
0
  6
Continuous
 62
     7
370
    25
100
AcDbLine
 10
-102.1
 20
190.5
 30
0.0
 11
-107.1
 21
190.5
 31
0.0
  0
LINE
  5
791
330
1F
100
AcDbEntity
  8
0
  6
Continuous
 62
     7
370
    25
100
AcDbLine
 10
-102.1
 20
183.7666666667
 30
0.0
 11
-102.1
 21
190.5
 31
0.0
  0
LINE
  5
792
330
1F
100
AcDbEntity
  8
0
  6
Continuous
 62
     7
370
    25
100
AcDbLine
 10
-96.1
 20
183.7666666667
 30
0.0
 11
-102.1
 21
183.7666666667
 31
0.0
  0
LINE
  5
793
330
1F
100
AcDbEntity
  8
0
  6
Continuous
 62
     7
370
    25
100
AcDbLine
 10
-96.1
 20
158.7666666667
 30
0.0
 11
-96.1
 21
183.7666666667
 31
0.0
  0
LINE
  5
794
330
1F
100
AcDbEntity
  8
0
  6
Continuous
 62
     7
370
    25
100
AcDbLine
 10
-102.1
 20
158.7666666667
 30
0.0
 11
-96.1
 21
158.7666666667
 31
0.0
  0
LINE
  5
795
330
1F
100
AcDbEntity
  8
0
  6
Continuous
 62
     7
370
    25
100
AcDbLine
 10
-102.1
 20
152.0333333333
 30
0.0
 11
-102.1
 21
158.7666666667
 31
0.0
  0
LINE
  5
796
330
1F
100
AcDbEntity
  8
0
  6
Continuous
 62
     7
370
    25
100
AcDbLine
 10
-102.1
 20
152.0333333333
 30
0.0
 11
-107.1
 21
152.0333333333
 31
0.0
  0
LINE
  5
797
330
1F
100
AcDbEntity
  8
0
  6
Continuous
 62
     7
370
    25
100
AcDbLine
 10
-107.1
 20
152.0333333333
 30
0.0
 11
-107.1
 21
153.3333333333
 31
0.0
  0
LINE
  5
798
330
1F
100
AcDbEntity
  8
0
  6
Continuous
 62
     7
370
    25
100
AcDbLine
 10
-110.3
 20
153.3333333333
 30
0.0
 11
-107.1
 21
153.3333333333
 31
0.0
  0
LINE
  5
799
330
1F
100
AcDbEntity
  8
0
  6
Continuous
 62
     7
370
    25
100
AcDbLine
 10
-110.3
 20
152.0333333333
 30
0.0
 11
-110.3
 21
153.3333333333
 31
0.0
  0
LINE
  5
79A
330
1F
100
AcDbEntity
  8
0
  6
Continuous
 62
     7
370
    25
100
AcDbLine
 10
-110.3
 20
152.0333333333
 30
0.0
 11
-120.1
 21
152.0333333333
 31
0.0
  0
LINE
  5
79B
330
1F
100
AcDbEntity
  8
0
  6
Continuous
 62
     7
370
    25
100
AcDbLine
 10
-120.1
 20
148.8333333333
 30
0.0
 11
-120.1
 21
152.0333333333
 31
0.0
  0
LINE
  5
79C
330
1F
100
AcDbEntity
  8
0
  6
Continuous
 62
     7
370
    25
100
AcDbLine
 10
-110.3
 20
148.8333333333
 30
0.0
 11
-120.1
 21
148.8333333333
 31
0.0
  0
LINE
  5
79D
330
1F
100
AcDbEntity
  8
0
  6
Continuous
 62
     7
370
    25
100
AcDbLine
 10
-110.3
 20
147.5333333333
 30
0.0
 11
-110.3
 21
148.8333333333
 31
0.0
  0
LINE
  5
79E
330
1F
100
AcDbEntity
  8
0
  6
Continuous
 62
     7
370
    25
100
AcDbLine
 10
-110.3
 20
147.5333333333
 30
0.0
 11
-107.1
 21
147.5333333333
 31
0.0
  0
LINE
  5
79F
330
1F
100
AcDbEntity
  8
0
  6
Continuous
 62
     7
370
    25
100
AcDbLine
 10
-107.1
 20
147.5333333333
 30
0.0
 11
-107.1
 21
148.8333333333
 31
0.0
  0
LINE
  5
7A0
330
1F
100
AcDbEntity
  8
0
  6
Continuous
 62
     7
370
    25
100
AcDbLine
 10
-102.1
 20
148.8333333333
 30
0.0
 11
-107.1
 21
148.8333333333
 31
0.0
  0
LINE
  5
7A1
330
1F
100
AcDbEntity
  8
0
  6
Continuous
 62
     7
370
    25
100
AcDbLine
 10
-102.1
 20
142.1
 30
0.0
 11
-102.1
 21
148.8333333333
 31
0.0
  0
LINE
  5
7A2
330
1F
100
AcDbEntity
  8
0
  6
Continuous
 62
     7
370
    25
100
AcDbLine
 10
-96.1
 20
142.1
 30
0.0
 11
-102.1
 21
142.1
 31
0.0
  0
LINE
  5
7A3
330
1F
100
AcDbEntity
  8
0
  6
Continuous
 62
     7
370
    25
100
AcDbLine
 10
-96.1
 20
117.1
 30
0.0
 11
-96.1
 21
142.1
 31
0.0
  0
LINE
  5
7A4
330
1F
100
AcDbEntity
  8
0
  6
Continuous
 62
     7
370
    25
100
AcDbLine
 10
-102.1
 20
117.1
 30
0.0
 11
-96.1
 21
117.1
 31
0.0
  0
LINE
  5
7A5
330
1F
100
AcDbEntity
  8
0
  6
Continuous
 62
     7
370
    25
100
AcDbLine
 10
-102.1
 20
102.1
 30
0.0
 11
-102.1
 21
117.1
 31
0.0
  0
LINE
  5
7A6
330
1F
100
AcDbEntity
  8
0
  6
Continuous
 62
     7
370
    25
100
AcDbLine
 10
-117.1
 20
102.1
 30
0.0
 11
-102.1
 21
102.1
 31
0.0
  0
LINE
  5
7A7
330
1F
100
AcDbEntity
  8
0
  6
Continuous
 62
     7
370
    25
100
AcDbLine
 10
-117.1
 20
96.1
 30
0.0
 11
-117.1
 21
102.1
 31
0.0
  0
LINE
  5
7A8
330
1F
100
AcDbEntity
  8
0
  6
Continuous
 62
     7
370
    25
100
AcDbLine
 10
-142.1
 20
96.1
 30
0.0
 11
-117.1
 21
96.1
 31
0.0
  0
LINE
  5
7A9
330
1F
100
AcDbEntity
  8
0
  6
Continuous
 62
     7
370
    25
100
AcDbLine
 10
-142.1
 20
102.1
 30
0.0
 11
-142.1
 21
96.1
 31
0.0
  0
LINE
  5
7AA
330
1F
100
AcDbEntity
  8
0
  6
Continuous
 62
     7
370
    25
100
AcDbLine
 10
-148.8333333333
 20
102.1
 30
0.0
 11
-142.1
 21
102.1
 31
0.0
  0
LINE
  5
7AB
330
1F
100
AcDbEntity
  8
0
  6
Continuous
 62
     7
370
    25
100
AcDbLine
 10
-148.8333333333
 20
107.1
 30
0.0
 11
-148.8333333333
 21
102.1
 31
0.0
  0
LINE
  5
7AC
330
1F
100
AcDbEntity
  8
0
  6
Continuous
 62
     7
370
    25
100
AcDbLine
 10
-147.5333333333
 20
107.1
 30
0.0
 11
-148.8333333333
 21
107.1
 31
0.0
  0
LINE
  5
7AD
330
1F
100
AcDbEntity
  8
0
  6
Continuous
 62
     7
370
    25
100
AcDbLine
 10
-147.5333333333
 20
110.3
 30
0.0
 11
-147.5333333333
 21
107.1
 31
0.0
  0
LINE
  5
7AE
330
1F
100
AcDbEntity
  8
0
  6
Continuous
 62
     7
370
    25
100
AcDbLine
 10
-148.8333333333
 20
110.3
 30
0.0
 11
-147.5333333333
 21
110.3
 31
0.0
  0
LINE
  5
7AF
330
1F
100
AcDbEntity
  8
0
  6
Continuous
 62
     7
370
    25
100
AcDbLine
 10
-148.8333333333
 20
117.1
 30
0.0
 11
-148.8333333333
 21
110.3
 31
0.0
  0
LINE
  5
7B0
330
1F
100
AcDbEntity
  8
0
  6
Continuous
 62
     7
370
    25
100
AcDbLine
 10
-152.0333333333
 20
117.1
 30
0.0
 11
-148.8333333333
 21
117.1
 31
0.0
  0
LINE
  5
7B1
330
1F
100
AcDbEntity
  8
0
  6
Continuous
 62
     7
370
    25
100
AcDbLine
 10
-152.0333333333
 20
110.3
 30
0.0
 11
-152.0333333333
 21
117.1
 31
0.0
  0
LINE
  5
7B2
330
1F
100
AcDbEntity
  8
0
  6
Continuous
 62
     7
370
    25
100
AcDbLine
 10
-153.3333333333
 20
110.3
 30
0.0
 11
-152.0333333333
 21
110.3
 31
0.0
  0
LINE
  5
7B3
330
1F
100
AcDbEntity
  8
0
  6
Continuous
 62
     7
370
    25
100
AcDbLine
 10
-153.3333333333
 20
107.1
 30
0.0
 11
-153.3333333333
 21
110.3
 31
0.0
  0
LINE
  5
7B4
330
1F
100
AcDbEntity
  8
0
  6
Continuous
 62
     7
370
    25
100
AcDbLine
 10
-152.0333333333
 20
107.1
 30
0.0
 11
-153.3333333333
 21
107.1
 31
0.0
  0
LINE
  5
7B5
330
1F
100
AcDbEntity
  8
0
  6
Continuous
 62
     7
370
    25
100
AcDbLine
 10
-152.0333333333
 20
102.1
 30
0.0
 11
-152.0333333333
 21
107.1
 31
0.0
  0
LINE
  5
7B6
330
1F
100
AcDbEntity
  8
0
  6
Continuous
 62
     7
370
    25
100
AcDbLine
 10
-158.7666666667
 20
102.1
 30
0.0
 11
-152.0333333333
 21
102.1
 31
0.0
  0
LINE
  5
7B7
330
1F
100
AcDbEntity
  8
0
  6
Continuous
 62
     7
370
    25
100
AcDbLine
 10
-158.7666666667
 20
96.1
 30
0.0
 11
-158.7666666667
 21
102.1
 31
0.0
  0
LINE
  5
7B8
330
1F
100
AcDbEntity
  8
0
  6
Continuous
 62
     7
370
    25
100
AcDbLine
 10
-183.7666666667
 20
96.1
 30
0.0
 11
-158.7666666667
 21
96.1
 31
0.0
  0
LINE
  5
7B9
330
1F
100
AcDbEntity
  8
0
  6
Continuous
 62
     7
370
    25
100
AcDbLine
 10
-183.7666666667
 20
102.1
 30
0.0
 11
-183.7666666667
 21
96.1
 31
0.0
  0
LINE
  5
7BA
330
1F
100
AcDbEntity
  8
0
  6
Continuous
 62
     7
370
    25
100
AcDbLine
 10
-190.5
 20
102.1
 30
0.0
 11
-183.7666666667
 21
102.1
 31
0.0
  0
LINE
  5
7BB
330
1F
100
AcDbEntity
  8
0
  6
Continuous
 62
     7
370
    25
100
AcDbLine
 10
-190.5
 20
107.1
 30
0.0
 11
-190.5
 21
102.1
 31
0.0
  0
LINE
  5
7BC
330
1F
100
AcDbEntity
  8
0
  6
Continuous
 62
     7
370
    25
100
AcDbLine
 10
-189.2
 20
107.1
 30
0.0
 11
-190.5
 21
107.1
 31
0.0
  0
LINE
  5
7BD
330
1F
100
AcDbEntity
  8
0
  6
Continuous
 62
     7
370
    25
100
AcDbLine
 10
-189.2
 20
110.3
 30
0.0
 11
-189.2
 21
107.1
 31
0.0
  0
LINE
  5
7BE
330
1F
100
AcDbEntity
  8
0
  6
Continuous
 62
     7
370
    25
100
AcDbLine
 10
-190.5
 20
110.3
 30
0.0
 11
-189.2
 21
110.3
 31
0.0
  0
LINE
  5
7BF
330
1F
100
AcDbEntity
  8
0
  6
Continuous
 62
     7
370
    25
100
AcDbLine
 10
-190.5
 20
117.1
 30
0.0
 11
-190.5
 21
110.3
 31
0.0
  0
LINE
  5
7C0
330
1F
100
AcDbEntity
  8
0
  6
Continuous
 62
     7
370
    25
100
AcDbLine
 10
-193.7
 20
117.1
 30
0.0
 11
-190.5
 21
117.1
 31
0.0
  0
LINE
  5
7C1
330
1F
100
AcDbEntity
  8
0
  6
Continuous
 62
     7
370
    25
100
AcDbLine
 10
-193.7
 20
110.3
 30
0.0
 11
-193.7
 21
117.1
 31
0.0
  0
LINE
  5
7C2
330
1F
100
AcDbEntity
  8
0
  6
Continuous
 62
     7
370
    25
100
AcDbLine
 10
-195.0
 20
110.3
 30
0.0
 11
-193.7
 21
110.3
 31
0.0
  0
LINE
  5
7C3
330
1F
100
AcDbEntity
  8
0
  6
Continuous
 62
     7
370
    25
100
AcDbLine
 10
-195.0
 20
107.1
 30
0.0
 11
-195.0
 21
110.3
 31
0.0
  0
LINE
  5
7C4
330
1F
100
AcDbEntity
  8
0
  6
Continuous
 62
     7
370
    25
100
AcDbLine
 10
-193.7
 20
107.1
 30
0.0
 11
-195.0
 21
107.1
 31
0.0
  0
LINE
  5
7C5
330
1F
100
AcDbEntity
  8
0
  6
Continuous
 62
     7
370
    25
100
AcDbLine
 10
-193.7
 20
102.1
 30
0.0
 11
-193.7
 21
107.1
 31
0.0
  0
LINE
  5
7C6
330
1F
100
AcDbEntity
  8
0
  6
Continuous
 62
     7
370
    25
100
AcDbLine
 10
-200.4333333333
 20
102.1
 30
0.0
 11
-193.7
 21
102.1
 31
0.0
  0
LINE
  5
7C7
330
1F
100
AcDbEntity
  8
0
  6
Continuous
 62
     7
370
    25
100
AcDbLine
 10
-200.4333333333
 20
96.1
 30
0.0
 11
-200.4333333333
 21
102.1
 31
0.0
  0
LINE
  5
7C8
330
1F
100
AcDbEntity
  8
0
  6
Continuous
 62
     7
370
    25
100
AcDbLine
 10
-225.4333333333
 20
96.1
 30
0.0
 11
-200.4333333333
 21
96.1
 31
0.0
  0
LINE
  5
7C9
330
1F
100
AcDbEntity
  8
0
  6
Continuous
 62
     7
370
    25
100
AcDbLine
 10
-225.4333333333
 20
102.1
 30
0.0
 11
-225.4333333333
 21
96.1
 31
0.0
  0
LINE
  5
7CA
330
1F
100
AcDbEntity
  8
0
  6
Continuous
 62
     7
370
    25
100
AcDbLine
 10
-232.1666666667
 20
102.1
 30
0.0
 11
-225.4333333333
 21
102.1
 31
0.0
  0
LINE
  5
7CB
330
1F
100
AcDbEntity
  8
0
  6
Continuous
 62
     7
370
    25
100
AcDbLine
 10
-232.1666666667
 20
107.1
 30
0.0
 11
-232.1666666667
 21
102.1
 31
0.0
  0
LINE
  5
7CC
330
1F
100
AcDbEntity
  8
0
  6
Continuous
 62
     7
370
    25
100
AcDbLine
 10
-230.8666666667
 20
107.1
 30
0.0
 11
-232.1666666667
 21
107.1
 31
0.0
  0
LINE
  5
7CD
330
1F
100
AcDbEntity
  8
0
  6
Continuous
 62
     7
370
    25
100
AcDbLine
 10
-230.8666666667
 20
110.3
 30
0.0
 11
-230.8666666667
 21
107.1
 31
0.0
  0
LINE
  5
7CE
330
1F
100
AcDbEntity
  8
0
  6
Continuous
 62
     7
370
    25
100
AcDbLine
 10
-232.1666666667
 20
110.3
 30
0.0
 11
-230.8666666667
 21
110.3
 31
0.0
  0
LINE
  5
7CF
330
1F
100
AcDbEntity
  8
0
  6
Continuous
 62
     7
370
    25
100
AcDbLine
 10
-232.1666666667
 20
117.1
 30
0.0
 11
-232.1666666667
 21
110.3
 31
0.0
  0
LINE
  5
7D0
330
1F
100
AcDbEntity
  8
0
  6
Continuous
 62
     7
370
    25
100
AcDbLine
 10
-235.3666666667
 20
117.1
 30
0.0
 11
-232.1666666667
 21
117.1
 31
0.0
  0
LINE
  5
7D1
330
1F
100
AcDbEntity
  8
0
  6
Continuous
 62
     7
370
    25
100
AcDbLine
 10
-235.3666666667
 20
110.3
 30
0.0
 11
-235.3666666667
 21
117.1
 31
0.0
  0
LINE
  5
7D2
330
1F
100
AcDbEntity
  8
0
  6
Continuous
 62
     7
370
    25
100
AcDbLine
 10
-236.6666666667
 20
110.3
 30
0.0
 11
-235.3666666667
 21
110.3
 31
0.0
  0
LINE
  5
7D3
330
1F
100
AcDbEntity
  8
0
  6
Continuous
 62
     7
370
    25
100
AcDbLine
 10
-236.6666666667
 20
107.1
 30
0.0
 11
-236.6666666667
 21
110.3
 31
0.0
  0
LINE
  5
7D4
330
1F
100
AcDbEntity
  8
0
  6
Continuous
 62
     7
370
    25
100
AcDbLine
 10
-235.3666666667
 20
107.1
 30
0.0
 11
-236.6666666667
 21
107.1
 31
0.0
  0
LINE
  5
7D5
330
1F
100
AcDbEntity
  8
0
  6
Continuous
 62
     7
370
    25
100
AcDbLine
 10
-235.3666666667
 20
102.1
 30
0.0
 11
-235.3666666667
 21
107.1
 31
0.0
  0
LINE
  5
7D6
330
1F
100
AcDbEntity
  8
0
  6
Continuous
 62
     7
370
    25
100
AcDbLine
 10
-242.1
 20
102.1
 30
0.0
 11
-235.3666666667
 21
102.1
 31
0.0
  0
LINE
  5
7D7
330
1F
100
AcDbEntity
  8
0
  6
Continuous
 62
     7
370
    25
100
AcDbLine
 10
-242.1
 20
96.1
 30
0.0
 11
-242.1
 21
102.1
 31
0.0
  0
LINE
  5
7D8
330
1F
100
AcDbEntity
  8
0
  6
Continuous
 62
     7
370
    25
100
AcDbLine
 10
-267.1
 20
96.1
 30
0.0
 11
-242.1
 21
96.1
 31
0.0
  0
LINE
  5
7D9
330
1F
100
AcDbEntity
  8
0
  6
Continuous
 62
     7
370
    25
100
AcDbLine
 10
-267.1
 20
102.1
 30
0.0
 11
-267.1
 21
96.1
 31
0.0
  0
LINE
  5
7DA
330
1F
100
AcDbEntity
  8
0
  6
Continuous
 62
     7
370
    25
100
AcDbLine
 10
-282.1
 20
102.1
 30
0.0
 11
-267.1
 21
102.1
 31
0.0
  0
LINE
  5
7DB
330
1F
100
AcDbEntity
  8
0
  6
Continuous
 62
     7
370
    25
100
AcDbLine
 10
-282.1
 20
117.1
 30
0.0
 11
-282.1
 21
102.1
 31
0.0
  0
LINE
  5
7DC
330
1F
100
AcDbEntity
  8
0
  6
Continuous
 62
     7
370
    25
100
AcDbLine
 10
-288.1
 20
117.1
 30
0.0
 11
-282.1
 21
117.1
 31
0.0
  0
LINE
  5
7DD
330
1F
100
AcDbEntity
  8
0
  6
Continuous
 62
     7
370
    25
100
AcDbLine
 10
-168.9257713249
 20
228.602722323
 30
0.0
 11
-168.9257713249
 21
228.2724137931
 31
0.0
  0
LINE
  5
7DE
330
1F
100
AcDbEntity
  8
0
  6
Continuous
 62
     7
370
    25
100
AcDbLine
 10
-168.2887477314
 20
228.602722323
 30
0.0
 11
-168.9257713249
 21
228.602722323
 31
0.0
  0
LINE
  5
7DF
330
1F
100
AcDbEntity
  8
0
  6
Continuous
 62
     7
370
    25
100
AcDbLine
 10
-169.210707804
 20
231.9094373866
 30
0.0
 11
-169.210707804
 21
231.4756805808
 31
0.0
  0
LINE
  5
7E0
330
1F
100
AcDbEntity
  8
0
  6
Continuous
 62
     7
370
    25
100
AcDbLine
 10
-170.7333938294
 20
228.2343012704
 30
0.0
 11
-170.7333938294
 21
231.9094373866
 31
0.0
  0
LINE
  5
7E1
330
1F
100
AcDbEntity
  8
0
  6
Continuous
 62
     7
370
    25
100
AcDbLine
 10
-175.0045372051
 20
226.4284936479
 30
0.0
 11
-175.0045372051
 21
227.1072595281
 31
0.0
  0
LINE
  5
7E2
330
1F
100
AcDbEntity
  8
0
  6
Continuous
 62
     7
370
    25
100
AcDbLine
 10
-173.4310344828
 20
231.8912885662
 30
0.0
 11
-173.4310344828
 21
226.4284936479
 31
0.0
  0
LINE
  5
7E3
330
1F
100
AcDbEntity
  8
0
  6
Continuous
 62
     7
370
    25
100
AcDbLine
 10
-175.2749546279
 20
228.486569873
 30
0.0
 11
-175.2749546279
 21
231.8912885662
 31
0.0
  0
LINE
  5
7E4
330
1F
100
AcDbEntity
  8
0
  6
Continuous
 62
     7
370
    25
100
AcDbLine
 10
-212.7965517241
 20
228.602722323
 30
0.0
 11
-212.7965517241
 21
228.2724137931
 31
0.0
  0
LINE
  5
7E5
330
1F
100
AcDbEntity
  8
0
  6
Continuous
 62
     7
370
    25
100
AcDbLine
 10
-212.1595281307
 20
228.602722323
 30
0.0
 11
-212.7965517241
 21
228.602722323
 31
0.0
  0
LINE
  5
7E6
330
1F
100
AcDbEntity
  8
0
  6
Continuous
 62
     7
370
    25
100
AcDbLine
 10
-213.0814882033
 20
231.9094373866
 30
0.0
 11
-213.0814882033
 21
231.4756805808
 31
0.0
  0
LINE
  5
7E7
330
1F
100
AcDbEntity
  8
0
  6
Continuous
 62
     7
370
    25
100
AcDbLine
 10
-214.6041742287
 20
228.2343012704
 30
0.0
 11
-214.6041742287
 21
231.9094373866
 31
0.0
  0
LINE
  5
7E8
330
1F
100
AcDbEntity
  8
0
  6
Continuous
 62
     7
370
    25
100
AcDbLine
 10
-201.5337568058
 20
242.7606170599
 30
0.0
 11
-201.5337568058
 21
243.3903811252
 31
0.0
  0
LINE
  5
7E9
330
1F
100
AcDbEntity
  8
0
  6
Continuous
 62
     7
370
    25
100
AcDbLine
 10
-199.9602540835
 20
248.2234119782
 30
0.0
 11
-199.9602540835
 21
242.7606170599
 31
0.0
  0
LINE
  5
7EA
330
1F
100
AcDbEntity
  8
0
  6
Continuous
 62
     7
370
    25
100
AcDbLine
 10
-201.8041742287
 20
244.5918330309
 30
0.0
 11
-201.8041742287
 21
248.2234119782
 31
0.0
  0
LINE
  5
7EB
330
1F
100
AcDbEntity
  8
0
  6
Continuous
 62
     7
370
    25
100
AcDbLine
 10
-204.2324863884
 20
248.2234119782
 30
0.0
 11
-204.2324863884
 21
244.9838475499
 31
0.0
  0
LINE
  5
7EC
330
1F
100
AcDbEntity
  8
0
  6
Continuous
 62
     7
370
    25
100
AcDbLine
 10
-206.0691470054
 20
244.5918330309
 30
0.0
 11
-206.0691470054
 21
248.2234119782
 31
0.0
  0
LINE
  5
7ED
330
1F
100
AcDbEntity
  8
0
  6
Continuous
 62
     7
370
    25
100
AcDbLine
 10
-208.5047186933
 20
248.2234119782
 30
0.0
 11
-208.5047186933
 21
244.9838475499
 31
0.0
  0
LINE
  5
7EE
330
1F
100
AcDbEntity
  8
0
  6
Continuous
 62
     7
370
    25
100
AcDbLine
 10
-210.3413793103
 20
244.7261343013
 30
0.0
 11
-210.3413793103
 21
248.2234119782
 31
0.0
  0
LINE
  5
7EF
330
1F
100
AcDbEntity
  8
0
  6
Continuous
 62
     7
370
    25
100
AcDbLine
 10
-169.1696914701
 20
244.934845735
 30
0.0
 11
-169.1696914701
 21
244.6045372051
 31
0.0
  0
LINE
  5
7F0
330
1F
100
AcDbEntity
  8
0
  6
Continuous
 62
     7
370
    25
100
AcDbLine
 10
-168.5326678766
 20
244.934845735
 30
0.0
 11
-169.1696914701
 21
244.934845735
 31
0.0
  0
LINE
  5
7F1
330
1F
100
AcDbEntity
  8
0
  6
Continuous
 62
     7
370
    25
100
AcDbLine
 10
-169.4546279492
 20
248.2415607985
 30
0.0
 11
-169.4546279492
 21
247.8078039927
 31
0.0
  0
LINE
  5
7F2
330
1F
100
AcDbEntity
  8
0
  6
Continuous
 62
     7
370
    25
100
AcDbLine
 10
-170.9773139746
 20
244.5664246824
 30
0.0
 11
-170.9773139746
 21
248.2415607985
 31
0.0
  0
LINE
  5
7F3
330
1F
100
AcDbEntity
  8
0
  6
Continuous
 62
     7
370
    25
100
AcDbLine
 10
-218.8753176044
 20
226.4284936479
 30
0.0
 11
-218.8753176044
 21
227.0582577132
 31
0.0
  0
LINE
  5
7F4
330
1F
100
AcDbEntity
  8
0
  6
Continuous
 62
     7
370
    25
100
AcDbLine
 10
-217.301814882
 20
231.8912885662
 30
0.0
 11
-217.301814882
 21
226.4284936479
 31
0.0
  0
LINE
  5
7F5
330
1F
100
AcDbEntity
  8
0
  6
Continuous
 62
     7
370
    25
100
AcDbLine
 10
-219.1457350272
 20
228.2597096189
 30
0.0
 11
-219.1457350272
 21
231.8912885662
 31
0.0
  0
LINE
  5
7F6
330
1F
100
AcDbEntity
  8
0
  6
Continuous
 62
     7
370
    25
100
AcDbLine
 10
-221.5740471869
 20
231.8912885662
 30
0.0
 11
-221.5740471869
 21
228.6517241379
 31
0.0
  0
LINE
  5
7F7
330
1F
100
AcDbEntity
  8
0
  6
Continuous
 62
     7
370
    25
100
AcDbLine
 10
-223.410707804
 20
228.2597096189
 30
0.0
 11
-223.410707804
 21
231.8912885662
 31
0.0
  0
LINE
  5
7F8
330
1F
100
AcDbEntity
  8
0
  6
Continuous
 62
     7
370
    25
100
AcDbLine
 10
-225.8462794918
 20
231.8912885662
 30
0.0
 11
-225.8462794918
 21
228.6517241379
 31
0.0
  0
LINE
  5
7F9
330
1F
100
AcDbEntity
  8
0
  6
Continuous
 62
     7
370
    25
100
AcDbLine
 10
-227.6829401089
 20
228.3940108893
 30
0.0
 11
-227.6829401089
 21
231.8912885662
 31
0.0
  0
LINE
  5
7FA
330
1F
100
AcDbEntity
  8
0
  6
Continuous
 62
     7
370
    25
100
AcDbLine
 10
-143.2637023593
 20
240.7261343013
 30
0.0
 11
-143.2637023593
 21
247.1036297641
 31
0.0
  0
LINE
  5
7FB
330
1F
100
AcDbEntity
  8
0
  6
Continuous
 62
     7
370
    25
100
AcDbLine
 10
-141.3308529946
 20
247.9239564428
 30
0.0
 11
-141.3308529946
 21
240.7261343013
 31
0.0
  0
LINE
  5
7FC
330
1F
100
AcDbEntity
  8
0
  6
Continuous
 62
     7
370
    25
100
AcDbLine
 10
-146.2401088929
 20
248.432123412
 30
0.0
 11
-141.9025408348
 21
248.432123412
 31
0.0
  0
LINE
  5
7FD
330
1F
100
AcDbEntity
  8
0
  6
Continuous
 62
     7
370
    25
100
AcDbLine
 10
-143.2637023593
 20
247.1036297641
 30
0.0
 11
-146.2401088929
 21
247.1036297641
 31
0.0
  0
LINE
  5
7FE
330
1F
100
AcDbEntity
  8
0
  6
Continuous
 62
     7
370
    25
100
AcDbLine
 10
-217.3421052632
 20
246.3867513612
 30
0.0
 11
-217.3421052632
 21
244.5736842105
 31
0.0
  0
LINE
  5
7FF
330
1F
100
AcDbEntity
  8
0
  6
Continuous
 62
     7
370
    25
100
AcDbLine
 10
-195.4549909256
 20
245.9021778584
 30
0.0
 11
-194.7526315789
 21
245.9021778584
 31
0.0
  0
LINE
  5
800
330
1F
100
AcDbEntity
  8
0
  6
Continuous
 62
     7
370
    25
100
AcDbLine
 10
-195.4549909256
 20
246.8332123412
 30
0.0
 11
-195.4549909256
 21
245.9021778584
 31
0.0
  0
LINE
  5
801
330
1F
100
AcDbEntity
  8
0
  6
Continuous
 62
     7
370
    25
100
AcDbLine
 10
-195.4549909256
 20
229.5700544465
 30
0.0
 11
-194.7526315789
 21
229.5700544465
 31
0.0
  0
LINE
  5
802
330
1F
100
AcDbEntity
  8
0
  6
Continuous
 62
     7
370
    25
100
AcDbLine
 10
-195.4549909256
 20
230.5010889292
 30
0.0
 11
-195.4549909256
 21
229.5700544465
 31
0.0
  0
LINE
  5
803
330
1F
100
AcDbEntity
  8
0
  6
Continuous
 62
     7
370
    25
100
AcDbLine
 10
-168.9257713249
 20
229.5700544465
 30
0.0
 11
-168.2234119782
 21
229.5700544465
 31
0.0
  0
LINE
  5
804
330
1F
100
AcDbEntity
  8
0
  6
Continuous
 62
     7
370
    25
100
AcDbLine
 10
-168.9257713249
 20
230.5010889292
 30
0.0
 11
-168.9257713249
 21
229.5700544465
 31
0.0
  0
LINE
  5
805
330
1F
100
AcDbEntity
  8
0
  6
Continuous
 62
     7
370
    25
100
AcDbLine
 10
-152.0720508167
 20
245.9021778584
 30
0.0
 11
-151.3696914701
 21
245.9021778584
 31
0.0
  0
LINE
  5
806
330
1F
100
AcDbEntity
  8
0
  6
Continuous
 62
     7
370
    25
100
AcDbLine
 10
-152.0720508167
 20
246.8332123412
 30
0.0
 11
-152.0720508167
 21
245.9021778584
 31
0.0
  0
LINE
  5
807
330
1F
100
AcDbEntity
  8
0
  6
Continuous
 62
     7
370
    25
100
AcDbLine
 10
-90.0
 20
142.1
 30
0.0
 11
-96.0
 21
142.1
 31
0.0
  0
LINE
  5
808
330
1F
100
AcDbEntity
  8
0
  6
Continuous
 62
     7
370
    25
100
AcDbLine
 10
-90.0
 20
148.8333333333
 30
0.0
 11
-90.0
 21
142.1
 31
0.0
  0
LINE
  5
809
330
1F
100
AcDbEntity
  8
0
  6
Continuous
 62
     7
370
    25
100
AcDbLine
 10
-90.0
 20
148.8333333333
 30
0.0
 11
-85.0
 21
148.8333333333
 31
0.0
  0
LINE
  5
80A
330
1F
100
AcDbEntity
  8
0
  6
Continuous
 62
     7
370
    25
100
AcDbLine
 10
-85.0
 20
147.5333333333
 30
0.0
 11
-85.0
 21
148.8333333333
 31
0.0
  0
LINE
  5
80B
330
1F
100
AcDbEntity
  8
0
  6
Continuous
 62
     7
370
    25
100
AcDbLine
 10
-81.8
 20
147.5333333333
 30
0.0
 11
-85.0
 21
147.5333333333
 31
0.0
  0
LINE
  5
80C
330
1F
100
AcDbEntity
  8
0
  6
Continuous
 62
     7
370
    25
100
AcDbLine
 10
-81.8
 20
147.5333333333
 30
0.0
 11
-81.8
 21
148.8333333333
 31
0.0
  0
LINE
  5
80D
330
1F
100
AcDbEntity
  8
0
  6
Continuous
 62
     7
370
    25
100
AcDbLine
 10
-81.8
 20
148.8333333333
 30
0.0
 11
-72.0
 21
148.8333333333
 31
0.0
  0
LINE
  5
80E
330
1F
100
AcDbEntity
  8
0
  6
Continuous
 62
     7
370
    25
100
AcDbLine
 10
-72.0
 20
148.8333333333
 30
0.0
 11
-72.0
 21
152.0333333333
 31
0.0
  0
LINE
  5
80F
330
1F
100
AcDbEntity
  8
0
  6
Continuous
 62
     7
370
    25
100
AcDbLine
 10
-81.8
 20
152.0333333333
 30
0.0
 11
-72.0
 21
152.0333333333
 31
0.0
  0
LINE
  5
810
330
1F
100
AcDbEntity
  8
0
  6
Continuous
 62
     7
370
    25
100
AcDbLine
 10
-81.8
 20
152.0333333333
 30
0.0
 11
-81.8
 21
153.3333333333
 31
0.0
  0
LINE
  5
811
330
1F
100
AcDbEntity
  8
0
  6
Continuous
 62
     7
370
    25
100
AcDbLine
 10
-81.8
 20
153.3333333333
 30
0.0
 11
-85.0
 21
153.3333333333
 31
0.0
  0
LINE
  5
812
330
1F
100
AcDbEntity
  8
0
  6
Continuous
 62
     7
370
    25
100
AcDbLine
 10
-85.0
 20
152.0333333333
 30
0.0
 11
-85.0
 21
153.3333333333
 31
0.0
  0
LINE
  5
813
330
1F
100
AcDbEntity
  8
0
  6
Continuous
 62
     7
370
    25
100
AcDbLine
 10
-90.0
 20
152.0333333333
 30
0.0
 11
-85.0
 21
152.0333333333
 31
0.0
  0
LINE
  5
814
330
1F
100
AcDbEntity
  8
0
  6
Continuous
 62
     7
370
    25
100
AcDbLine
 10
-90.0
 20
158.7666666667
 30
0.0
 11
-90.0
 21
152.0333333333
 31
0.0
  0
LINE
  5
815
330
1F
100
AcDbEntity
  8
0
  6
Continuous
 62
     7
370
    25
100
AcDbLine
 10
-96.0
 20
158.7666666667
 30
0.0
 11
-90.0
 21
158.7666666667
 31
0.0
  0
LINE
  5
816
330
1F
100
AcDbEntity
  8
0
  6
Continuous
 62
     7
370
    25
100
AcDbLine
 10
-96.0
 20
183.7666666667
 30
0.0
 11
-96.0
 21
158.7666666667
 31
0.0
  0
LINE
  5
817
330
1F
100
AcDbEntity
  8
0
  6
Continuous
 62
     7
370
    25
100
AcDbLine
 10
-90.0
 20
183.7666666667
 30
0.0
 11
-96.0
 21
183.7666666667
 31
0.0
  0
LINE
  5
818
330
1F
100
AcDbEntity
  8
0
  6
Continuous
 62
     7
370
    25
100
AcDbLine
 10
-90.0
 20
190.5
 30
0.0
 11
-90.0
 21
183.7666666667
 31
0.0
  0
LINE
  5
819
330
1F
100
AcDbEntity
  8
0
  6
Continuous
 62
     7
370
    25
100
AcDbLine
 10
-85.0
 20
190.5
 30
0.0
 11
-90.0
 21
190.5
 31
0.0
  0
LINE
  5
81A
330
1F
100
AcDbEntity
  8
0
  6
Continuous
 62
     7
370
    25
100
AcDbLine
 10
-85.0
 20
189.2
 30
0.0
 11
-85.0
 21
190.5
 31
0.0
  0
LINE
  5
81B
330
1F
100
AcDbEntity
  8
0
  6
Continuous
 62
     7
370
    25
100
AcDbLine
 10
-81.8
 20
189.2
 30
0.0
 11
-85.0
 21
189.2
 31
0.0
  0
LINE
  5
81C
330
1F
100
AcDbEntity
  8
0
  6
Continuous
 62
     7
370
    25
100
AcDbLine
 10
-81.8
 20
190.5
 30
0.0
 11
-81.8
 21
189.2
 31
0.0
  0
LINE
  5
81D
330
1F
100
AcDbEntity
  8
0
  6
Continuous
 62
     7
370
    25
100
AcDbLine
 10
-73.8
 20
190.5
 30
0.0
 11
-81.8
 21
190.5
 31
0.0
  0
LINE
  5
81E
330
1F
100
AcDbEntity
  8
0
  6
Continuous
 62
     7
370
    25
100
AcDbLine
 10
-73.8
 20
193.7
 30
0.0
 11
-73.8
 21
190.5
 31
0.0
  0
LINE
  5
81F
330
1F
100
AcDbEntity
  8
0
  6
Continuous
 62
     7
370
    25
100
AcDbLine
 10
-81.8
 20
193.7
 30
0.0
 11
-73.8
 21
193.7
 31
0.0
  0
LINE
  5
820
330
1F
100
AcDbEntity
  8
0
  6
Continuous
 62
     7
370
    25
100
AcDbLine
 10
-81.8
 20
195.0
 30
0.0
 11
-81.8
 21
193.7
 31
0.0
  0
LINE
  5
821
330
1F
100
AcDbEntity
  8
0
  6
Continuous
 62
     7
370
    25
100
AcDbLine
 10
-85.0
 20
195.0
 30
0.0
 11
-81.8
 21
195.0
 31
0.0
  0
LINE
  5
822
330
1F
100
AcDbEntity
  8
0
  6
Continuous
 62
     7
370
    25
100
AcDbLine
 10
-85.0
 20
193.7
 30
0.0
 11
-85.0
 21
195.0
 31
0.0
  0
LINE
  5
823
330
1F
100
AcDbEntity
  8
0
  6
Continuous
 62
     7
370
    25
100
AcDbLine
 10
-90.0
 20
193.7
 30
0.0
 11
-85.0
 21
193.7
 31
0.0
  0
LINE
  5
824
330
1F
100
AcDbEntity
  8
0
  6
Continuous
 62
     7
370
    25
100
AcDbLine
 10
-90.0
 20
200.4333333333
 30
0.0
 11
-90.0
 21
193.7
 31
0.0
  0
LINE
  5
825
330
1F
100
AcDbEntity
  8
0
  6
Continuous
 62
     7
370
    25
100
AcDbLine
 10
-96.0
 20
200.4333333333
 30
0.0
 11
-90.0
 21
200.4333333333
 31
0.0
  0
LINE
  5
826
330
1F
100
AcDbEntity
  8
0
  6
Continuous
 62
     7
370
    25
100
AcDbLine
 10
-96.0
 20
225.4333333333
 30
0.0
 11
-96.0
 21
200.4333333333
 31
0.0
  0
LINE
  5
827
330
1F
100
AcDbEntity
  8
0
  6
Continuous
 62
     7
370
    25
100
AcDbLine
 10
-90.0
 20
225.4333333333
 30
0.0
 11
-96.0
 21
225.4333333333
 31
0.0
  0
LINE
  5
828
330
1F
100
AcDbEntity
  8
0
  6
Continuous
 62
     7
370
    25
100
AcDbLine
 10
-90.0
 20
232.1666666667
 30
0.0
 11
-90.0
 21
225.4333333333
 31
0.0
  0
LINE
  5
829
330
1F
100
AcDbEntity
  8
0
  6
Continuous
 62
     7
370
    25
100
AcDbLine
 10
-85.0
 20
232.1666666667
 30
0.0
 11
-90.0
 21
232.1666666667
 31
0.0
  0
LINE
  5
82A
330
1F
100
AcDbEntity
  8
0
  6
Continuous
 62
     7
370
    25
100
AcDbLine
 10
-85.0
 20
230.8666666667
 30
0.0
 11
-85.0
 21
232.1666666667
 31
0.0
  0
LINE
  5
82B
330
1F
100
AcDbEntity
  8
0
  6
Continuous
 62
     7
370
    25
100
AcDbLine
 10
-81.8
 20
230.8666666667
 30
0.0
 11
-85.0
 21
230.8666666667
 31
0.0
  0
LINE
  5
82C
330
1F
100
AcDbEntity
  8
0
  6
Continuous
 62
     7
370
    25
100
AcDbLine
 10
-81.8
 20
232.1666666667
 30
0.0
 11
-81.8
 21
230.8666666667
 31
0.0
  0
LINE
  5
82D
330
1F
100
AcDbEntity
  8
0
  6
Continuous
 62
     7
370
    25
100
AcDbLine
 10
-73.8
 20
232.1666666667
 30
0.0
 11
-81.8
 21
232.1666666667
 31
0.0
  0
LINE
  5
82E
330
1F
100
AcDbEntity
  8
0
  6
Continuous
 62
     7
370
    25
100
AcDbLine
 10
-73.8
 20
235.3666666667
 30
0.0
 11
-73.8
 21
232.1666666667
 31
0.0
  0
LINE
  5
82F
330
1F
100
AcDbEntity
  8
0
  6
Continuous
 62
     7
370
    25
100
AcDbLine
 10
-81.8
 20
235.3666666667
 30
0.0
 11
-73.8
 21
235.3666666667
 31
0.0
  0
LINE
  5
830
330
1F
100
AcDbEntity
  8
0
  6
Continuous
 62
     7
370
    25
100
AcDbLine
 10
-81.8
 20
236.6666666667
 30
0.0
 11
-81.8
 21
235.3666666667
 31
0.0
  0
LINE
  5
831
330
1F
100
AcDbEntity
  8
0
  6
Continuous
 62
     7
370
    25
100
AcDbLine
 10
-85.0
 20
236.6666666667
 30
0.0
 11
-81.8
 21
236.6666666667
 31
0.0
  0
LINE
  5
832
330
1F
100
AcDbEntity
  8
0
  6
Continuous
 62
     7
370
    25
100
AcDbLine
 10
-85.0
 20
235.3666666667
 30
0.0
 11
-85.0
 21
236.6666666667
 31
0.0
  0
LINE
  5
833
330
1F
100
AcDbEntity
  8
0
  6
Continuous
 62
     7
370
    25
100
AcDbLine
 10
-90.0
 20
235.3666666667
 30
0.0
 11
-85.0
 21
235.3666666667
 31
0.0
  0
LINE
  5
834
330
1F
100
AcDbEntity
  8
0
  6
Continuous
 62
     7
370
    25
100
AcDbLine
 10
-90.0
 20
242.1
 30
0.0
 11
-90.0
 21
235.3666666667
 31
0.0
  0
LINE
  5
835
330
1F
100
AcDbEntity
  8
0
  6
Continuous
 62
     7
370
    25
100
AcDbLine
 10
-96.0
 20
242.1
 30
0.0
 11
-90.0
 21
242.1
 31
0.0
  0
LINE
  5
836
330
1F
100
AcDbEntity
  8
0
  6
Continuous
 62
     7
370
    25
100
AcDbLine
 10
-96.0
 20
267.1
 30
0.0
 11
-96.0
 21
242.1
 31
0.0
  0
LINE
  5
837
330
1F
100
AcDbEntity
  8
0
  6
Continuous
 62
     7
370
    25
100
AcDbLine
 10
-90.0
 20
267.1
 30
0.0
 11
-96.0
 21
267.1
 31
0.0
  0
LINE
  5
838
330
1F
100
AcDbEntity
  8
0
  6
Continuous
 62
     7
370
    25
100
AcDbLine
 10
-90.0
 20
282.1
 30
0.0
 11
-90.0
 21
267.1
 31
0.0
  0
LINE
  5
839
330
1F
100
AcDbEntity
  8
0
  6
Continuous
 62
     7
370
    25
100
AcDbLine
 10
90.0
 20
282.1
 30
0.0
 11
-90.0
 21
282.1
 31
0.0
  0
LINE
  5
83A
330
1F
100
AcDbEntity
  8
0
  6
Continuous
 62
     7
370
    25
100
AcDbLine
 10
90.0
 20
267.1
 30
0.0
 11
90.0
 21
282.1
 31
0.0
  0
LINE
  5
83B
330
1F
100
AcDbEntity
  8
0
  6
Continuous
 62
     7
370
    25
100
AcDbLine
 10
96.0
 20
267.1
 30
0.0
 11
90.0
 21
267.1
 31
0.0
  0
LINE
  5
83C
330
1F
100
AcDbEntity
  8
0
  6
Continuous
 62
     7
370
    25
100
AcDbLine
 10
96.0
 20
242.1
 30
0.0
 11
96.0
 21
267.1
 31
0.0
  0
LINE
  5
83D
330
1F
100
AcDbEntity
  8
0
  6
Continuous
 62
     7
370
    25
100
AcDbLine
 10
90.0
 20
242.1
 30
0.0
 11
96.0
 21
242.1
 31
0.0
  0
LINE
  5
83E
330
1F
100
AcDbEntity
  8
0
  6
Continuous
 62
     7
370
    25
100
AcDbLine
 10
90.0
 20
235.3666666667
 30
0.0
 11
90.0
 21
242.1
 31
0.0
  0
LINE
  5
83F
330
1F
100
AcDbEntity
  8
0
  6
Continuous
 62
     7
370
    25
100
AcDbLine
 10
85.0
 20
235.3666666667
 30
0.0
 11
90.0
 21
235.3666666667
 31
0.0
  0
LINE
  5
840
330
1F
100
AcDbEntity
  8
0
  6
Continuous
 62
     7
370
    25
100
AcDbLine
 10
85.0
 20
236.6666666667
 30
0.0
 11
85.0
 21
235.3666666667
 31
0.0
  0
LINE
  5
841
330
1F
100
AcDbEntity
  8
0
  6
Continuous
 62
     7
370
    25
100
AcDbLine
 10
81.8
 20
236.6666666667
 30
0.0
 11
85.0
 21
236.6666666667
 31
0.0
  0
LINE
  5
842
330
1F
100
AcDbEntity
  8
0
  6
Continuous
 62
     7
370
    25
100
AcDbLine
 10
81.8
 20
235.3666666667
 30
0.0
 11
81.8
 21
236.6666666667
 31
0.0
  0
LINE
  5
843
330
1F
100
AcDbEntity
  8
0
  6
Continuous
 62
     7
370
    25
100
AcDbLine
 10
73.8
 20
235.3666666667
 30
0.0
 11
81.8
 21
235.3666666667
 31
0.0
  0
LINE
  5
844
330
1F
100
AcDbEntity
  8
0
  6
Continuous
 62
     7
370
    25
100
AcDbLine
 10
73.8
 20
232.1666666667
 30
0.0
 11
73.8
 21
235.3666666667
 31
0.0
  0
LINE
  5
845
330
1F
100
AcDbEntity
  8
0
  6
Continuous
 62
     7
370
    25
100
AcDbLine
 10
81.8
 20
232.1666666667
 30
0.0
 11
73.8
 21
232.1666666667
 31
0.0
  0
LINE
  5
846
330
1F
100
AcDbEntity
  8
0
  6
Continuous
 62
     7
370
    25
100
AcDbLine
 10
81.8
 20
230.8666666667
 30
0.0
 11
81.8
 21
232.1666666667
 31
0.0
  0
LINE
  5
847
330
1F
100
AcDbEntity
  8
0
  6
Continuous
 62
     7
370
    25
100
AcDbLine
 10
85.0
 20
230.8666666667
 30
0.0
 11
81.8
 21
230.8666666667
 31
0.0
  0
LINE
  5
848
330
1F
100
AcDbEntity
  8
0
  6
Continuous
 62
     7
370
    25
100
AcDbLine
 10
85.0
 20
232.1666666667
 30
0.0
 11
85.0
 21
230.8666666667
 31
0.0
  0
LINE
  5
849
330
1F
100
AcDbEntity
  8
0
  6
Continuous
 62
     7
370
    25
100
AcDbLine
 10
90.0
 20
232.1666666667
 30
0.0
 11
85.0
 21
232.1666666667
 31
0.0
  0
LINE
  5
84A
330
1F
100
AcDbEntity
  8
0
  6
Continuous
 62
     7
370
    25
100
AcDbLine
 10
90.0
 20
225.4333333333
 30
0.0
 11
90.0
 21
232.1666666667
 31
0.0
  0
LINE
  5
84B
330
1F
100
AcDbEntity
  8
0
  6
Continuous
 62
     7
370
    25
100
AcDbLine
 10
96.0
 20
225.4333333333
 30
0.0
 11
90.0
 21
225.4333333333
 31
0.0
  0
LINE
  5
84C
330
1F
100
AcDbEntity
  8
0
  6
Continuous
 62
     7
370
    25
100
AcDbLine
 10
96.0
 20
200.4333333333
 30
0.0
 11
96.0
 21
225.4333333333
 31
0.0
  0
LINE
  5
84D
330
1F
100
AcDbEntity
  8
0
  6
Continuous
 62
     7
370
    25
100
AcDbLine
 10
90.0
 20
200.4333333333
 30
0.0
 11
96.0
 21
200.4333333333
 31
0.0
  0
LINE
  5
84E
330
1F
100
AcDbEntity
  8
0
  6
Continuous
 62
     7
370
    25
100
AcDbLine
 10
90.0
 20
193.7
 30
0.0
 11
90.0
 21
200.4333333333
 31
0.0
  0
LINE
  5
84F
330
1F
100
AcDbEntity
  8
0
  6
Continuous
 62
     7
370
    25
100
AcDbLine
 10
85.0
 20
193.7
 30
0.0
 11
90.0
 21
193.7
 31
0.0
  0
LINE
  5
850
330
1F
100
AcDbEntity
  8
0
  6
Continuous
 62
     7
370
    25
100
AcDbLine
 10
85.0
 20
195.0
 30
0.0
 11
85.0
 21
193.7
 31
0.0
  0
LINE
  5
851
330
1F
100
AcDbEntity
  8
0
  6
Continuous
 62
     7
370
    25
100
AcDbLine
 10
81.8
 20
195.0
 30
0.0
 11
85.0
 21
195.0
 31
0.0
  0
LINE
  5
852
330
1F
100
AcDbEntity
  8
0
  6
Continuous
 62
     7
370
    25
100
AcDbLine
 10
81.8
 20
193.7
 30
0.0
 11
81.8
 21
195.0
 31
0.0
  0
LINE
  5
853
330
1F
100
AcDbEntity
  8
0
  6
Continuous
 62
     7
370
    25
100
AcDbLine
 10
73.8
 20
193.7
 30
0.0
 11
81.8
 21
193.7
 31
0.0
  0
LINE
  5
854
330
1F
100
AcDbEntity
  8
0
  6
Continuous
 62
     7
370
    25
100
AcDbLine
 10
73.8
 20
190.5
 30
0.0
 11
73.8
 21
193.7
 31
0.0
  0
LINE
  5
855
330
1F
100
AcDbEntity
  8
0
  6
Continuous
 62
     7
370
    25
100
AcDbLine
 10
81.8
 20
190.5
 30
0.0
 11
73.8
 21
190.5
 31
0.0
  0
LINE
  5
856
330
1F
100
AcDbEntity
  8
0
  6
Continuous
 62
     7
370
    25
100
AcDbLine
 10
81.8
 20
189.2
 30
0.0
 11
81.8
 21
190.5
 31
0.0
  0
LINE
  5
857
330
1F
100
AcDbEntity
  8
0
  6
Continuous
 62
     7
370
    25
100
AcDbLine
 10
85.0
 20
189.2
 30
0.0
 11
81.8
 21
189.2
 31
0.0
  0
LINE
  5
858
330
1F
100
AcDbEntity
  8
0
  6
Continuous
 62
     7
370
    25
100
AcDbLine
 10
85.0
 20
190.5
 30
0.0
 11
85.0
 21
189.2
 31
0.0
  0
LINE
  5
859
330
1F
100
AcDbEntity
  8
0
  6
Continuous
 62
     7
370
    25
100
AcDbLine
 10
90.0
 20
190.5
 30
0.0
 11
85.0
 21
190.5
 31
0.0
  0
LINE
  5
85A
330
1F
100
AcDbEntity
  8
0
  6
Continuous
 62
     7
370
    25
100
AcDbLine
 10
90.0
 20
183.7666666667
 30
0.0
 11
90.0
 21
190.5
 31
0.0
  0
LINE
  5
85B
330
1F
100
AcDbEntity
  8
0
  6
Continuous
 62
     7
370
    25
100
AcDbLine
 10
96.0
 20
183.7666666667
 30
0.0
 11
90.0
 21
183.7666666667
 31
0.0
  0
LINE
  5
85C
330
1F
100
AcDbEntity
  8
0
  6
Continuous
 62
     7
370
    25
100
AcDbLine
 10
96.0
 20
158.7666666667
 30
0.0
 11
96.0
 21
183.7666666667
 31
0.0
  0
LINE
  5
85D
330
1F
100
AcDbEntity
  8
0
  6
Continuous
 62
     7
370
    25
100
AcDbLine
 10
90.0
 20
158.7666666667
 30
0.0
 11
96.0
 21
158.7666666667
 31
0.0
  0
LINE
  5
85E
330
1F
100
AcDbEntity
  8
0
  6
Continuous
 62
     7
370
    25
100
AcDbLine
 10
90.0
 20
152.0333333333
 30
0.0
 11
90.0
 21
158.7666666667
 31
0.0
  0
LINE
  5
85F
330
1F
100
AcDbEntity
  8
0
  6
Continuous
 62
     7
370
    25
100
AcDbLine
 10
90.0
 20
152.0333333333
 30
0.0
 11
85.0
 21
152.0333333333
 31
0.0
  0
LINE
  5
860
330
1F
100
AcDbEntity
  8
0
  6
Continuous
 62
     7
370
    25
100
AcDbLine
 10
85.0
 20
152.0333333333
 30
0.0
 11
85.0
 21
153.3333333333
 31
0.0
  0
LINE
  5
861
330
1F
100
AcDbEntity
  8
0
  6
Continuous
 62
     7
370
    25
100
AcDbLine
 10
81.8
 20
153.3333333333
 30
0.0
 11
85.0
 21
153.3333333333
 31
0.0
  0
LINE
  5
862
330
1F
100
AcDbEntity
  8
0
  6
Continuous
 62
     7
370
    25
100
AcDbLine
 10
81.8
 20
152.0333333333
 30
0.0
 11
81.8
 21
153.3333333333
 31
0.0
  0
LINE
  5
863
330
1F
100
AcDbEntity
  8
0
  6
Continuous
 62
     7
370
    25
100
AcDbLine
 10
81.8
 20
152.0333333333
 30
0.0
 11
72.0
 21
152.0333333333
 31
0.0
  0
LINE
  5
864
330
1F
100
AcDbEntity
  8
0
  6
Continuous
 62
     7
370
    25
100
AcDbLine
 10
72.0
 20
148.8333333333
 30
0.0
 11
72.0
 21
152.0333333333
 31
0.0
  0
LINE
  5
865
330
1F
100
AcDbEntity
  8
0
  6
Continuous
 62
     7
370
    25
100
AcDbLine
 10
81.8
 20
148.8333333333
 30
0.0
 11
72.0
 21
148.8333333333
 31
0.0
  0
LINE
  5
866
330
1F
100
AcDbEntity
  8
0
  6
Continuous
 62
     7
370
    25
100
AcDbLine
 10
81.8
 20
147.5333333333
 30
0.0
 11
81.8
 21
148.8333333333
 31
0.0
  0
LINE
  5
867
330
1F
100
AcDbEntity
  8
0
  6
Continuous
 62
     7
370
    25
100
AcDbLine
 10
81.8
 20
147.5333333333
 30
0.0
 11
85.0
 21
147.5333333333
 31
0.0
  0
LINE
  5
868
330
1F
100
AcDbEntity
  8
0
  6
Continuous
 62
     7
370
    25
100
AcDbLine
 10
85.0
 20
147.5333333333
 30
0.0
 11
85.0
 21
148.8333333333
 31
0.0
  0
LINE
  5
869
330
1F
100
AcDbEntity
  8
0
  6
Continuous
 62
     7
370
    25
100
AcDbLine
 10
90.0
 20
148.8333333333
 30
0.0
 11
85.0
 21
148.8333333333
 31
0.0
  0
LINE
  5
86A
330
1F
100
AcDbEntity
  8
0
  6
Continuous
 62
     7
370
    25
100
AcDbLine
 10
90.0
 20
142.1
 30
0.0
 11
90.0
 21
148.8333333333
 31
0.0
  0
LINE
  5
86B
330
1F
100
AcDbEntity
  8
0
  6
Continuous
 62
     7
370
    25
100
AcDbLine
 10
96.0
 20
142.1
 30
0.0
 11
90.0
 21
142.1
 31
0.0
  0
LINE
  5
86C
330
1F
100
AcDbEntity
  8
0
  6
Continuous
 62
     7
370
    25
100
AcDbLine
 10
96.0
 20
117.1
 30
0.0
 11
96.0
 21
142.1
 31
0.0
  0
LINE
  5
86D
330
1F
100
AcDbEntity
  8
0
  6
Continuous
 62
     7
370
    25
100
AcDbLine
 10
90.0
 20
117.1
 30
0.0
 11
96.0
 21
117.1
 31
0.0
  0
LINE
  5
86E
330
1F
100
AcDbEntity
  8
0
  6
Continuous
 62
     7
370
    25
100
AcDbLine
 10
90.0
 20
102.1
 30
0.0
 11
90.0
 21
117.1
 31
0.0
  0
LINE
  5
86F
330
1F
100
AcDbEntity
  8
0
  6
Continuous
 62
     7
370
    25
100
AcDbLine
 10
75.0
 20
102.1
 30
0.0
 11
90.0
 21
102.1
 31
0.0
  0
LINE
  5
870
330
1F
100
AcDbEntity
  8
0
  6
Continuous
 62
     7
370
    25
100
AcDbLine
 10
75.0
 20
96.1
 30
0.0
 11
75.0
 21
102.1
 31
0.0
  0
LINE
  5
871
330
1F
100
AcDbEntity
  8
0
  6
Continuous
 62
     7
370
    25
100
AcDbLine
 10
50.0
 20
96.1
 30
0.0
 11
75.0
 21
96.1
 31
0.0
  0
LINE
  5
872
330
1F
100
AcDbEntity
  8
0
  6
Continuous
 62
     7
370
    25
100
AcDbLine
 10
50.0
 20
102.1
 30
0.0
 11
50.0
 21
96.1
 31
0.0
  0
LINE
  5
873
330
1F
100
AcDbEntity
  8
0
  6
Continuous
 62
     7
370
    25
100
AcDbLine
 10
43.2666666667
 20
102.1
 30
0.0
 11
50.0
 21
102.1
 31
0.0
  0
LINE
  5
874
330
1F
100
AcDbEntity
  8
0
  6
Continuous
 62
     7
370
    25
100
AcDbLine
 10
43.2666666667
 20
107.1
 30
0.0
 11
43.2666666667
 21
102.1
 31
0.0
  0
LINE
  5
875
330
1F
100
AcDbEntity
  8
0
  6
Continuous
 62
     7
370
    25
100
AcDbLine
 10
44.5666666667
 20
107.1
 30
0.0
 11
43.2666666667
 21
107.1
 31
0.0
  0
LINE
  5
876
330
1F
100
AcDbEntity
  8
0
  6
Continuous
 62
     7
370
    25
100
AcDbLine
 10
44.5666666667
 20
110.3
 30
0.0
 11
44.5666666667
 21
107.1
 31
0.0
  0
LINE
  5
877
330
1F
100
AcDbEntity
  8
0
  6
Continuous
 62
     7
370
    25
100
AcDbLine
 10
43.2666666667
 20
110.3
 30
0.0
 11
44.5666666667
 21
110.3
 31
0.0
  0
LINE
  5
878
330
1F
100
AcDbEntity
  8
0
  6
Continuous
 62
     7
370
    25
100
AcDbLine
 10
43.2666666667
 20
117.1
 30
0.0
 11
43.2666666667
 21
110.3
 31
0.0
  0
LINE
  5
879
330
1F
100
AcDbEntity
  8
0
  6
Continuous
 62
     7
370
    25
100
AcDbLine
 10
40.0666666667
 20
117.1
 30
0.0
 11
43.2666666667
 21
117.1
 31
0.0
  0
LINE
  5
87A
330
1F
100
AcDbEntity
  8
0
  6
Continuous
 62
     7
370
    25
100
AcDbLine
 10
40.0666666667
 20
110.3
 30
0.0
 11
40.0666666667
 21
117.1
 31
0.0
  0
LINE
  5
87B
330
1F
100
AcDbEntity
  8
0
  6
Continuous
 62
     7
370
    25
100
AcDbLine
 10
38.7666666667
 20
110.3
 30
0.0
 11
40.0666666667
 21
110.3
 31
0.0
  0
LINE
  5
87C
330
1F
100
AcDbEntity
  8
0
  6
Continuous
 62
     7
370
    25
100
AcDbLine
 10
38.7666666667
 20
107.1
 30
0.0
 11
38.7666666667
 21
110.3
 31
0.0
  0
LINE
  5
87D
330
1F
100
AcDbEntity
  8
0
  6
Continuous
 62
     7
370
    25
100
AcDbLine
 10
40.0666666667
 20
107.1
 30
0.0
 11
38.7666666667
 21
107.1
 31
0.0
  0
LINE
  5
87E
330
1F
100
AcDbEntity
  8
0
  6
Continuous
 62
     7
370
    25
100
AcDbLine
 10
40.0666666667
 20
102.1
 30
0.0
 11
40.0666666667
 21
107.1
 31
0.0
  0
LINE
  5
87F
330
1F
100
AcDbEntity
  8
0
  6
Continuous
 62
     7
370
    25
100
AcDbLine
 10
33.3333333333
 20
102.1
 30
0.0
 11
40.0666666667
 21
102.1
 31
0.0
  0
LINE
  5
880
330
1F
100
AcDbEntity
  8
0
  6
Continuous
 62
     7
370
    25
100
AcDbLine
 10
33.3333333333
 20
96.1
 30
0.0
 11
33.3333333333
 21
102.1
 31
0.0
  0
LINE
  5
881
330
1F
100
AcDbEntity
  8
0
  6
Continuous
 62
     7
370
    25
100
AcDbLine
 10
8.3333333333
 20
96.1
 30
0.0
 11
33.3333333333
 21
96.1
 31
0.0
  0
LINE
  5
882
330
1F
100
AcDbEntity
  8
0
  6
Continuous
 62
     7
370
    25
100
AcDbLine
 10
8.3333333333
 20
102.1
 30
0.0
 11
8.3333333333
 21
96.1
 31
0.0
  0
LINE
  5
883
330
1F
100
AcDbEntity
  8
0
  6
Continuous
 62
     7
370
    25
100
AcDbLine
 10
1.6
 20
102.1
 30
0.0
 11
8.3333333333
 21
102.1
 31
0.0
  0
LINE
  5
884
330
1F
100
AcDbEntity
  8
0
  6
Continuous
 62
     7
370
    25
100
AcDbLine
 10
1.6
 20
107.1
 30
0.0
 11
1.6
 21
102.1
 31
0.0
  0
LINE
  5
885
330
1F
100
AcDbEntity
  8
0
  6
Continuous
 62
     7
370
    25
100
AcDbLine
 10
2.9
 20
107.1
 30
0.0
 11
1.6
 21
107.1
 31
0.0
  0
LINE
  5
886
330
1F
100
AcDbEntity
  8
0
  6
Continuous
 62
     7
370
    25
100
AcDbLine
 10
2.9
 20
110.3
 30
0.0
 11
2.9
 21
107.1
 31
0.0
  0
LINE
  5
887
330
1F
100
AcDbEntity
  8
0
  6
Continuous
 62
     7
370
    25
100
AcDbLine
 10
1.6
 20
110.3
 30
0.0
 11
2.9
 21
110.3
 31
0.0
  0
LINE
  5
888
330
1F
100
AcDbEntity
  8
0
  6
Continuous
 62
     7
370
    25
100
AcDbLine
 10
1.6
 20
117.1
 30
0.0
 11
1.6
 21
110.3
 31
0.0
  0
LINE
  5
889
330
1F
100
AcDbEntity
  8
0
  6
Continuous
 62
     7
370
    25
100
AcDbLine
 10
-1.6
 20
117.1
 30
0.0
 11
1.6
 21
117.1
 31
0.0
  0
LINE
  5
88A
330
1F
100
AcDbEntity
  8
0
  6
Continuous
 62
     7
370
    25
100
AcDbLine
 10
-1.6
 20
110.3
 30
0.0
 11
-1.6
 21
117.1
 31
0.0
  0
LINE
  5
88B
330
1F
100
AcDbEntity
  8
0
  6
Continuous
 62
     7
370
    25
100
AcDbLine
 10
-2.9
 20
110.3
 30
0.0
 11
-1.6
 21
110.3
 31
0.0
  0
LINE
  5
88C
330
1F
100
AcDbEntity
  8
0
  6
Continuous
 62
     7
370
    25
100
AcDbLine
 10
-2.9
 20
107.1
 30
0.0
 11
-2.9
 21
110.3
 31
0.0
  0
LINE
  5
88D
330
1F
100
AcDbEntity
  8
0
  6
Continuous
 62
     7
370
    25
100
AcDbLine
 10
-1.6
 20
107.1
 30
0.0
 11
-2.9
 21
107.1
 31
0.0
  0
LINE
  5
88E
330
1F
100
AcDbEntity
  8
0
  6
Continuous
 62
     7
370
    25
100
AcDbLine
 10
-1.6
 20
102.1
 30
0.0
 11
-1.6
 21
107.1
 31
0.0
  0
LINE
  5
88F
330
1F
100
AcDbEntity
  8
0
  6
Continuous
 62
     7
370
    25
100
AcDbLine
 10
-8.3333333333
 20
102.1
 30
0.0
 11
-1.6
 21
102.1
 31
0.0
  0
LINE
  5
890
330
1F
100
AcDbEntity
  8
0
  6
Continuous
 62
     7
370
    25
100
AcDbLine
 10
-8.3333333333
 20
96.1
 30
0.0
 11
-8.3333333333
 21
102.1
 31
0.0
  0
LINE
  5
891
330
1F
100
AcDbEntity
  8
0
  6
Continuous
 62
     7
370
    25
100
AcDbLine
 10
-33.3333333333
 20
96.1
 30
0.0
 11
-8.3333333333
 21
96.1
 31
0.0
  0
LINE
  5
892
330
1F
100
AcDbEntity
  8
0
  6
Continuous
 62
     7
370
    25
100
AcDbLine
 10
-33.3333333333
 20
102.1
 30
0.0
 11
-33.3333333333
 21
96.1
 31
0.0
  0
LINE
  5
893
330
1F
100
AcDbEntity
  8
0
  6
Continuous
 62
     7
370
    25
100
AcDbLine
 10
-40.0666666667
 20
102.1
 30
0.0
 11
-33.3333333333
 21
102.1
 31
0.0
  0
LINE
  5
894
330
1F
100
AcDbEntity
  8
0
  6
Continuous
 62
     7
370
    25
100
AcDbLine
 10
-40.0666666667
 20
107.1
 30
0.0
 11
-40.0666666667
 21
102.1
 31
0.0
  0
LINE
  5
895
330
1F
100
AcDbEntity
  8
0
  6
Continuous
 62
     7
370
    25
100
AcDbLine
 10
-38.7666666667
 20
107.1
 30
0.0
 11
-40.0666666667
 21
107.1
 31
0.0
  0
LINE
  5
896
330
1F
100
AcDbEntity
  8
0
  6
Continuous
 62
     7
370
    25
100
AcDbLine
 10
-38.7666666667
 20
110.3
 30
0.0
 11
-38.7666666667
 21
107.1
 31
0.0
  0
LINE
  5
897
330
1F
100
AcDbEntity
  8
0
  6
Continuous
 62
     7
370
    25
100
AcDbLine
 10
-40.0666666667
 20
110.3
 30
0.0
 11
-38.7666666667
 21
110.3
 31
0.0
  0
LINE
  5
898
330
1F
100
AcDbEntity
  8
0
  6
Continuous
 62
     7
370
    25
100
AcDbLine
 10
-40.0666666667
 20
117.1
 30
0.0
 11
-40.0666666667
 21
110.3
 31
0.0
  0
LINE
  5
899
330
1F
100
AcDbEntity
  8
0
  6
Continuous
 62
     7
370
    25
100
AcDbLine
 10
-43.2666666667
 20
117.1
 30
0.0
 11
-40.0666666667
 21
117.1
 31
0.0
  0
LINE
  5
89A
330
1F
100
AcDbEntity
  8
0
  6
Continuous
 62
     7
370
    25
100
AcDbLine
 10
-43.2666666667
 20
110.3
 30
0.0
 11
-43.2666666667
 21
117.1
 31
0.0
  0
LINE
  5
89B
330
1F
100
AcDbEntity
  8
0
  6
Continuous
 62
     7
370
    25
100
AcDbLine
 10
-44.5666666667
 20
110.3
 30
0.0
 11
-43.2666666667
 21
110.3
 31
0.0
  0
LINE
  5
89C
330
1F
100
AcDbEntity
  8
0
  6
Continuous
 62
     7
370
    25
100
AcDbLine
 10
-44.5666666667
 20
107.1
 30
0.0
 11
-44.5666666667
 21
110.3
 31
0.0
  0
LINE
  5
89D
330
1F
100
AcDbEntity
  8
0
  6
Continuous
 62
     7
370
    25
100
AcDbLine
 10
-43.2666666667
 20
107.1
 30
0.0
 11
-44.5666666667
 21
107.1
 31
0.0
  0
LINE
  5
89E
330
1F
100
AcDbEntity
  8
0
  6
Continuous
 62
     7
370
    25
100
AcDbLine
 10
-43.2666666667
 20
102.1
 30
0.0
 11
-43.2666666667
 21
107.1
 31
0.0
  0
LINE
  5
89F
330
1F
100
AcDbEntity
  8
0
  6
Continuous
 62
     7
370
    25
100
AcDbLine
 10
-50.0
 20
102.1
 30
0.0
 11
-43.2666666667
 21
102.1
 31
0.0
  0
LINE
  5
8A0
330
1F
100
AcDbEntity
  8
0
  6
Continuous
 62
     7
370
    25
100
AcDbLine
 10
-50.0
 20
96.1
 30
0.0
 11
-50.0
 21
102.1
 31
0.0
  0
LINE
  5
8A1
330
1F
100
AcDbEntity
  8
0
  6
Continuous
 62
     7
370
    25
100
AcDbLine
 10
-75.0
 20
96.1
 30
0.0
 11
-50.0
 21
96.1
 31
0.0
  0
LINE
  5
8A2
330
1F
100
AcDbEntity
  8
0
  6
Continuous
 62
     7
370
    25
100
AcDbLine
 10
-75.0
 20
102.1
 30
0.0
 11
-75.0
 21
96.1
 31
0.0
  0
LINE
  5
8A3
330
1F
100
AcDbEntity
  8
0
  6
Continuous
 62
     7
370
    25
100
AcDbLine
 10
-90.0
 20
102.1
 30
0.0
 11
-75.0
 21
102.1
 31
0.0
  0
LINE
  5
8A4
330
1F
100
AcDbEntity
  8
0
  6
Continuous
 62
     7
370
    25
100
AcDbLine
 10
-90.0
 20
117.1
 30
0.0
 11
-90.0
 21
102.1
 31
0.0
  0
LINE
  5
8A5
330
1F
100
AcDbEntity
  8
0
  6
Continuous
 62
     7
370
    25
100
AcDbLine
 10
-96.0
 20
117.1
 30
0.0
 11
-90.0
 21
117.1
 31
0.0
  0
LINE
  5
8A6
330
1F
100
AcDbEntity
  8
0
  6
Continuous
 62
     7
370
    25
100
AcDbLine
 10
-11.4
 20
158.2333333333
 30
0.0
 11
-5.2
 21
158.2333333333
 31
0.0
  0
LINE
  5
8A7
330
1F
100
AcDbEntity
  8
0
  6
Continuous
 62
     7
370
    25
100
AcDbLine
 10
-11.4
 20
152.0333333333
 30
0.0
 11
-11.4
 21
158.2333333333
 31
0.0
  0
LINE
  5
8A8
330
1F
100
AcDbEntity
  8
0
  6
Continuous
 62
     7
370
    25
100
AcDbLine
 10
-11.4
 20
152.0333333333
 30
0.0
 11
-5.2
 21
152.0333333333
 31
0.0
  0
LINE
  5
8A9
330
1F
100
AcDbEntity
  8
0
  6
Continuous
 62
     7
370
    25
100
AcDbLine
 10
11.4
 20
158.2333333333
 30
0.0
 11
5.2
 21
158.2333333333
 31
0.0
  0
LINE
  5
8AA
330
1F
100
AcDbEntity
  8
0
  6
Continuous
 62
     7
370
    25
100
AcDbLine
 10
5.2
 20
152.0333333333
 30
0.0
 11
5.2
 21
158.2333333333
 31
0.0
  0
LINE
  5
8AB
330
1F
100
AcDbEntity
  8
0
  6
Continuous
 62
     7
370
    25
100
AcDbLine
 10
11.4
 20
152.0333333333
 30
0.0
 11
5.2
 21
152.0333333333
 31
0.0
  0
LINE
  5
8AC
330
1F
100
AcDbEntity
  8
0
  6
Continuous
 62
     7
370
    25
100
AcDbLine
 10
-65.8
 20
186.9
 30
0.0
 11
-59.6
 21
186.9
 31
0.0
  0
LINE
  5
8AD
330
1F
100
AcDbEntity
  8
0
  6
Continuous
 62
     7
370
    25
100
AcDbLine
 10
-65.8
 20
180.7
 30
0.0
 11
-65.8
 21
186.9
 31
0.0
  0
LINE
  5
8AE
330
1F
100
AcDbEntity
  8
0
  6
Continuous
 62
     7
370
    25
100
AcDbLine
 10
-65.8
 20
180.7
 30
0.0
 11
-59.6
 21
180.7
 31
0.0
  0
LINE
  5
8AF
330
1F
100
AcDbEntity
  8
0
  6
Continuous
 62
     7
370
    25
100
AcDbLine
 10
-65.8
 20
203.5
 30
0.0
 11
-59.6
 21
203.5
 31
0.0
  0
LINE
  5
8B0
330
1F
100
AcDbEntity
  8
0
  6
Continuous
 62
     7
370
    25
100
AcDbLine
 10
-65.8
 20
197.3
 30
0.0
 11
-65.8
 21
203.5
 31
0.0
  0
LINE
  5
8B1
330
1F
100
AcDbEntity
  8
0
  6
Continuous
 62
     7
370
    25
100
AcDbLine
 10
-65.8
 20
197.3
 30
0.0
 11
-59.6
 21
197.3
 31
0.0
  0
LINE
  5
8B2
330
1F
100
AcDbEntity
  8
0
  6
Continuous
 62
     7
370
    25
100
AcDbLine
 10
-96.0
 20
142.1
 30
0.0
 11
-96.0
 21
117.1
 31
0.0
  0
LINE
  5
8B3
330
1F
100
AcDbEntity
  8
0
  6
Continuous
 62
     7
370
    25
100
AcDbLine
 10
-5.2
 20
232.1666666667
 30
0.0
 11
-5.2
 21
225.9666666667
 31
0.0
  0
LINE
  5
8B4
330
1F
100
AcDbEntity
  8
0
  6
Continuous
 62
     7
370
    25
100
AcDbLine
 10
11.4
 20
225.9666666667
 30
0.0
 11
5.2
 21
225.9666666667
 31
0.0
  0
LINE
  5
8B5
330
1F
100
AcDbEntity
  8
0
  6
Continuous
 62
     7
370
    25
100
AcDbLine
 10
59.6
 20
197.3
 30
0.0
 11
59.6
 21
203.5
 31
0.0
  0
LINE
  5
8B6
330
1F
100
AcDbEntity
  8
0
  6
Continuous
 62
     7
370
    25
100
AcDbLine
 10
40.0
 20
162.1
 30
0.0
 11
-40.0
 21
162.1
 31
0.0
  0
LINE
  5
8B7
330
1F
100
AcDbEntity
  8
0
  6
Continuous
 62
     7
370
    25
100
AcDbLine
 10
65.8
 20
180.7
 30
0.0
 11
65.8
 21
186.9
 31
0.0
  0
LINE
  5
8B8
330
1F
100
AcDbEntity
  8
0
  6
Continuous
 62
     7
370
    25
100
AcDbLine
 10
11.4
 20
152.0333333333
 30
0.0
 11
11.4
 21
158.2333333333
 31
0.0
  0
LINE
  5
8B9
330
1F
100
AcDbEntity
  8
0
  6
Continuous
 62
     7
370
    25
100
AcDbLine
 10
65.8
 20
180.7
 30
0.0
 11
59.6
 21
180.7
 31
0.0
  0
LINE
  5
8BA
330
1F
100
AcDbEntity
  8
0
  6
Continuous
 62
     7
370
    25
100
AcDbLine
 10
-11.4
 20
232.1666666667
 30
0.0
 11
-11.4
 21
225.9666666667
 31
0.0
  0
LINE
  5
8BB
330
1F
100
AcDbEntity
  8
0
  6
Continuous
 62
     7
370
    25
100
AcDbLine
 10
-11.4
 20
225.9666666667
 30
0.0
 11
-5.2
 21
225.9666666667
 31
0.0
  0
LINE
  5
8BC
330
1F
100
AcDbEntity
  8
0
  6
Continuous
 62
     7
370
    25
100
AcDbLine
 10
11.4
 20
232.1666666667
 30
0.0
 11
11.4
 21
225.9666666667
 31
0.0
  0
LINE
  5
8BD
330
1F
100
AcDbEntity
  8
0
  6
Continuous
 62
     7
370
    25
100
AcDbLine
 10
-59.6
 20
197.3
 30
0.0
 11
-59.6
 21
203.5
 31
0.0
  0
LINE
  5
8BE
330
1F
100
AcDbEntity
  8
0
  6
Continuous
 62
     7
370
    25
100
AcDbLine
 10
-59.6
 20
180.7
 30
0.0
 11
-59.6
 21
186.9
 31
0.0
  0
LINE
  5
8BF
330
1F
100
AcDbEntity
  8
0
  6
Continuous
 62
     7
370
    25
100
AcDbLine
 10
-5.2
 20
152.0333333333
 30
0.0
 11
-5.2
 21
158.2333333333
 31
0.0
  0
LINE
  5
8C0
330
1F
100
AcDbEntity
  8
0
  6
Continuous
 62
     7
370
    25
100
AcDbLine
 10
-11.4
 20
232.1666666667
 30
0.0
 11
-5.2
 21
232.1666666667
 31
0.0
  0
LINE
  5
8C1
330
1F
100
AcDbEntity
  8
0
  6
Continuous
 62
     7
370
    25
100
AcDbLine
 10
11.4
 20
232.1666666667
 30
0.0
 11
5.2
 21
232.1666666667
 31
0.0
  0
LINE
  5
8C2
330
1F
100
AcDbEntity
  8
0
  6
Continuous
 62
     7
370
    25
100
AcDbLine
 10
5.2
 20
232.1666666667
 30
0.0
 11
5.2
 21
225.9666666667
 31
0.0
  0
LINE
  5
8C3
330
1F
100
AcDbEntity
  8
0
  6
Continuous
 62
     7
370
    25
100
AcDbLine
 10
65.8
 20
203.5
 30
0.0
 11
59.6
 21
203.5
 31
0.0
  0
LINE
  5
8C4
330
1F
100
AcDbEntity
  8
0
  6
Continuous
 62
     7
370
    25
100
AcDbLine
 10
59.6
 20
180.7
 30
0.0
 11
59.6
 21
186.9
 31
0.0
  0
LINE
  5
8C5
330
1F
100
AcDbEntity
  8
0
  6
Continuous
 62
     7
370
    25
100
AcDbLine
 10
65.8
 20
197.3
 30
0.0
 11
59.6
 21
197.3
 31
0.0
  0
LINE
  5
8C6
330
1F
100
AcDbEntity
  8
0
  6
Continuous
 62
     7
370
    25
100
AcDbLine
 10
40.0
 20
222.1
 30
0.0
 11
40.0
 21
162.1
 31
0.0
  0
LINE
  5
8C7
330
1F
100
AcDbEntity
  8
0
  6
Continuous
 62
     7
370
    25
100
AcDbLine
 10
-40.0
 20
222.1
 30
0.0
 11
-40.0
 21
162.1
 31
0.0
  0
LINE
  5
8C8
330
1F
100
AcDbEntity
  8
0
  6
Continuous
 62
     7
370
    25
100
AcDbLine
 10
65.8
 20
197.3
 30
0.0
 11
65.8
 21
203.5
 31
0.0
  0
LINE
  5
8C9
330
1F
100
AcDbEntity
  8
0
  6
Continuous
 62
     7
370
    25
100
AcDbLine
 10
40.0
 20
222.1
 30
0.0
 11
-40.0
 21
222.1
 31
0.0
  0
LINE
  5
8CA
330
1F
100
AcDbEntity
  8
0
  6
Continuous
 62
     7
370
    25
100
AcDbLine
 10
65.8
 20
186.9
 30
0.0
 11
59.6
 21
186.9
 31
0.0
  0
LINE
  5
8CB
330
1F
100
AcDbEntity
  8
0
  6
Continuous
 62
     7
370
    25
100
AcDbLine
 10
76.8
 20
9.0
 30
0.0
 11
76.8
 21
15.0
 31
0.0
  0
LINE
  5
8CC
330
1F
100
AcDbEntity
  8
0
  6
Continuous
 62
     7
370
    25
100
AcDbLine
 10
70.8
 20
9.0
 30
0.0
 11
76.8
 21
9.0
 31
0.0
  0
LINE
  5
8CD
330
1F
100
AcDbEntity
  8
0
  6
Continuous
 62
     7
370
    25
100
AcDbLine
 10
70.8
 20
15.0
 30
0.0
 11
70.8
 21
9.0
 31
0.0
  0
LINE
  5
8CE
330
1F
100
AcDbEntity
  8
0
  6
Continuous
 62
     7
370
    25
100
AcDbLine
 10
67.1
 20
15.0
 30
0.0
 11
70.8
 21
15.0
 31
0.0
  0
LINE
  5
8CF
330
1F
100
AcDbEntity
  8
0
  6
Continuous
 62
     7
370
    25
100
AcDbLine
 10
67.1
 20
18.0
 30
0.0
 11
67.1
 21
15.0
 31
0.0
  0
LINE
  5
8D0
330
1F
100
AcDbEntity
  8
0
  6
Continuous
 62
     7
370
    25
100
AcDbLine
 10
68.4
 20
18.0
 30
0.0
 11
67.1
 21
18.0
 31
0.0
  0
LINE
  5
8D1
330
1F
100
AcDbEntity
  8
0
  6
Continuous
 62
     7
370
    25
100
AcDbLine
 10
68.4
 20
21.2
 30
0.0
 11
68.4
 21
18.0
 31
0.0
  0
LINE
  5
8D2
330
1F
100
AcDbEntity
  8
0
  6
Continuous
 62
     7
370
    25
100
AcDbLine
 10
67.1
 20
21.2
 30
0.0
 11
68.4
 21
21.2
 31
0.0
  0
LINE
  5
8D3
330
1F
100
AcDbEntity
  8
0
  6
Continuous
 62
     7
370
    25
100
AcDbLine
 10
67.1
 20
27.0
 30
0.0
 11
67.1
 21
21.2
 31
0.0
  0
LINE
  5
8D4
330
1F
100
AcDbEntity
  8
0
  6
Continuous
 62
     7
370
    25
100
AcDbLine
 10
63.9
 20
27.0
 30
0.0
 11
67.1
 21
27.0
 31
0.0
  0
LINE
  5
8D5
330
1F
100
AcDbEntity
  8
0
  6
Continuous
 62
     7
370
    25
100
AcDbLine
 10
63.9
 20
21.2
 30
0.0
 11
63.9
 21
27.0
 31
0.0
  0
LINE
  5
8D6
330
1F
100
AcDbEntity
  8
0
  6
Continuous
 62
     7
370
    25
100
AcDbLine
 10
62.6
 20
21.2
 30
0.0
 11
63.9
 21
21.2
 31
0.0
  0
LINE
  5
8D7
330
1F
100
AcDbEntity
  8
0
  6
Continuous
 62
     7
370
    25
100
AcDbLine
 10
62.6
 20
18.0
 30
0.0
 11
62.6
 21
21.2
 31
0.0
  0
LINE
  5
8D8
330
1F
100
AcDbEntity
  8
0
  6
Continuous
 62
     7
370
    25
100
AcDbLine
 10
63.9
 20
18.0
 30
0.0
 11
62.6
 21
18.0
 31
0.0
  0
LINE
  5
8D9
330
1F
100
AcDbEntity
  8
0
  6
Continuous
 62
     7
370
    25
100
AcDbLine
 10
63.9
 20
15.0
 30
0.0
 11
63.9
 21
18.0
 31
0.0
  0
LINE
  5
8DA
330
1F
100
AcDbEntity
  8
0
  6
Continuous
 62
     7
370
    25
100
AcDbLine
 10
60.2
 20
15.0
 30
0.0
 11
63.9
 21
15.0
 31
0.0
  0
LINE
  5
8DB
330
1F
100
AcDbEntity
  8
0
  6
Continuous
 62
     7
370
    25
100
AcDbLine
 10
60.2
 20
9.0
 30
0.0
 11
60.2
 21
15.0
 31
0.0
  0
LINE
  5
8DC
330
1F
100
AcDbEntity
  8
0
  6
Continuous
 62
     7
370
    25
100
AcDbLine
 10
54.2
 20
9.0
 30
0.0
 11
60.2
 21
9.0
 31
0.0
  0
LINE
  5
8DD
330
1F
100
AcDbEntity
  8
0
  6
Continuous
 62
     7
370
    25
100
AcDbLine
 10
54.2
 20
15.0
 30
0.0
 11
54.2
 21
9.0
 31
0.0
  0
LINE
  5
8DE
330
1F
100
AcDbEntity
  8
0
  6
Continuous
 62
     7
370
    25
100
AcDbLine
 10
50.5
 20
15.0
 30
0.0
 11
54.2
 21
15.0
 31
0.0
  0
LINE
  5
8DF
330
1F
100
AcDbEntity
  8
0
  6
Continuous
 62
     7
370
    25
100
AcDbLine
 10
50.5
 20
65.0
 30
0.0
 11
50.5
 21
15.0
 31
0.0
  0
LINE
  5
8E0
330
1F
100
AcDbEntity
  8
0
  6
Continuous
 62
     7
370
    25
100
AcDbLine
 10
54.2
 20
65.0
 30
0.0
 11
50.5
 21
65.0
 31
0.0
  0
LINE
  5
8E1
330
1F
100
AcDbEntity
  8
0
  6
Continuous
 62
     7
370
    25
100
AcDbLine
 10
63.9
 20
65.0
 30
0.0
 11
60.2
 21
65.0
 31
0.0
  0
LINE
  5
8E2
330
1F
100
AcDbEntity
  8
0
  6
Continuous
 62
     7
370
    25
100
AcDbLine
 10
63.9
 20
62.0
 30
0.0
 11
63.9
 21
65.0
 31
0.0
  0
LINE
  5
8E3
330
1F
100
AcDbEntity
  8
0
  6
Continuous
 62
     7
370
    25
100
AcDbLine
 10
62.6
 20
62.0
 30
0.0
 11
63.9
 21
62.0
 31
0.0
  0
LINE
  5
8E4
330
1F
100
AcDbEntity
  8
0
  6
Continuous
 62
     7
370
    25
100
AcDbLine
 10
62.6
 20
58.8
 30
0.0
 11
62.6
 21
62.0
 31
0.0
  0
LINE
  5
8E5
330
1F
100
AcDbEntity
  8
0
  6
Continuous
 62
     7
370
    25
100
AcDbLine
 10
63.9
 20
58.8
 30
0.0
 11
62.6
 21
58.8
 31
0.0
  0
LINE
  5
8E6
330
1F
100
AcDbEntity
  8
0
  6
Continuous
 62
     7
370
    25
100
AcDbLine
 10
63.9
 20
53.0
 30
0.0
 11
63.9
 21
58.8
 31
0.0
  0
LINE
  5
8E7
330
1F
100
AcDbEntity
  8
0
  6
Continuous
 62
     7
370
    25
100
AcDbLine
 10
67.1
 20
53.0
 30
0.0
 11
63.9
 21
53.0
 31
0.0
  0
LINE
  5
8E8
330
1F
100
AcDbEntity
  8
0
  6
Continuous
 62
     7
370
    25
100
AcDbLine
 10
67.1
 20
58.8
 30
0.0
 11
67.1
 21
53.0
 31
0.0
  0
LINE
  5
8E9
330
1F
100
AcDbEntity
  8
0
  6
Continuous
 62
     7
370
    25
100
AcDbLine
 10
68.4
 20
58.8
 30
0.0
 11
67.1
 21
58.8
 31
0.0
  0
LINE
  5
8EA
330
1F
100
AcDbEntity
  8
0
  6
Continuous
 62
     7
370
    25
100
AcDbLine
 10
68.4
 20
62.0
 30
0.0
 11
68.4
 21
58.8
 31
0.0
  0
LINE
  5
8EB
330
1F
100
AcDbEntity
  8
0
  6
Continuous
 62
     7
370
    25
100
AcDbLine
 10
67.1
 20
62.0
 30
0.0
 11
68.4
 21
62.0
 31
0.0
  0
LINE
  5
8EC
330
1F
100
AcDbEntity
  8
0
  6
Continuous
 62
     7
370
    25
100
AcDbLine
 10
67.1
 20
65.0
 30
0.0
 11
67.1
 21
62.0
 31
0.0
  0
LINE
  5
8ED
330
1F
100
AcDbEntity
  8
0
  6
Continuous
 62
     7
370
    25
100
AcDbLine
 10
70.8
 20
65.0
 30
0.0
 11
67.1
 21
65.0
 31
0.0
  0
LINE
  5
8EE
330
1F
100
AcDbEntity
  8
0
  6
Continuous
 62
     7
370
    25
100
AcDbLine
 10
70.8
 20
71.0
 30
0.0
 11
70.8
 21
65.0
 31
0.0
  0
LINE
  5
8EF
330
1F
100
AcDbEntity
  8
0
  6
Continuous
 62
     7
370
    25
100
AcDbLine
 10
80.5
 20
65.0
 30
0.0
 11
76.8
 21
65.0
 31
0.0
  0
LINE
  5
8F0
330
1F
100
AcDbEntity
  8
0
  6
Continuous
 62
     7
370
    25
100
AcDbLine
 10
80.5
 20
15.0
 30
0.0
 11
80.5
 21
65.0
 31
0.0
  0
LINE
  5
8F1
330
1F
100
AcDbEntity
  8
0
  6
Continuous
 62
     7
370
    25
100
AcDbLine
 10
76.8
 20
15.0
 30
0.0
 11
80.5
 21
15.0
 31
0.0
  0
LINE
  5
8F2
330
1F
100
AcDbEntity
  8
0
  6
Continuous
 62
     7
370
    25
100
AcDbLine
 10
76.8
 20
65.0
 30
0.0
 11
76.8
 21
71.0
 31
0.0
  0
LINE
  5
8F3
330
1F
100
AcDbEntity
  8
0
  6
Continuous
 62
     7
370
    25
100
AcDbLine
 10
54.2
 20
71.0
 30
0.0
 11
54.2
 21
65.0
 31
0.0
  0
LINE
  5
8F4
330
1F
100
AcDbEntity
  8
0
  6
Continuous
 62
     7
370
    25
100
AcDbLine
 10
60.2
 20
71.0
 30
0.0
 11
54.2
 21
71.0
 31
0.0
  0
LINE
  5
8F5
330
1F
100
AcDbEntity
  8
0
  6
Continuous
 62
     7
370
    25
100
AcDbLine
 10
60.2
 20
65.0
 30
0.0
 11
60.2
 21
71.0
 31
0.0
  0
LINE
  5
8F6
330
1F
100
AcDbEntity
  8
0
  6
Continuous
 62
     7
370
    25
100
AcDbLine
 10
76.8
 20
71.0
 30
0.0
 11
70.8
 21
71.0
 31
0.0
  0
LINE
  5
8F7
330
1F
100
AcDbEntity
  8
0
  6
Continuous
 62
     7
370
    25
100
AcDbLine
 10
-54.2
 20
9.0
 30
0.0
 11
-54.2
 21
15.0
 31
0.0
  0
LINE
  5
8F8
330
1F
100
AcDbEntity
  8
0
  6
Continuous
 62
     7
370
    25
100
AcDbLine
 10
-60.2
 20
9.0
 30
0.0
 11
-54.2
 21
9.0
 31
0.0
  0
LINE
  5
8F9
330
1F
100
AcDbEntity
  8
0
  6
Continuous
 62
     7
370
    25
100
AcDbLine
 10
-60.2
 20
15.0
 30
0.0
 11
-60.2
 21
9.0
 31
0.0
  0
LINE
  5
8FA
330
1F
100
AcDbEntity
  8
0
  6
Continuous
 62
     7
370
    25
100
AcDbLine
 10
-63.9
 20
15.0
 30
0.0
 11
-60.2
 21
15.0
 31
0.0
  0
LINE
  5
8FB
330
1F
100
AcDbEntity
  8
0
  6
Continuous
 62
     7
370
    25
100
AcDbLine
 10
-63.9
 20
18.0
 30
0.0
 11
-63.9
 21
15.0
 31
0.0
  0
LINE
  5
8FC
330
1F
100
AcDbEntity
  8
0
  6
Continuous
 62
     7
370
    25
100
AcDbLine
 10
-62.6
 20
18.0
 30
0.0
 11
-63.9
 21
18.0
 31
0.0
  0
LINE
  5
8FD
330
1F
100
AcDbEntity
  8
0
  6
Continuous
 62
     7
370
    25
100
AcDbLine
 10
-62.6
 20
21.2
 30
0.0
 11
-62.6
 21
18.0
 31
0.0
  0
LINE
  5
8FE
330
1F
100
AcDbEntity
  8
0
  6
Continuous
 62
     7
370
    25
100
AcDbLine
 10
-63.9
 20
21.2
 30
0.0
 11
-62.6
 21
21.2
 31
0.0
  0
LINE
  5
8FF
330
1F
100
AcDbEntity
  8
0
  6
Continuous
 62
     7
370
    25
100
AcDbLine
 10
-63.9
 20
27.0
 30
0.0
 11
-63.9
 21
21.2
 31
0.0
  0
LINE
  5
900
330
1F
100
AcDbEntity
  8
0
  6
Continuous
 62
     7
370
    25
100
AcDbLine
 10
-67.1
 20
27.0
 30
0.0
 11
-63.9
 21
27.0
 31
0.0
  0
LINE
  5
901
330
1F
100
AcDbEntity
  8
0
  6
Continuous
 62
     7
370
    25
100
AcDbLine
 10
-67.1
 20
21.2
 30
0.0
 11
-67.1
 21
27.0
 31
0.0
  0
LINE
  5
902
330
1F
100
AcDbEntity
  8
0
  6
Continuous
 62
     7
370
    25
100
AcDbLine
 10
-68.4
 20
21.2
 30
0.0
 11
-67.1
 21
21.2
 31
0.0
  0
LINE
  5
903
330
1F
100
AcDbEntity
  8
0
  6
Continuous
 62
     7
370
    25
100
AcDbLine
 10
-68.4
 20
18.0
 30
0.0
 11
-68.4
 21
21.2
 31
0.0
  0
LINE
  5
904
330
1F
100
AcDbEntity
  8
0
  6
Continuous
 62
     7
370
    25
100
AcDbLine
 10
-67.1
 20
18.0
 30
0.0
 11
-68.4
 21
18.0
 31
0.0
  0
LINE
  5
905
330
1F
100
AcDbEntity
  8
0
  6
Continuous
 62
     7
370
    25
100
AcDbLine
 10
-67.1
 20
15.0
 30
0.0
 11
-67.1
 21
18.0
 31
0.0
  0
LINE
  5
906
330
1F
100
AcDbEntity
  8
0
  6
Continuous
 62
     7
370
    25
100
AcDbLine
 10
-70.8
 20
15.0
 30
0.0
 11
-67.1
 21
15.0
 31
0.0
  0
LINE
  5
907
330
1F
100
AcDbEntity
  8
0
  6
Continuous
 62
     7
370
    25
100
AcDbLine
 10
-70.8
 20
9.0
 30
0.0
 11
-70.8
 21
15.0
 31
0.0
  0
LINE
  5
908
330
1F
100
AcDbEntity
  8
0
  6
Continuous
 62
     7
370
    25
100
AcDbLine
 10
-76.8
 20
9.0
 30
0.0
 11
-70.8
 21
9.0
 31
0.0
  0
LINE
  5
909
330
1F
100
AcDbEntity
  8
0
  6
Continuous
 62
     7
370
    25
100
AcDbLine
 10
-76.8
 20
15.0
 30
0.0
 11
-76.8
 21
9.0
 31
0.0
  0
LINE
  5
90A
330
1F
100
AcDbEntity
  8
0
  6
Continuous
 62
     7
370
    25
100
AcDbLine
 10
-80.5
 20
15.0
 30
0.0
 11
-76.8
 21
15.0
 31
0.0
  0
LINE
  5
90B
330
1F
100
AcDbEntity
  8
0
  6
Continuous
 62
     7
370
    25
100
AcDbLine
 10
-80.5
 20
65.0
 30
0.0
 11
-80.5
 21
15.0
 31
0.0
  0
LINE
  5
90C
330
1F
100
AcDbEntity
  8
0
  6
Continuous
 62
     7
370
    25
100
AcDbLine
 10
-76.8
 20
65.0
 30
0.0
 11
-80.5
 21
65.0
 31
0.0
  0
LINE
  5
90D
330
1F
100
AcDbEntity
  8
0
  6
Continuous
 62
     7
370
    25
100
AcDbLine
 10
-67.1
 20
65.0
 30
0.0
 11
-70.8
 21
65.0
 31
0.0
  0
LINE
  5
90E
330
1F
100
AcDbEntity
  8
0
  6
Continuous
 62
     7
370
    25
100
AcDbLine
 10
-67.1
 20
62.0
 30
0.0
 11
-67.1
 21
65.0
 31
0.0
  0
LINE
  5
90F
330
1F
100
AcDbEntity
  8
0
  6
Continuous
 62
     7
370
    25
100
AcDbLine
 10
-68.4
 20
62.0
 30
0.0
 11
-67.1
 21
62.0
 31
0.0
  0
LINE
  5
910
330
1F
100
AcDbEntity
  8
0
  6
Continuous
 62
     7
370
    25
100
AcDbLine
 10
-68.4
 20
58.8
 30
0.0
 11
-68.4
 21
62.0
 31
0.0
  0
LINE
  5
911
330
1F
100
AcDbEntity
  8
0
  6
Continuous
 62
     7
370
    25
100
AcDbLine
 10
-67.1
 20
58.8
 30
0.0
 11
-68.4
 21
58.8
 31
0.0
  0
LINE
  5
912
330
1F
100
AcDbEntity
  8
0
  6
Continuous
 62
     7
370
    25
100
AcDbLine
 10
-67.1
 20
53.0
 30
0.0
 11
-67.1
 21
58.8
 31
0.0
  0
LINE
  5
913
330
1F
100
AcDbEntity
  8
0
  6
Continuous
 62
     7
370
    25
100
AcDbLine
 10
-63.9
 20
53.0
 30
0.0
 11
-67.1
 21
53.0
 31
0.0
  0
LINE
  5
914
330
1F
100
AcDbEntity
  8
0
  6
Continuous
 62
     7
370
    25
100
AcDbLine
 10
-63.9
 20
58.8
 30
0.0
 11
-63.9
 21
53.0
 31
0.0
  0
LINE
  5
915
330
1F
100
AcDbEntity
  8
0
  6
Continuous
 62
     7
370
    25
100
AcDbLine
 10
-62.6
 20
58.8
 30
0.0
 11
-63.9
 21
58.8
 31
0.0
  0
LINE
  5
916
330
1F
100
AcDbEntity
  8
0
  6
Continuous
 62
     7
370
    25
100
AcDbLine
 10
-62.6
 20
62.0
 30
0.0
 11
-62.6
 21
58.8
 31
0.0
  0
LINE
  5
917
330
1F
100
AcDbEntity
  8
0
  6
Continuous
 62
     7
370
    25
100
AcDbLine
 10
-63.9
 20
62.0
 30
0.0
 11
-62.6
 21
62.0
 31
0.0
  0
LINE
  5
918
330
1F
100
AcDbEntity
  8
0
  6
Continuous
 62
     7
370
    25
100
AcDbLine
 10
-63.9
 20
65.0
 30
0.0
 11
-63.9
 21
62.0
 31
0.0
  0
LINE
  5
919
330
1F
100
AcDbEntity
  8
0
  6
Continuous
 62
     7
370
    25
100
AcDbLine
 10
-60.2
 20
65.0
 30
0.0
 11
-63.9
 21
65.0
 31
0.0
  0
LINE
  5
91A
330
1F
100
AcDbEntity
  8
0
  6
Continuous
 62
     7
370
    25
100
AcDbLine
 10
-50.5
 20
65.0
 30
0.0
 11
-54.2
 21
65.0
 31
0.0
  0
LINE
  5
91B
330
1F
100
AcDbEntity
  8
0
  6
Continuous
 62
     7
370
    25
100
AcDbLine
 10
-50.5
 20
15.0
 30
0.0
 11
-50.5
 21
65.0
 31
0.0
  0
LINE
  5
91C
330
1F
100
AcDbEntity
  8
0
  6
Continuous
 62
     7
370
    25
100
AcDbLine
 10
-54.2
 20
15.0
 30
0.0
 11
-50.5
 21
15.0
 31
0.0
  0
LINE
  5
91D
330
1F
100
AcDbEntity
  8
0
  6
Continuous
 62
     7
370
    25
100
AcDbLine
 10
-70.8
 20
65.0
 30
0.0
 11
-70.8
 21
71.0
 31
0.0
  0
LINE
  5
91E
330
1F
100
AcDbEntity
  8
0
  6
Continuous
 62
     7
370
    25
100
AcDbLine
 10
-60.2
 20
71.0
 30
0.0
 11
-60.2
 21
65.0
 31
0.0
  0
LINE
  5
91F
330
1F
100
AcDbEntity
  8
0
  6
Continuous
 62
     7
370
    25
100
AcDbLine
 10
-54.2
 20
71.0
 30
0.0
 11
-60.2
 21
71.0
 31
0.0
  0
LINE
  5
920
330
1F
100
AcDbEntity
  8
0
  6
Continuous
 62
     7
370
    25
100
AcDbLine
 10
-54.2
 20
65.0
 30
0.0
 11
-54.2
 21
71.0
 31
0.0
  0
LINE
  5
921
330
1F
100
AcDbEntity
  8
0
  6
Continuous
 62
     7
370
    25
100
AcDbLine
 10
-70.8
 20
71.0
 30
0.0
 11
-76.8
 21
71.0
 31
0.0
  0
LINE
  5
922
330
1F
100
AcDbEntity
  8
0
  6
Continuous
 62
     7
370
    25
100
AcDbLine
 10
-76.8
 20
71.0
 30
0.0
 11
-76.8
 21
65.0
 31
0.0
  0
LINE
  5
923
330
1F
100
AcDbEntity
  8
0
  6
Continuous
 62
     7
370
    25
100
AcDbLine
 10
-294.2
 20
297.6644401553
 30
0.0
 11
-294.2
 21
282.2
 31
0.0
  0
LINE
  5
924
330
1F
100
AcDbEntity
  8
0
  6
Continuous
 62
     7
370
    25
100
AcDbLine
 10
-294.2
 20
282.2
 30
0.0
 11
-298.2
 21
282.2
 31
0.0
  0
LINE
  5
925
330
1F
100
AcDbEntity
  8
0
  6
Continuous
 62
     7
370
    25
100
AcDbLine
 10
-298.2
 20
282.2
 30
0.0
 11
-298.2
 21
291.7407111561
 31
0.0
  0
LINE
  5
926
330
1F
100
AcDbEntity
  8
0
  6
Continuous
 62
     7
370
    25
100
AcDbLine
 10
-298.2
 20
332.6592888439
 30
0.0
 11
-298.2
 21
342.2
 31
0.0
  0
LINE
  5
927
330
1F
100
AcDbEntity
  8
0
  6
Continuous
 62
     7
370
    25
100
AcDbLine
 10
-294.2
 20
342.2
 30
0.0
 11
-294.2
 21
326.7355598447
 31
0.0
  0
LINE
  5
928
330
1F
100
AcDbEntity
  8
0
  6
Continuous
 62
     7
370
    25
100
AcDbLine
 10
-298.2
 20
342.2
 30
0.0
 11
-294.2
 21
342.2
 31
0.0
  0
LINE
  5
929
330
1F
100
AcDbEntity
  8
0
  6
Continuous
 62
     7
370
    25
100
AcDbLine
 10
-264.2
 20
297.6644401553
 30
0.0
 11
-264.2
 21
282.2
 31
0.0
  0
LINE
  5
92A
330
1F
100
AcDbEntity
  8
0
  6
Continuous
 62
     7
370
    25
100
AcDbLine
 10
-264.2
 20
282.2
 30
0.0
 11
-268.2
 21
282.2
 31
0.0
  0
LINE
  5
92B
330
1F
100
AcDbEntity
  8
0
  6
Continuous
 62
     7
370
    25
100
AcDbLine
 10
-268.2
 20
282.2
 30
0.0
 11
-268.2
 21
291.7407111561
 31
0.0
  0
LINE
  5
92C
330
1F
100
AcDbEntity
  8
0
  6
Continuous
 62
     7
370
    25
100
AcDbLine
 10
-268.2
 20
332.6592888439
 30
0.0
 11
-268.2
 21
342.2
 31
0.0
  0
LINE
  5
92D
330
1F
100
AcDbEntity
  8
0
  6
Continuous
 62
     7
370
    25
100
AcDbLine
 10
-264.2
 20
342.2
 30
0.0
 11
-264.2
 21
326.7355598447
 31
0.0
  0
LINE
  5
92E
330
1F
100
AcDbEntity
  8
0
  6
Continuous
 62
     7
370
    25
100
AcDbLine
 10
-268.2
 20
342.2
 30
0.0
 11
-264.2
 21
342.2
 31
0.0
  0
LINE
  5
92F
330
1F
100
AcDbEntity
  8
0
  6
Continuous
 62
     7
370
    25
100
AcDbLine
 10
-152.6
 20
10.283
 30
0.0
 11
-152.6
 21
-9.717
 31
0.0
  0
LINE
  5
930
330
1F
100
AcDbEntity
  8
0
  6
Continuous
 62
     7
370
    25
100
AcDbLine
 10
-152.6
 20
-9.717
 30
0.0
 11
-158.6
 21
-9.717
 31
0.0
  0
LINE
  5
931
330
1F
100
AcDbEntity
  8
0
  6
Continuous
 62
     7
370
    25
100
AcDbLine
 10
-158.6
 20
-9.717
 30
0.0
 11
-158.6
 21
-4.717
 31
0.0
  0
LINE
  5
932
330
1F
100
AcDbEntity
  8
0
  6
Continuous
 62
     7
370
    25
100
AcDbLine
 10
-158.6
 20
-4.717
 30
0.0
 11
-193.6
 21
-4.717
 31
0.0
  0
LINE
  5
933
330
1F
100
AcDbEntity
  8
0
  6
Continuous
 62
     7
370
    25
100
AcDbLine
 10
-158.6
 20
5.283
 30
0.0
 11
-158.6
 21
10.283
 31
0.0
  0
LINE
  5
934
330
1F
100
AcDbEntity
  8
0
  6
Continuous
 62
     7
370
    25
100
AcDbLine
 10
-158.6
 20
10.283
 30
0.0
 11
-152.6
 21
10.283
 31
0.0
  0
LINE
  5
935
330
1F
100
AcDbEntity
  8
0
  6
Continuous
 62
     7
370
    25
100
AcDbLine
 10
-193.6
 20
5.283
 30
0.0
 11
-158.6
 21
5.283
 31
0.0
  0
LINE
  5
936
330
1F
100
AcDbEntity
  8
0
  6
Continuous
 62
     7
370
    25
100
AcDbLine
 10
-193.6
 20
-4.717
 30
0.0
 11
-193.6
 21
5.283
 31
0.0
  0
LINE
  5
937
330
1F
100
AcDbEntity
  8
0
  6
Continuous
 62
     7
370
    25
100
AcDbLine
 10
-225.4820032028
 20
18.7666666667
 30
0.0
 11
-225.4820032028
 21
23.7666666667
 31
0.0
  0
LINE
  5
938
330
1F
100
AcDbEntity
  8
0
  6
Continuous
 62
     7
370
    25
100
AcDbLine
 10
-190.4820032028
 20
18.7666666667
 30
0.0
 11
-225.4820032028
 21
18.7666666667
 31
0.0
  0
LINE
  5
939
330
1F
100
AcDbEntity
  8
0
  6
Continuous
 62
     7
370
    25
100
AcDbLine
 10
-190.4820032028
 20
8.7666666667
 30
0.0
 11
-190.4820032028
 21
18.7666666667
 31
0.0
  0
LINE
  5
93A
330
1F
100
AcDbEntity
  8
0
  6
Continuous
 62
     7
370
    25
100
AcDbLine
 10
-225.4820032028
 20
8.7666666667
 30
0.0
 11
-190.4820032028
 21
8.7666666667
 31
0.0
  0
LINE
  5
93B
330
1F
100
AcDbEntity
  8
0
  6
Continuous
 62
     7
370
    25
100
AcDbLine
 10
-225.4820032028
 20
3.7666666667
 30
0.0
 11
-225.4820032028
 21
8.7666666667
 31
0.0
  0
LINE
  5
93C
330
1F
100
AcDbEntity
  8
0
  6
Continuous
 62
     7
370
    25
100
AcDbLine
 10
-231.4820032028
 20
3.7666666667
 30
0.0
 11
-225.4820032028
 21
3.7666666667
 31
0.0
  0
LINE
  5
93D
330
1F
100
AcDbEntity
  8
0
  6
Continuous
 62
     7
370
    25
100
AcDbLine
 10
-231.4820032028
 20
23.7666666667
 30
0.0
 11
-231.4820032028
 21
3.7666666667
 31
0.0
  0
LINE
  5
93E
330
1F
100
AcDbEntity
  8
0
  6
Continuous
 62
     7
370
    25
100
AcDbLine
 10
-225.4820032028
 20
23.7666666667
 30
0.0
 11
-231.4820032028
 21
23.7666666667
 31
0.0
  0
LINE
  5
93F
330
1F
100
AcDbEntity
  8
0
  6
Continuous
 62
     7
370
    25
100
AcDbLine
 10
-39.9
 20
165.8
 30
0.0
 11
-33.9
 21
165.8
 31
0.0
  0
LINE
  5
940
330
1F
100
AcDbEntity
  8
0
  6
Continuous
 62
     7
370
    25
100
AcDbLine
 10
-39.9
 20
171.8
 30
0.0
 11
-39.9
 21
165.8
 31
0.0
  0
LINE
  5
941
330
1F
100
AcDbEntity
  8
0
  6
Continuous
 62
     7
370
    25
100
AcDbLine
 10
-33.9
 20
171.8
 30
0.0
 11
-39.9
 21
171.8
 31
0.0
  0
LINE
  5
942
330
1F
100
AcDbEntity
  8
0
  6
Continuous
 62
     7
370
    25
100
AcDbLine
 10
-33.9
 20
175.5
 30
0.0
 11
-33.9
 21
171.8
 31
0.0
  0
LINE
  5
943
330
1F
100
AcDbEntity
  8
0
  6
Continuous
 62
     7
370
    25
100
AcDbLine
 10
-30.9
 20
175.5
 30
0.0
 11
-33.9
 21
175.5
 31
0.0
  0
LINE
  5
944
330
1F
100
AcDbEntity
  8
0
  6
Continuous
 62
     7
370
    25
100
AcDbLine
 10
-30.9
 20
174.2
 30
0.0
 11
-30.9
 21
175.5
 31
0.0
  0
LINE
  5
945
330
1F
100
AcDbEntity
  8
0
  6
Continuous
 62
     7
370
    25
100
AcDbLine
 10
-27.7
 20
174.2
 30
0.0
 11
-30.9
 21
174.2
 31
0.0
  0
LINE
  5
946
330
1F
100
AcDbEntity
  8
0
  6
Continuous
 62
     7
370
    25
100
AcDbLine
 10
-27.7
 20
175.5
 30
0.0
 11
-27.7
 21
174.2
 31
0.0
  0
LINE
  5
947
330
1F
100
AcDbEntity
  8
0
  6
Continuous
 62
     7
370
    25
100
AcDbLine
 10
-19.9
 20
175.5
 30
0.0
 11
-27.7
 21
175.5
 31
0.0
  0
LINE
  5
948
330
1F
100
AcDbEntity
  8
0
  6
Continuous
 62
     7
370
    25
100
AcDbLine
 10
-19.9
 20
178.7
 30
0.0
 11
-19.9
 21
175.5
 31
0.0
  0
LINE
  5
949
330
1F
100
AcDbEntity
  8
0
  6
Continuous
 62
     7
370
    25
100
AcDbLine
 10
-27.7
 20
178.7
 30
0.0
 11
-19.9
 21
178.7
 31
0.0
  0
LINE
  5
94A
330
1F
100
AcDbEntity
  8
0
  6
Continuous
 62
     7
370
    25
100
AcDbLine
 10
-27.7
 20
180.0
 30
0.0
 11
-27.7
 21
178.7
 31
0.0
  0
LINE
  5
94B
330
1F
100
AcDbEntity
  8
0
  6
Continuous
 62
     7
370
    25
100
AcDbLine
 10
-30.9
 20
180.0
 30
0.0
 11
-27.7
 21
180.0
 31
0.0
  0
LINE
  5
94C
330
1F
100
AcDbEntity
  8
0
  6
Continuous
 62
     7
370
    25
100
AcDbLine
 10
-30.9
 20
178.7
 30
0.0
 11
-30.9
 21
180.0
 31
0.0
  0
LINE
  5
94D
330
1F
100
AcDbEntity
  8
0
  6
Continuous
 62
     7
370
    25
100
AcDbLine
 10
-33.9
 20
178.7
 30
0.0
 11
-30.9
 21
178.7
 31
0.0
  0
LINE
  5
94E
330
1F
100
AcDbEntity
  8
0
  6
Continuous
 62
     7
370
    25
100
AcDbLine
 10
-33.9
 20
182.4
 30
0.0
 11
-33.9
 21
178.7
 31
0.0
  0
LINE
  5
94F
330
1F
100
AcDbEntity
  8
0
  6
Continuous
 62
     7
370
    25
100
AcDbLine
 10
-39.9
 20
182.4
 30
0.0
 11
-33.9
 21
182.4
 31
0.0
  0
LINE
  5
950
330
1F
100
AcDbEntity
  8
0
  6
Continuous
 62
     7
370
    25
100
AcDbLine
 10
-39.9
 20
188.4
 30
0.0
 11
-39.9
 21
182.4
 31
0.0
  0
LINE
  5
951
330
1F
100
AcDbEntity
  8
0
  6
Continuous
 62
     7
370
    25
100
AcDbLine
 10
-33.9
 20
188.4
 30
0.0
 11
-39.9
 21
188.4
 31
0.0
  0
LINE
  5
952
330
1F
100
AcDbEntity
  8
0
  6
Continuous
 62
     7
370
    25
100
AcDbLine
 10
-33.9
 20
195.8
 30
0.0
 11
-33.9
 21
188.4
 31
0.0
  0
LINE
  5
953
330
1F
100
AcDbEntity
  8
0
  6
Continuous
 62
     7
370
    25
100
AcDbLine
 10
-33.9
 20
192.1
 30
0.0
 11
16.1
 21
192.1
 31
0.0
  0
LINE
  5
954
330
1F
100
AcDbEntity
  8
0
  6
Continuous
 62
     7
370
    25
100
AcDbLine
 10
16.1
 20
188.4
 30
0.0
 11
16.1
 21
195.8
 31
0.0
  0
LINE
  5
955
330
1F
100
AcDbEntity
  8
0
  6
Continuous
 62
     7
370
    25
100
AcDbLine
 10
16.1
 20
182.4
 30
0.0
 11
22.1
 21
182.4
 31
0.0
  0
LINE
  5
956
330
1F
100
AcDbEntity
  8
0
  6
Continuous
 62
     7
370
    25
100
AcDbLine
 10
16.1
 20
178.7
 30
0.0
 11
16.1
 21
182.4
 31
0.0
  0
LINE
  5
957
330
1F
100
AcDbEntity
  8
0
  6
Continuous
 62
     7
370
    25
100
AcDbLine
 10
13.1
 20
178.7
 30
0.0
 11
16.1
 21
178.7
 31
0.0
  0
LINE
  5
958
330
1F
100
AcDbEntity
  8
0
  6
Continuous
 62
     7
370
    25
100
AcDbLine
 10
13.1
 20
180.0
 30
0.0
 11
13.1
 21
178.7
 31
0.0
  0
LINE
  5
959
330
1F
100
AcDbEntity
  8
0
  6
Continuous
 62
     7
370
    25
100
AcDbLine
 10
9.9
 20
180.0
 30
0.0
 11
13.1
 21
180.0
 31
0.0
  0
LINE
  5
95A
330
1F
100
AcDbEntity
  8
0
  6
Continuous
 62
     7
370
    25
100
AcDbLine
 10
9.9
 20
178.7
 30
0.0
 11
9.9
 21
180.0
 31
0.0
  0
LINE
  5
95B
330
1F
100
AcDbEntity
  8
0
  6
Continuous
 62
     7
370
    25
100
AcDbLine
 10
2.1
 20
178.7
 30
0.0
 11
9.9
 21
178.7
 31
0.0
  0
LINE
  5
95C
330
1F
100
AcDbEntity
  8
0
  6
Continuous
 62
     7
370
    25
100
AcDbLine
 10
2.1
 20
175.5
 30
0.0
 11
2.1
 21
178.7
 31
0.0
  0
LINE
  5
95D
330
1F
100
AcDbEntity
  8
0
  6
Continuous
 62
     7
370
    25
100
AcDbLine
 10
9.9
 20
175.5
 30
0.0
 11
2.1
 21
175.5
 31
0.0
  0
LINE
  5
95E
330
1F
100
AcDbEntity
  8
0
  6
Continuous
 62
     7
370
    25
100
AcDbLine
 10
9.9
 20
174.2
 30
0.0
 11
9.9
 21
175.5
 31
0.0
  0
LINE
  5
95F
330
1F
100
AcDbEntity
  8
0
  6
Continuous
 62
     7
370
    25
100
AcDbLine
 10
13.1
 20
174.2
 30
0.0
 11
9.9
 21
174.2
 31
0.0
  0
LINE
  5
960
330
1F
100
AcDbEntity
  8
0
  6
Continuous
 62
     7
370
    25
100
AcDbLine
 10
13.1
 20
175.5
 30
0.0
 11
13.1
 21
174.2
 31
0.0
  0
LINE
  5
961
330
1F
100
AcDbEntity
  8
0
  6
Continuous
 62
     7
370
    25
100
AcDbLine
 10
16.1
 20
175.5
 30
0.0
 11
13.1
 21
175.5
 31
0.0
  0
LINE
  5
962
330
1F
100
AcDbEntity
  8
0
  6
Continuous
 62
     7
370
    25
100
AcDbLine
 10
16.1
 20
171.8
 30
0.0
 11
16.1
 21
175.5
 31
0.0
  0
LINE
  5
963
330
1F
100
AcDbEntity
  8
0
  6
Continuous
 62
     7
370
    25
100
AcDbLine
 10
16.1
 20
162.1
 30
0.0
 11
16.1
 21
165.8
 31
0.0
  0
LINE
  5
964
330
1F
100
AcDbEntity
  8
0
  6
Continuous
 62
     7
370
    25
100
AcDbLine
 10
-33.9
 20
165.8
 30
0.0
 11
-33.9
 21
162.1
 31
0.0
  0
LINE
  5
965
330
1F
100
AcDbEntity
  8
0
  6
Continuous
 62
     7
370
    25
100
AcDbLine
 10
16.1
 20
165.8
 30
0.0
 11
22.1
 21
165.8
 31
0.0
  0
LINE
  5
966
330
1F
100
AcDbEntity
  8
0
  6
Continuous
 62
     7
370
    25
100
AcDbLine
 10
22.1
 20
171.8
 30
0.0
 11
16.1
 21
171.8
 31
0.0
  0
LINE
  5
967
330
1F
100
AcDbEntity
  8
0
  6
Continuous
 62
     7
370
    25
100
AcDbLine
 10
22.1
 20
182.4
 30
0.0
 11
22.1
 21
188.4
 31
0.0
  0
LINE
  5
968
330
1F
100
AcDbEntity
  8
0
  6
Continuous
 62
     7
370
    25
100
AcDbLine
 10
22.1
 20
165.8
 30
0.0
 11
22.1
 21
171.8
 31
0.0
  0
LINE
  5
969
330
1F
100
AcDbEntity
  8
0
  6
Continuous
 62
     7
370
    25
100
AcDbLine
 10
22.1
 20
188.4
 30
0.0
 11
16.1
 21
188.4
 31
0.0
  0
LINE
  5
96A
330
1F
100
AcDbEntity
  8
0
  6
Continuous
 62
     7
370
    25
100
AcDbLine
 10
-39.9
 20
195.8
 30
0.0
 11
-33.9
 21
195.8
 31
0.0
  0
LINE
  5
96B
330
1F
100
AcDbEntity
  8
0
  6
Continuous
 62
     7
370
    25
100
AcDbLine
 10
-39.9
 20
201.8
 30
0.0
 11
-39.9
 21
195.8
 31
0.0
  0
LINE
  5
96C
330
1F
100
AcDbEntity
  8
0
  6
Continuous
 62
     7
370
    25
100
AcDbLine
 10
-33.9
 20
201.8
 30
0.0
 11
-39.9
 21
201.8
 31
0.0
  0
LINE
  5
96D
330
1F
100
AcDbEntity
  8
0
  6
Continuous
 62
     7
370
    25
100
AcDbLine
 10
-33.9
 20
205.5
 30
0.0
 11
-33.9
 21
201.8
 31
0.0
  0
LINE
  5
96E
330
1F
100
AcDbEntity
  8
0
  6
Continuous
 62
     7
370
    25
100
AcDbLine
 10
-30.9
 20
205.5
 30
0.0
 11
-33.9
 21
205.5
 31
0.0
  0
LINE
  5
96F
330
1F
100
AcDbEntity
  8
0
  6
Continuous
 62
     7
370
    25
100
AcDbLine
 10
-30.9
 20
204.2
 30
0.0
 11
-30.9
 21
205.5
 31
0.0
  0
LINE
  5
970
330
1F
100
AcDbEntity
  8
0
  6
Continuous
 62
     7
370
    25
100
AcDbLine
 10
-27.7
 20
204.2
 30
0.0
 11
-30.9
 21
204.2
 31
0.0
  0
LINE
  5
971
330
1F
100
AcDbEntity
  8
0
  6
Continuous
 62
     7
370
    25
100
AcDbLine
 10
-27.7
 20
205.5
 30
0.0
 11
-27.7
 21
204.2
 31
0.0
  0
LINE
  5
972
330
1F
100
AcDbEntity
  8
0
  6
Continuous
 62
     7
370
    25
100
AcDbLine
 10
-19.9
 20
205.5
 30
0.0
 11
-27.7
 21
205.5
 31
0.0
  0
LINE
  5
973
330
1F
100
AcDbEntity
  8
0
  6
Continuous
 62
     7
370
    25
100
AcDbLine
 10
-19.9
 20
208.7
 30
0.0
 11
-19.9
 21
205.5
 31
0.0
  0
LINE
  5
974
330
1F
100
AcDbEntity
  8
0
  6
Continuous
 62
     7
370
    25
100
AcDbLine
 10
-27.7
 20
208.7
 30
0.0
 11
-19.9
 21
208.7
 31
0.0
  0
LINE
  5
975
330
1F
100
AcDbEntity
  8
0
  6
Continuous
 62
     7
370
    25
100
AcDbLine
 10
-27.7
 20
210.0
 30
0.0
 11
-27.7
 21
208.7
 31
0.0
  0
LINE
  5
976
330
1F
100
AcDbEntity
  8
0
  6
Continuous
 62
     7
370
    25
100
AcDbLine
 10
-30.9
 20
210.0
 30
0.0
 11
-27.7
 21
210.0
 31
0.0
  0
LINE
  5
977
330
1F
100
AcDbEntity
  8
0
  6
Continuous
 62
     7
370
    25
100
AcDbLine
 10
-30.9
 20
208.7
 30
0.0
 11
-30.9
 21
210.0
 31
0.0
  0
LINE
  5
978
330
1F
100
AcDbEntity
  8
0
  6
Continuous
 62
     7
370
    25
100
AcDbLine
 10
-33.9
 20
208.7
 30
0.0
 11
-30.9
 21
208.7
 31
0.0
  0
LINE
  5
979
330
1F
100
AcDbEntity
  8
0
  6
Continuous
 62
     7
370
    25
100
AcDbLine
 10
-33.9
 20
212.4
 30
0.0
 11
-33.9
 21
208.7
 31
0.0
  0
LINE
  5
97A
330
1F
100
AcDbEntity
  8
0
  6
Continuous
 62
     7
370
    25
100
AcDbLine
 10
-39.9
 20
212.4
 30
0.0
 11
-33.9
 21
212.4
 31
0.0
  0
LINE
  5
97B
330
1F
100
AcDbEntity
  8
0
  6
Continuous
 62
     7
370
    25
100
AcDbLine
 10
-39.9
 20
218.4
 30
0.0
 11
-39.9
 21
212.4
 31
0.0
  0
LINE
  5
97C
330
1F
100
AcDbEntity
  8
0
  6
Continuous
 62
     7
370
    25
100
AcDbLine
 10
-33.9
 20
218.4
 30
0.0
 11
-39.9
 21
218.4
 31
0.0
  0
LINE
  5
97D
330
1F
100
AcDbEntity
  8
0
  6
Continuous
 62
     7
370
    25
100
AcDbLine
 10
-33.9
 20
222.1
 30
0.0
 11
-33.9
 21
218.4
 31
0.0
  0
LINE
  5
97E
330
1F
100
AcDbEntity
  8
0
  6
Continuous
 62
     7
370
    25
100
AcDbLine
 10
16.1
 20
218.4
 30
0.0
 11
16.1
 21
222.1
 31
0.0
  0
LINE
  5
97F
330
1F
100
AcDbEntity
  8
0
  6
Continuous
 62
     7
370
    25
100
AcDbLine
 10
22.1
 20
218.4
 30
0.0
 11
16.1
 21
218.4
 31
0.0
  0
LINE
  5
980
330
1F
100
AcDbEntity
  8
0
  6
Continuous
 62
     7
370
    25
100
AcDbLine
 10
22.1
 20
212.4
 30
0.0
 11
22.1
 21
218.4
 31
0.0
  0
LINE
  5
981
330
1F
100
AcDbEntity
  8
0
  6
Continuous
 62
     7
370
    25
100
AcDbLine
 10
16.1
 20
212.4
 30
0.0
 11
22.1
 21
212.4
 31
0.0
  0
LINE
  5
982
330
1F
100
AcDbEntity
  8
0
  6
Continuous
 62
     7
370
    25
100
AcDbLine
 10
16.1
 20
208.7
 30
0.0
 11
16.1
 21
212.4
 31
0.0
  0
LINE
  5
983
330
1F
100
AcDbEntity
  8
0
  6
Continuous
 62
     7
370
    25
100
AcDbLine
 10
13.1
 20
208.7
 30
0.0
 11
16.1
 21
208.7
 31
0.0
  0
LINE
  5
984
330
1F
100
AcDbEntity
  8
0
  6
Continuous
 62
     7
370
    25
100
AcDbLine
 10
13.1
 20
210.0
 30
0.0
 11
13.1
 21
208.7
 31
0.0
  0
LINE
  5
985
330
1F
100
AcDbEntity
  8
0
  6
Continuous
 62
     7
370
    25
100
AcDbLine
 10
9.9
 20
210.0
 30
0.0
 11
13.1
 21
210.0
 31
0.0
  0
LINE
  5
986
330
1F
100
AcDbEntity
  8
0
  6
Continuous
 62
     7
370
    25
100
AcDbLine
 10
9.9
 20
208.7
 30
0.0
 11
9.9
 21
210.0
 31
0.0
  0
LINE
  5
987
330
1F
100
AcDbEntity
  8
0
  6
Continuous
 62
     7
370
    25
100
AcDbLine
 10
2.1
 20
208.7
 30
0.0
 11
9.9
 21
208.7
 31
0.0
  0
LINE
  5
988
330
1F
100
AcDbEntity
  8
0
  6
Continuous
 62
     7
370
    25
100
AcDbLine
 10
2.1
 20
205.5
 30
0.0
 11
2.1
 21
208.7
 31
0.0
  0
LINE
  5
989
330
1F
100
AcDbEntity
  8
0
  6
Continuous
 62
     7
370
    25
100
AcDbLine
 10
9.9
 20
205.5
 30
0.0
 11
2.1
 21
205.5
 31
0.0
  0
LINE
  5
98A
330
1F
100
AcDbEntity
  8
0
  6
Continuous
 62
     7
370
    25
100
AcDbLine
 10
9.9
 20
204.2
 30
0.0
 11
9.9
 21
205.5
 31
0.0
  0
LINE
  5
98B
330
1F
100
AcDbEntity
  8
0
  6
Continuous
 62
     7
370
    25
100
AcDbLine
 10
13.1
 20
204.2
 30
0.0
 11
9.9
 21
204.2
 31
0.0
  0
LINE
  5
98C
330
1F
100
AcDbEntity
  8
0
  6
Continuous
 62
     7
370
    25
100
AcDbLine
 10
13.1
 20
205.5
 30
0.0
 11
13.1
 21
204.2
 31
0.0
  0
LINE
  5
98D
330
1F
100
AcDbEntity
  8
0
  6
Continuous
 62
     7
370
    25
100
AcDbLine
 10
16.1
 20
205.5
 30
0.0
 11
13.1
 21
205.5
 31
0.0
  0
LINE
  5
98E
330
1F
100
AcDbEntity
  8
0
  6
Continuous
 62
     7
370
    25
100
AcDbLine
 10
16.1
 20
201.8
 30
0.0
 11
16.1
 21
205.5
 31
0.0
  0
LINE
  5
98F
330
1F
100
AcDbEntity
  8
0
  6
Continuous
 62
     7
370
    25
100
AcDbLine
 10
22.1
 20
201.8
 30
0.0
 11
16.1
 21
201.8
 31
0.0
  0
LINE
  5
990
330
1F
100
AcDbEntity
  8
0
  6
Continuous
 62
     7
370
    25
100
AcDbLine
 10
22.1
 20
195.8
 30
0.0
 11
22.1
 21
201.8
 31
0.0
  0
LINE
  5
991
330
1F
100
AcDbEntity
  8
0
  6
Continuous
 62
     7
370
    25
100
AcDbLine
 10
16.1
 20
195.8
 30
0.0
 11
22.1
 21
195.8
 31
0.0
  0
LINE
  5
992
330
1F
100
AcDbEntity
  8
0
  6
Continuous
 62
     7
370
    25
100
AcDbLine
 10
-466.2
 20
242.1
 30
0.0
 11
-460.0
 21
242.1
 31
0.0
  0
LINE
  5
993
330
1F
100
AcDbEntity
  8
0
  6
Continuous
 62
     7
370
    25
100
AcDbLine
 10
-460.0
 20
242.1
 30
0.0
 11
-460.0
 21
267.1
 31
0.0
  0
LINE
  5
994
330
1F
100
AcDbEntity
  8
0
  6
Continuous
 62
     7
370
    25
100
AcDbLine
 10
-460.0
 20
267.1
 30
0.0
 11
-466.2
 21
267.1
 31
0.0
  0
LINE
  5
995
330
1F
100
AcDbEntity
  8
0
  6
Continuous
 62
     7
370
    25
100
AcDbLine
 10
-466.2
 20
267.1
 30
0.0
 11
-466.2
 21
242.1
 31
0.0
  0
LINE
  5
996
330
1F
100
AcDbEntity
  8
0
  6
Continuous
 62
     7
370
    25
100
AcDbLine
 10
-466.2
 20
158.7666666666
 30
0.0
 11
-460.0
 21
158.7666666666
 31
0.0
  0
LINE
  5
997
330
1F
100
AcDbEntity
  8
0
  6
Continuous
 62
     7
370
    25
100
AcDbLine
 10
-460.0
 20
158.7666666666
 30
0.0
 11
-460.0
 21
183.7666666666
 31
0.0
  0
LINE
  5
998
330
1F
100
AcDbEntity
  8
0
  6
Continuous
 62
     7
370
    25
100
AcDbLine
 10
-460.0
 20
183.7666666666
 30
0.0
 11
-466.2
 21
183.7666666666
 31
0.0
  0
LINE
  5
999
330
1F
100
AcDbEntity
  8
0
  6
Continuous
 62
     7
370
    25
100
AcDbLine
 10
-466.2
 20
183.7666666666
 30
0.0
 11
-466.2
 21
158.7666666666
 31
0.0
  0
LINE
  5
99A
330
1F
100
AcDbEntity
  8
0
  6
Continuous
 62
     7
370
    25
100
AcDbLine
 10
-410.0
 20
242.1
 30
0.0
 11
-403.8
 21
242.1
 31
0.0
  0
LINE
  5
99B
330
1F
100
AcDbEntity
  8
0
  6
Continuous
 62
     7
370
    25
100
AcDbLine
 10
-403.8
 20
242.1
 30
0.0
 11
-403.8
 21
267.1
 31
0.0
  0
LINE
  5
99C
330
1F
100
AcDbEntity
  8
0
  6
Continuous
 62
     7
370
    25
100
AcDbLine
 10
-403.8
 20
267.1
 30
0.0
 11
-410.0
 21
267.1
 31
0.0
  0
LINE
  5
99D
330
1F
100
AcDbEntity
  8
0
  6
Continuous
 62
     7
370
    25
100
AcDbLine
 10
-410.0
 20
267.1
 30
0.0
 11
-410.0
 21
242.1
 31
0.0
  0
LINE
  5
99E
330
1F
100
AcDbEntity
  8
0
  6
Continuous
 62
     7
370
    25
100
AcDbLine
 10
-410.0
 20
158.7666666666
 30
0.0
 11
-403.8
 21
158.7666666666
 31
0.0
  0
LINE
  5
99F
330
1F
100
AcDbEntity
  8
0
  6
Continuous
 62
     7
370
    25
100
AcDbLine
 10
-403.8
 20
158.7666666666
 30
0.0
 11
-403.8
 21
183.7666666666
 31
0.0
  0
LINE
  5
9A0
330
1F
100
AcDbEntity
  8
0
  6
Continuous
 62
     7
370
    25
100
AcDbLine
 10
-403.8
 20
183.7666666666
 30
0.0
 11
-410.0
 21
183.7666666666
 31
0.0
  0
LINE
  5
9A1
330
1F
100
AcDbEntity
  8
0
  6
Continuous
 62
     7
370
    25
100
AcDbLine
 10
-410.0
 20
183.7666666666
 30
0.0
 11
-410.0
 21
158.7666666666
 31
0.0
  0
LINE
  5
9A2
330
1F
100
AcDbEntity
  8
0
  6
Continuous
 62
     7
370
    25
100
AcDbLine
 10
-397.8
 20
102.1
 30
0.0
 11
-397.8
 21
282.1
 31
0.0
  0
LINE
  5
9A3
330
1F
100
AcDbEntity
  8
0
  6
Continuous
 62
     7
370
    25
100
AcDbLine
 10
-472.2
 20
102.1
 30
0.0
 11
-397.8
 21
102.1
 31
0.0
  0
LINE
  5
9A4
330
1F
100
AcDbEntity
  8
0
  6
Continuous
 62
     7
370
    25
100
AcDbLine
 10
-472.2
 20
282.1
 30
0.0
 11
-472.2
 21
102.1
 31
0.0
  0
LINE
  5
9A5
330
1F
100
AcDbEntity
  8
0
  6
Continuous
 62
     7
370
    25
100
AcDbLine
 10
-397.8
 20
282.1
 30
0.0
 11
-472.2
 21
282.1
 31
0.0
  0
LINE
  5
9A6
330
1F
100
AcDbEntity
  8
0
  6
Continuous
 62
     7
370
    25
100
AcDbLine
 10
-403.8
 20
117.1
 30
0.0
 11
-403.8
 21
142.1
 31
0.0
  0
LINE
  5
9A7
330
1F
100
AcDbEntity
  8
0
  6
Continuous
 62
     7
370
    25
100
AcDbLine
 10
-403.8
 20
142.1
 30
0.0
 11
-410.0
 21
142.1
 31
0.0
  0
LINE
  5
9A8
330
1F
100
AcDbEntity
  8
0
  6
Continuous
 62
     7
370
    25
100
AcDbLine
 10
-410.0
 20
142.1
 30
0.0
 11
-410.0
 21
117.1
 31
0.0
  0
LINE
  5
9A9
330
1F
100
AcDbEntity
  8
0
  6
Continuous
 62
     7
370
    25
100
AcDbLine
 10
-410.0
 20
117.1
 30
0.0
 11
-403.8
 21
117.1
 31
0.0
  0
LINE
  5
9AA
330
1F
100
AcDbEntity
  8
0
  6
Continuous
 62
     7
370
    25
100
AcDbLine
 10
-410.0
 20
200.4333333333
 30
0.0
 11
-403.8
 21
200.4333333333
 31
0.0
  0
LINE
  5
9AB
330
1F
100
AcDbEntity
  8
0
  6
Continuous
 62
     7
370
    25
100
AcDbLine
 10
-403.8
 20
200.4333333333
 30
0.0
 11
-403.8
 21
225.4333333333
 31
0.0
  0
LINE
  5
9AC
330
1F
100
AcDbEntity
  8
0
  6
Continuous
 62
     7
370
    25
100
AcDbLine
 10
-403.8
 20
225.4333333333
 30
0.0
 11
-410.0
 21
225.4333333333
 31
0.0
  0
LINE
  5
9AD
330
1F
100
AcDbEntity
  8
0
  6
Continuous
 62
     7
370
    25
100
AcDbLine
 10
-410.0
 20
225.4333333333
 30
0.0
 11
-410.0
 21
200.4333333333
 31
0.0
  0
LINE
  5
9AE
330
1F
100
AcDbEntity
  8
0
  6
Continuous
 62
     7
370
    25
100
AcDbLine
 10
-466.2
 20
117.1
 30
0.0
 11
-460.0
 21
117.1
 31
0.0
  0
LINE
  5
9AF
330
1F
100
AcDbEntity
  8
0
  6
Continuous
 62
     7
370
    25
100
AcDbLine
 10
-460.0
 20
117.1
 30
0.0
 11
-460.0
 21
142.1
 31
0.0
  0
LINE
  5
9B0
330
1F
100
AcDbEntity
  8
0
  6
Continuous
 62
     7
370
    25
100
AcDbLine
 10
-460.0
 20
142.1
 30
0.0
 11
-466.2
 21
142.1
 31
0.0
  0
LINE
  5
9B1
330
1F
100
AcDbEntity
  8
0
  6
Continuous
 62
     7
370
    25
100
AcDbLine
 10
-466.2
 20
142.1
 30
0.0
 11
-466.2
 21
117.1
 31
0.0
  0
LINE
  5
9B2
330
1F
100
AcDbEntity
  8
0
  6
Continuous
 62
     7
370
    25
100
AcDbLine
 10
-466.2
 20
200.4333333333
 30
0.0
 11
-460.0
 21
200.4333333333
 31
0.0
  0
LINE
  5
9B3
330
1F
100
AcDbEntity
  8
0
  6
Continuous
 62
     7
370
    25
100
AcDbLine
 10
-460.0
 20
200.4333333333
 30
0.0
 11
-460.0
 21
225.4333333333
 31
0.0
  0
LINE
  5
9B4
330
1F
100
AcDbEntity
  8
0
  6
Continuous
 62
     7
370
    25
100
AcDbLine
 10
-460.0
 20
225.4333333333
 30
0.0
 11
-466.2
 21
225.4333333333
 31
0.0
  0
LINE
  5
9B5
330
1F
100
AcDbEntity
  8
0
  6
Continuous
 62
     7
370
    25
100
AcDbLine
 10
-466.2
 20
225.4333333333
 30
0.0
 11
-466.2
 21
200.4333333333
 31
0.0
  0
LINE
  5
9B6
330
1F
100
AcDbEntity
  8
0
  6
Continuous
 62
     7
370
    25
100
AcDbLine
 10
-391.7
 20
242.1
 30
0.0
 11
-385.5
 21
242.1
 31
0.0
  0
LINE
  5
9B7
330
1F
100
AcDbEntity
  8
0
  6
Continuous
 62
     7
370
    25
100
AcDbLine
 10
-385.5
 20
242.1
 30
0.0
 11
-385.5
 21
267.1
 31
0.0
  0
LINE
  5
9B8
330
1F
100
AcDbEntity
  8
0
  6
Continuous
 62
     7
370
    25
100
AcDbLine
 10
-385.5
 20
267.1
 30
0.0
 11
-391.7
 21
267.1
 31
0.0
  0
LINE
  5
9B9
330
1F
100
AcDbEntity
  8
0
  6
Continuous
 62
     7
370
    25
100
AcDbLine
 10
-391.7
 20
267.1
 30
0.0
 11
-391.7
 21
242.1
 31
0.0
  0
LINE
  5
9BA
330
1F
100
AcDbEntity
  8
0
  6
Continuous
 62
     7
370
    25
100
AcDbLine
 10
-391.7
 20
158.7666666667
 30
0.0
 11
-385.5
 21
158.7666666667
 31
0.0
  0
LINE
  5
9BB
330
1F
100
AcDbEntity
  8
0
  6
Continuous
 62
     7
370
    25
100
AcDbLine
 10
-385.5
 20
158.7666666667
 30
0.0
 11
-385.5
 21
183.7666666667
 31
0.0
  0
LINE
  5
9BC
330
1F
100
AcDbEntity
  8
0
  6
Continuous
 62
     7
370
    25
100
AcDbLine
 10
-385.5
 20
183.7666666667
 30
0.0
 11
-391.7
 21
183.7666666667
 31
0.0
  0
LINE
  5
9BD
330
1F
100
AcDbEntity
  8
0
  6
Continuous
 62
     7
370
    25
100
AcDbLine
 10
-391.7
 20
183.7666666667
 30
0.0
 11
-391.7
 21
158.7666666667
 31
0.0
  0
LINE
  5
9BE
330
1F
100
AcDbEntity
  8
0
  6
Continuous
 62
     7
370
    25
100
AcDbLine
 10
-335.5
 20
242.1
 30
0.0
 11
-329.3
 21
242.1
 31
0.0
  0
LINE
  5
9BF
330
1F
100
AcDbEntity
  8
0
  6
Continuous
 62
     7
370
    25
100
AcDbLine
 10
-329.3
 20
242.1
 30
0.0
 11
-329.3
 21
267.1
 31
0.0
  0
LINE
  5
9C0
330
1F
100
AcDbEntity
  8
0
  6
Continuous
 62
     7
370
    25
100
AcDbLine
 10
-329.3
 20
267.1
 30
0.0
 11
-335.5
 21
267.1
 31
0.0
  0
LINE
  5
9C1
330
1F
100
AcDbEntity
  8
0
  6
Continuous
 62
     7
370
    25
100
AcDbLine
 10
-335.5
 20
267.1
 30
0.0
 11
-335.5
 21
242.1
 31
0.0
  0
LINE
  5
9C2
330
1F
100
AcDbEntity
  8
0
  6
Continuous
 62
     7
370
    25
100
AcDbLine
 10
-335.5
 20
158.7666666667
 30
0.0
 11
-329.3
 21
158.7666666667
 31
0.0
  0
LINE
  5
9C3
330
1F
100
AcDbEntity
  8
0
  6
Continuous
 62
     7
370
    25
100
AcDbLine
 10
-329.3
 20
158.7666666667
 30
0.0
 11
-329.3
 21
183.7666666667
 31
0.0
  0
LINE
  5
9C4
330
1F
100
AcDbEntity
  8
0
  6
Continuous
 62
     7
370
    25
100
AcDbLine
 10
-329.3
 20
183.7666666667
 30
0.0
 11
-335.5
 21
183.7666666667
 31
0.0
  0
LINE
  5
9C5
330
1F
100
AcDbEntity
  8
0
  6
Continuous
 62
     7
370
    25
100
AcDbLine
 10
-335.5
 20
183.7666666667
 30
0.0
 11
-335.5
 21
158.7666666667
 31
0.0
  0
LINE
  5
9C6
330
1F
100
AcDbEntity
  8
0
  6
Continuous
 62
     7
370
    25
100
AcDbLine
 10
-397.7
 20
282.1
 30
0.0
 11
-397.7
 21
102.1
 31
0.0
  0
LINE
  5
9C7
330
1F
100
AcDbEntity
  8
0
  6
Continuous
 62
     7
370
    25
100
AcDbLine
 10
-323.3
 20
282.1
 30
0.0
 11
-397.7
 21
282.1
 31
0.0
  0
LINE
  5
9C8
330
1F
100
AcDbEntity
  8
0
  6
Continuous
 62
     7
370
    25
100
AcDbLine
 10
-329.3
 20
117.1
 30
0.0
 11
-329.3
 21
142.1
 31
0.0
  0
LINE
  5
9C9
330
1F
100
AcDbEntity
  8
0
  6
Continuous
 62
     7
370
    25
100
AcDbLine
 10
-329.3
 20
142.1
 30
0.0
 11
-335.5
 21
142.1
 31
0.0
  0
LINE
  5
9CA
330
1F
100
AcDbEntity
  8
0
  6
Continuous
 62
     7
370
    25
100
AcDbLine
 10
-335.5
 20
142.1
 30
0.0
 11
-335.5
 21
117.1
 31
0.0
  0
LINE
  5
9CB
330
1F
100
AcDbEntity
  8
0
  6
Continuous
 62
     7
370
    25
100
AcDbLine
 10
-335.5
 20
117.1
 30
0.0
 11
-329.3
 21
117.1
 31
0.0
  0
LINE
  5
9CC
330
1F
100
AcDbEntity
  8
0
  6
Continuous
 62
     7
370
    25
100
AcDbLine
 10
-335.5
 20
200.4333333333
 30
0.0
 11
-329.3
 21
200.4333333333
 31
0.0
  0
LINE
  5
9CD
330
1F
100
AcDbEntity
  8
0
  6
Continuous
 62
     7
370
    25
100
AcDbLine
 10
-329.3
 20
200.4333333333
 30
0.0
 11
-329.3
 21
225.4333333333
 31
0.0
  0
LINE
  5
9CE
330
1F
100
AcDbEntity
  8
0
  6
Continuous
 62
     7
370
    25
100
AcDbLine
 10
-329.3
 20
225.4333333333
 30
0.0
 11
-335.5
 21
225.4333333333
 31
0.0
  0
LINE
  5
9CF
330
1F
100
AcDbEntity
  8
0
  6
Continuous
 62
     7
370
    25
100
AcDbLine
 10
-335.5
 20
225.4333333333
 30
0.0
 11
-335.5
 21
200.4333333333
 31
0.0
  0
LINE
  5
9D0
330
1F
100
AcDbEntity
  8
0
  6
Continuous
 62
     7
370
    25
100
AcDbLine
 10
-391.7
 20
117.1
 30
0.0
 11
-385.5
 21
117.1
 31
0.0
  0
LINE
  5
9D1
330
1F
100
AcDbEntity
  8
0
  6
Continuous
 62
     7
370
    25
100
AcDbLine
 10
-385.5
 20
117.1
 30
0.0
 11
-385.5
 21
142.1
 31
0.0
  0
LINE
  5
9D2
330
1F
100
AcDbEntity
  8
0
  6
Continuous
 62
     7
370
    25
100
AcDbLine
 10
-385.5
 20
142.1
 30
0.0
 11
-391.7
 21
142.1
 31
0.0
  0
LINE
  5
9D3
330
1F
100
AcDbEntity
  8
0
  6
Continuous
 62
     7
370
    25
100
AcDbLine
 10
-391.7
 20
142.1
 30
0.0
 11
-391.7
 21
117.1
 31
0.0
  0
LINE
  5
9D4
330
1F
100
AcDbEntity
  8
0
  6
Continuous
 62
     7
370
    25
100
AcDbLine
 10
-391.7
 20
200.4333333333
 30
0.0
 11
-385.5
 21
200.4333333333
 31
0.0
  0
LINE
  5
9D5
330
1F
100
AcDbEntity
  8
0
  6
Continuous
 62
     7
370
    25
100
AcDbLine
 10
-385.5
 20
200.4333333333
 30
0.0
 11
-385.5
 21
225.4333333333
 31
0.0
  0
LINE
  5
9D6
330
1F
100
AcDbEntity
  8
0
  6
Continuous
 62
     7
370
    25
100
AcDbLine
 10
-385.5
 20
225.4333333333
 30
0.0
 11
-391.7
 21
225.4333333333
 31
0.0
  0
LINE
  5
9D7
330
1F
100
AcDbEntity
  8
0
  6
Continuous
 62
     7
370
    25
100
AcDbLine
 10
-391.7
 20
225.4333333333
 30
0.0
 11
-391.7
 21
200.4333333333
 31
0.0
  0
LINE
  5
9D8
330
1F
100
AcDbEntity
  8
0
  6
Continuous
 62
     7
370
    25
100
AcDbLine
 10
-397.7
 20
102.1
 30
0.0
 11
-323.3
 21
102.1
 31
0.0
  0
LINE
  5
9D9
330
1F
100
AcDbEntity
  8
0
  6
Continuous
 62
     7
370
    25
100
AcDbLine
 10
-323.3
 20
102.1
 30
0.0
 11
-323.3
 21
282.1
 31
0.0
  0
LINE
  5
9DA
330
1F
100
AcDbEntity
  8
0
  6
Continuous
 62
     7
370
    25
100
AcDbLine
 10
-96.1
 20
50.0
 30
0.0
 11
-96.1
 21
75.0
 31
0.0
  0
LINE
  5
9DB
330
1F
100
AcDbEntity
  8
0
  6
Continuous
 62
     7
370
    25
100
AcDbLine
 10
-176.55
 20
-60.25
 30
0.0
 11
-197.35
 21
-60.25
 31
0.0
  0
LINE
  5
9DC
330
1F
100
AcDbEntity
  8
0
  6
Continuous
 62
     7
370
    25
100
AcDbLine
 10
-231.7
 20
23.8666666667
 30
0.0
 11
-231.7
 21
-9.817
 31
0.0
  0
LINE
  5
9DD
330
1F
100
AcDbEntity
  8
0
  6
Continuous
 62
     7
370
    25
100
AcDbLine
 10
-197.3
 20
-40.0666666667
 30
0.0
 11
-197.3
 21
-33.8666666667
 31
0.0
  0
LINE
  5
9DE
330
1F
100
AcDbEntity
  8
0
  6
Continuous
 62
     7
370
    25
100
AcDbLine
 10
-126.3
 20
-5.2
 30
0.0
 11
-126.3
 21
-11.4
 31
0.0
  0
LINE
  5
9DF
330
1F
100
AcDbEntity
  8
0
  6
Continuous
 62
     7
370
    25
100
AcDbLine
 10
-126.3
 20
-5.2
 30
0.0
 11
-132.5
 21
-5.2
 31
0.0
  0
LINE
  5
9E0
330
1F
100
AcDbEntity
  8
0
  6
Continuous
 62
     7
370
    25
100
AcDbLine
 10
-257.9
 20
-11.4
 30
0.0
 11
-251.7
 21
-11.4
 31
0.0
  0
LINE
  5
9E1
330
1F
100
AcDbEntity
  8
0
  6
Continuous
 62
     7
370
    25
100
AcDbLine
 10
-251.7
 20
-5.2
 30
0.0
 11
-251.7
 21
-11.4
 31
0.0
  0
LINE
  5
9E2
330
1F
100
AcDbEntity
  8
0
  6
Continuous
 62
     7
370
    25
100
AcDbLine
 10
-257.9
 20
-5.2
 30
0.0
 11
-251.7
 21
-5.2
 31
0.0
  0
LINE
  5
9E3
330
1F
100
AcDbEntity
  8
0
  6
Continuous
 62
     7
370
    25
100
AcDbLine
 10
-126.3
 20
11.4
 30
0.0
 11
-126.3
 21
5.2
 31
0.0
  0
LINE
  5
9E4
330
1F
100
AcDbEntity
  8
0
  6
Continuous
 62
     7
370
    25
100
AcDbLine
 10
-132.5
 20
11.4
 30
0.0
 11
-126.3
 21
11.4
 31
0.0
  0
LINE
  5
9E5
330
1F
100
AcDbEntity
  8
0
  6
Continuous
 62
     7
370
    25
100
AcDbLine
 10
-132.5
 20
5.2
 30
0.0
 11
-132.5
 21
11.4
 31
0.0
  0
LINE
  5
9E6
330
1F
100
AcDbEntity
  8
0
  6
Continuous
 62
     7
370
    25
100
AcDbLine
 10
-257.9
 20
11.4
 30
0.0
 11
-257.9
 21
5.2
 31
0.0
  0
LINE
  5
9E7
330
1F
100
AcDbEntity
  8
0
  6
Continuous
 62
     7
370
    25
100
AcDbLine
 10
-257.9
 20
5.2
 30
0.0
 11
-251.7
 21
5.2
 31
0.0
  0
LINE
  5
9E8
330
1F
100
AcDbEntity
  8
0
  6
Continuous
 62
     7
370
    25
100
AcDbLine
 10
-251.7
 20
5.2
 30
0.0
 11
-251.7
 21
11.4
 31
0.0
  0
LINE
  5
9E9
330
1F
100
AcDbEntity
  8
0
  6
Continuous
 62
     7
370
    25
100
AcDbLine
 10
-180.7
 20
-40.0666666667
 30
0.0
 11
-186.9
 21
-40.0666666667
 31
0.0
  0
LINE
  5
9EA
330
1F
100
AcDbEntity
  8
0
  6
Continuous
 62
     7
370
    25
100
AcDbLine
 10
-180.7
 20
-40.0666666667
 30
0.0
 11
-180.7
 21
-33.8666666667
 31
0.0
  0
LINE
  5
9EB
330
1F
100
AcDbEntity
  8
0
  6
Continuous
 62
     7
370
    25
100
AcDbLine
 10
-180.7
 20
-33.8666666667
 30
0.0
 11
-186.9
 21
-33.8666666667
 31
0.0
  0
LINE
  5
9EC
330
1F
100
AcDbEntity
  8
0
  6
Continuous
 62
     7
370
    25
100
AcDbLine
 10
-102.1
 20
43.2666666667
 30
0.0
 11
-107.1
 21
43.2666666667
 31
0.0
  0
LINE
  5
9ED
330
1F
100
AcDbEntity
  8
0
  6
Continuous
 62
     7
370
    25
100
AcDbLine
 10
-107.1
 20
44.5666666667
 30
0.0
 11
-107.1
 21
43.2666666667
 31
0.0
  0
LINE
  5
9EE
330
1F
100
AcDbEntity
  8
0
  6
Continuous
 62
     7
370
    25
100
AcDbLine
 10
-110.3
 20
44.5666666667
 30
0.0
 11
-107.1
 21
44.5666666667
 31
0.0
  0
LINE
  5
9EF
330
1F
100
AcDbEntity
  8
0
  6
Continuous
 62
     7
370
    25
100
AcDbLine
 10
-110.3
 20
44.5666666667
 30
0.0
 11
-110.3
 21
43.2666666667
 31
0.0
  0
LINE
  5
9F0
330
1F
100
AcDbEntity
  8
0
  6
Continuous
 62
     7
370
    25
100
AcDbLine
 10
-110.3
 20
43.2666666667
 30
0.0
 11
-120.1
 21
43.2666666667
 31
0.0
  0
LINE
  5
9F1
330
1F
100
AcDbEntity
  8
0
  6
Continuous
 62
     7
370
    25
100
AcDbLine
 10
-120.1
 20
43.2666666667
 30
0.0
 11
-120.1
 21
40.0666666667
 31
0.0
  0
LINE
  5
9F2
330
1F
100
AcDbEntity
  8
0
  6
Continuous
 62
     7
370
    25
100
AcDbLine
 10
-110.3
 20
40.0666666667
 30
0.0
 11
-120.1
 21
40.0666666667
 31
0.0
  0
LINE
  5
9F3
330
1F
100
AcDbEntity
  8
0
  6
Continuous
 62
     7
370
    25
100
AcDbLine
 10
-110.3
 20
40.0666666667
 30
0.0
 11
-110.3
 21
38.7666666667
 31
0.0
  0
LINE
  5
9F4
330
1F
100
AcDbEntity
  8
0
  6
Continuous
 62
     7
370
    25
100
AcDbLine
 10
-110.3
 20
38.7666666667
 30
0.0
 11
-107.1
 21
38.7666666667
 31
0.0
  0
LINE
  5
9F5
330
1F
100
AcDbEntity
  8
0
  6
Continuous
 62
     7
370
    25
100
AcDbLine
 10
-107.1
 20
40.0666666667
 30
0.0
 11
-107.1
 21
38.7666666667
 31
0.0
  0
LINE
  5
9F6
330
1F
100
AcDbEntity
  8
0
  6
Continuous
 62
     7
370
    25
100
AcDbLine
 10
-102.1
 20
40.0666666667
 30
0.0
 11
-107.1
 21
40.0666666667
 31
0.0
  0
LINE
  5
9F7
330
1F
100
AcDbEntity
  8
0
  6
Continuous
 62
     7
370
    25
100
AcDbLine
 10
-102.1
 20
33.3333333333
 30
0.0
 11
-102.1
 21
40.0666666667
 31
0.0
  0
LINE
  5
9F8
330
1F
100
AcDbEntity
  8
0
  6
Continuous
 62
     7
370
    25
100
AcDbLine
 10
-96.1
 20
33.3333333333
 30
0.0
 11
-102.1
 21
33.3333333333
 31
0.0
  0
LINE
  5
9F9
330
1F
100
AcDbEntity
  8
0
  6
Continuous
 62
     7
370
    25
100
AcDbLine
 10
-96.1
 20
8.3333333333
 30
0.0
 11
-96.1
 21
33.3333333333
 31
0.0
  0
LINE
  5
9FA
330
1F
100
AcDbEntity
  8
0
  6
Continuous
 62
     7
370
    25
100
AcDbLine
 10
-102.1
 20
8.3333333333
 30
0.0
 11
-96.1
 21
8.3333333333
 31
0.0
  0
LINE
  5
9FB
330
1F
100
AcDbEntity
  8
0
  6
Continuous
 62
     7
370
    25
100
AcDbLine
 10
-102.1
 20
1.6
 30
0.0
 11
-102.1
 21
8.3333333333
 31
0.0
  0
LINE
  5
9FC
330
1F
100
AcDbEntity
  8
0
  6
Continuous
 62
     7
370
    25
100
AcDbLine
 10
-107.1
 20
1.6
 30
0.0
 11
-102.1
 21
1.6
 31
0.0
  0
LINE
  5
9FD
330
1F
100
AcDbEntity
  8
0
  6
Continuous
 62
     7
370
    25
100
AcDbLine
 10
-107.1
 20
2.9
 30
0.0
 11
-107.1
 21
1.6
 31
0.0
  0
LINE
  5
9FE
330
1F
100
AcDbEntity
  8
0
  6
Continuous
 62
     7
370
    25
100
AcDbLine
 10
-110.3
 20
2.9
 30
0.0
 11
-107.1
 21
2.9
 31
0.0
  0
LINE
  5
9FF
330
1F
100
AcDbEntity
  8
0
  6
Continuous
 62
     7
370
    25
100
AcDbLine
 10
-110.3
 20
1.6
 30
0.0
 11
-110.3
 21
2.9
 31
0.0
  0
LINE
  5
A00
330
1F
100
AcDbEntity
  8
0
  6
Continuous
 62
     7
370
    25
100
AcDbLine
 10
-118.3
 20
1.6
 30
0.0
 11
-110.3
 21
1.6
 31
0.0
  0
LINE
  5
A01
330
1F
100
AcDbEntity
  8
0
  6
Continuous
 62
     7
370
    25
100
AcDbLine
 10
-118.3
 20
-1.6
 30
0.0
 11
-118.3
 21
1.6
 31
0.0
  0
LINE
  5
A02
330
1F
100
AcDbEntity
  8
0
  6
Continuous
 62
     7
370
    25
100
AcDbLine
 10
-110.3
 20
-2.9
 30
0.0
 11
-110.3
 21
-1.6
 31
0.0
  0
LINE
  5
A03
330
1F
100
AcDbEntity
  8
0
  6
Continuous
 62
     7
370
    25
100
AcDbLine
 10
-107.1
 20
-2.9
 30
0.0
 11
-110.3
 21
-2.9
 31
0.0
  0
LINE
  5
A04
330
1F
100
AcDbEntity
  8
0
  6
Continuous
 62
     7
370
    25
100
AcDbLine
 10
-107.1
 20
-1.6
 30
0.0
 11
-107.1
 21
-2.9
 31
0.0
  0
LINE
  5
A05
330
1F
100
AcDbEntity
  8
0
  6
Continuous
 62
     7
370
    25
100
AcDbLine
 10
-102.1
 20
-1.6
 30
0.0
 11
-107.1
 21
-1.6
 31
0.0
  0
LINE
  5
A06
330
1F
100
AcDbEntity
  8
0
  6
Continuous
 62
     7
370
    25
100
AcDbLine
 10
-102.1
 20
-8.3333333333
 30
0.0
 11
-102.1
 21
-1.6
 31
0.0
  0
LINE
  5
A07
330
1F
100
AcDbEntity
  8
0
  6
Continuous
 62
     7
370
    25
100
AcDbLine
 10
-96.1
 20
-8.3333333333
 30
0.0
 11
-102.1
 21
-8.3333333333
 31
0.0
  0
LINE
  5
A08
330
1F
100
AcDbEntity
  8
0
  6
Continuous
 62
     7
370
    25
100
AcDbLine
 10
-96.1
 20
-33.3333333333
 30
0.0
 11
-96.1
 21
-8.3333333333
 31
0.0
  0
LINE
  5
A09
330
1F
100
AcDbEntity
  8
0
  6
Continuous
 62
     7
370
    25
100
AcDbLine
 10
-102.1
 20
-33.3333333333
 30
0.0
 11
-96.1
 21
-33.3333333333
 31
0.0
  0
LINE
  5
A0A
330
1F
100
AcDbEntity
  8
0
  6
Continuous
 62
     7
370
    25
100
AcDbLine
 10
-102.1
 20
-40.0666666667
 30
0.0
 11
-102.1
 21
-33.3333333333
 31
0.0
  0
LINE
  5
A0B
330
1F
100
AcDbEntity
  8
0
  6
Continuous
 62
     7
370
    25
100
AcDbLine
 10
-107.1
 20
-40.0666666667
 30
0.0
 11
-102.1
 21
-40.0666666667
 31
0.0
  0
LINE
  5
A0C
330
1F
100
AcDbEntity
  8
0
  6
Continuous
 62
     7
370
    25
100
AcDbLine
 10
-107.1
 20
-38.7666666667
 30
0.0
 11
-107.1
 21
-40.0666666667
 31
0.0
  0
LINE
  5
A0D
330
1F
100
AcDbEntity
  8
0
  6
Continuous
 62
     7
370
    25
100
AcDbLine
 10
-110.3
 20
-38.7666666667
 30
0.0
 11
-107.1
 21
-38.7666666667
 31
0.0
  0
LINE
  5
A0E
330
1F
100
AcDbEntity
  8
0
  6
Continuous
 62
     7
370
    25
100
AcDbLine
 10
-110.3
 20
-40.0666666667
 30
0.0
 11
-110.3
 21
-38.7666666667
 31
0.0
  0
LINE
  5
A0F
330
1F
100
AcDbEntity
  8
0
  6
Continuous
 62
     7
370
    25
100
AcDbLine
 10
-118.3
 20
-40.0666666667
 30
0.0
 11
-110.3
 21
-40.0666666667
 31
0.0
  0
LINE
  5
A10
330
1F
100
AcDbEntity
  8
0
  6
Continuous
 62
     7
370
    25
100
AcDbLine
 10
-118.3
 20
-43.2666666667
 30
0.0
 11
-118.3
 21
-40.0666666667
 31
0.0
  0
LINE
  5
A11
330
1F
100
AcDbEntity
  8
0
  6
Continuous
 62
     7
370
    25
100
AcDbLine
 10
-110.3
 20
-43.2666666667
 30
0.0
 11
-118.3
 21
-43.2666666667
 31
0.0
  0
LINE
  5
A12
330
1F
100
AcDbEntity
  8
0
  6
Continuous
 62
     7
370
    25
100
AcDbLine
 10
-110.3
 20
-44.5666666667
 30
0.0
 11
-110.3
 21
-43.2666666667
 31
0.0
  0
LINE
  5
A13
330
1F
100
AcDbEntity
  8
0
  6
Continuous
 62
     7
370
    25
100
AcDbLine
 10
-107.1
 20
-44.5666666667
 30
0.0
 11
-110.3
 21
-44.5666666667
 31
0.0
  0
LINE
  5
A14
330
1F
100
AcDbEntity
  8
0
  6
Continuous
 62
     7
370
    25
100
AcDbLine
 10
-107.1
 20
-43.2666666667
 30
0.0
 11
-107.1
 21
-44.5666666667
 31
0.0
  0
LINE
  5
A15
330
1F
100
AcDbEntity
  8
0
  6
Continuous
 62
     7
370
    25
100
AcDbLine
 10
-102.1
 20
-43.2666666667
 30
0.0
 11
-107.1
 21
-43.2666666667
 31
0.0
  0
LINE
  5
A16
330
1F
100
AcDbEntity
  8
0
  6
Continuous
 62
     7
370
    25
100
AcDbLine
 10
-102.1
 20
-50.0
 30
0.0
 11
-102.1
 21
-43.2666666667
 31
0.0
  0
LINE
  5
A17
330
1F
100
AcDbEntity
  8
0
  6
Continuous
 62
     7
370
    25
100
AcDbLine
 10
-96.1
 20
-50.0
 30
0.0
 11
-102.1
 21
-50.0
 31
0.0
  0
LINE
  5
A18
330
1F
100
AcDbEntity
  8
0
  6
Continuous
 62
     7
370
    25
100
AcDbLine
 10
-96.1
 20
-75.0
 30
0.0
 11
-96.1
 21
-50.0
 31
0.0
  0
LINE
  5
A19
330
1F
100
AcDbEntity
  8
0
  6
Continuous
 62
     7
370
    25
100
AcDbLine
 10
-102.1
 20
-75.0
 30
0.0
 11
-96.1
 21
-75.0
 31
0.0
  0
LINE
  5
A1A
330
1F
100
AcDbEntity
  8
0
  6
Continuous
 62
     7
370
    25
100
AcDbLine
 10
-102.1
 20
-90.0
 30
0.0
 11
-102.1
 21
-75.0
 31
0.0
  0
LINE
  5
A1B
330
1F
100
AcDbEntity
  8
0
  6
Continuous
 62
     7
370
    25
100
AcDbLine
 10
-282.1
 20
-90.0
 30
0.0
 11
-102.1
 21
-90.0
 31
0.0
  0
LINE
  5
A1C
330
1F
100
AcDbEntity
  8
0
  6
Continuous
 62
     7
370
    25
100
AcDbLine
 10
-282.1
 20
-75.0
 30
0.0
 11
-282.1
 21
-90.0
 31
0.0
  0
LINE
  5
A1D
330
1F
100
AcDbEntity
  8
0
  6
Continuous
 62
     7
370
    25
100
AcDbLine
 10
-288.1
 20
-75.0
 30
0.0
 11
-282.1
 21
-75.0
 31
0.0
  0
LINE
  5
A1E
330
1F
100
AcDbEntity
  8
0
  6
Continuous
 62
     7
370
    25
100
AcDbLine
 10
-288.1
 20
-50.0
 30
0.0
 11
-288.1
 21
-75.0
 31
0.0
  0
LINE
  5
A1F
330
1F
100
AcDbEntity
  8
0
  6
Continuous
 62
     7
370
    25
100
AcDbLine
 10
-282.1
 20
-50.0
 30
0.0
 11
-288.1
 21
-50.0
 31
0.0
  0
LINE
  5
A20
330
1F
100
AcDbEntity
  8
0
  6
Continuous
 62
     7
370
    25
100
AcDbLine
 10
-282.1
 20
-43.2666666667
 30
0.0
 11
-282.1
 21
-50.0
 31
0.0
  0
LINE
  5
A21
330
1F
100
AcDbEntity
  8
0
  6
Continuous
 62
     7
370
    25
100
AcDbLine
 10
-277.1
 20
-43.2666666667
 30
0.0
 11
-282.1
 21
-43.2666666667
 31
0.0
  0
LINE
  5
A22
330
1F
100
AcDbEntity
  8
0
  6
Continuous
 62
     7
370
    25
100
AcDbLine
 10
-277.1
 20
-44.5666666667
 30
0.0
 11
-277.1
 21
-43.2666666667
 31
0.0
  0
LINE
  5
A23
330
1F
100
AcDbEntity
  8
0
  6
Continuous
 62
     7
370
    25
100
AcDbLine
 10
-273.9
 20
-44.5666666667
 30
0.0
 11
-277.1
 21
-44.5666666667
 31
0.0
  0
LINE
  5
A24
330
1F
100
AcDbEntity
  8
0
  6
Continuous
 62
     7
370
    25
100
AcDbLine
 10
-273.9
 20
-43.2666666667
 30
0.0
 11
-273.9
 21
-44.5666666667
 31
0.0
  0
LINE
  5
A25
330
1F
100
AcDbEntity
  8
0
  6
Continuous
 62
     7
370
    25
100
AcDbLine
 10
-265.9
 20
-43.2666666667
 30
0.0
 11
-273.9
 21
-43.2666666667
 31
0.0
  0
LINE
  5
A26
330
1F
100
AcDbEntity
  8
0
  6
Continuous
 62
     7
370
    25
100
AcDbLine
 10
-265.9
 20
-40.0666666667
 30
0.0
 11
-265.9
 21
-43.2666666667
 31
0.0
  0
LINE
  5
A27
330
1F
100
AcDbEntity
  8
0
  6
Continuous
 62
     7
370
    25
100
AcDbLine
 10
-273.9
 20
-40.0666666667
 30
0.0
 11
-265.9
 21
-40.0666666667
 31
0.0
  0
LINE
  5
A28
330
1F
100
AcDbEntity
  8
0
  6
Continuous
 62
     7
370
    25
100
AcDbLine
 10
-273.9
 20
-38.7666666667
 30
0.0
 11
-273.9
 21
-40.0666666667
 31
0.0
  0
LINE
  5
A29
330
1F
100
AcDbEntity
  8
0
  6
Continuous
 62
     7
370
    25
100
AcDbLine
 10
-277.1
 20
-38.7666666667
 30
0.0
 11
-273.9
 21
-38.7666666667
 31
0.0
  0
LINE
  5
A2A
330
1F
100
AcDbEntity
  8
0
  6
Continuous
 62
     7
370
    25
100
AcDbLine
 10
-277.1
 20
-40.0666666667
 30
0.0
 11
-277.1
 21
-38.7666666667
 31
0.0
  0
LINE
  5
A2B
330
1F
100
AcDbEntity
  8
0
  6
Continuous
 62
     7
370
    25
100
AcDbLine
 10
-282.1
 20
-40.0666666667
 30
0.0
 11
-277.1
 21
-40.0666666667
 31
0.0
  0
LINE
  5
A2C
330
1F
100
AcDbEntity
  8
0
  6
Continuous
 62
     7
370
    25
100
AcDbLine
 10
-282.1
 20
-33.3333333333
 30
0.0
 11
-282.1
 21
-40.0666666667
 31
0.0
  0
LINE
  5
A2D
330
1F
100
AcDbEntity
  8
0
  6
Continuous
 62
     7
370
    25
100
AcDbLine
 10
-288.1
 20
-33.3333333333
 30
0.0
 11
-282.1
 21
-33.3333333333
 31
0.0
  0
LINE
  5
A2E
330
1F
100
AcDbEntity
  8
0
  6
Continuous
 62
     7
370
    25
100
AcDbLine
 10
-288.1
 20
-8.3333333333
 30
0.0
 11
-288.1
 21
-33.3333333333
 31
0.0
  0
LINE
  5
A2F
330
1F
100
AcDbEntity
  8
0
  6
Continuous
 62
     7
370
    25
100
AcDbLine
 10
-282.1
 20
-8.3333333333
 30
0.0
 11
-288.1
 21
-8.3333333333
 31
0.0
  0
LINE
  5
A30
330
1F
100
AcDbEntity
  8
0
  6
Continuous
 62
     7
370
    25
100
AcDbLine
 10
-277.1
 20
-1.6
 30
0.0
 11
-282.1
 21
-1.6
 31
0.0
  0
LINE
  5
A31
330
1F
100
AcDbEntity
  8
0
  6
Continuous
 62
     7
370
    25
100
AcDbLine
 10
-273.9
 20
-2.9
 30
0.0
 11
-277.1
 21
-2.9
 31
0.0
  0
LINE
  5
A32
330
1F
100
AcDbEntity
  8
0
  6
Continuous
 62
     7
370
    25
100
AcDbLine
 10
-273.9
 20
-1.6
 30
0.0
 11
-273.9
 21
-2.9
 31
0.0
  0
LINE
  5
A33
330
1F
100
AcDbEntity
  8
0
  6
Continuous
 62
     7
370
    25
100
AcDbLine
 10
-265.9
 20
-1.6
 30
0.0
 11
-273.9
 21
-1.6
 31
0.0
  0
LINE
  5
A34
330
1F
100
AcDbEntity
  8
0
  6
Continuous
 62
     7
370
    25
100
AcDbLine
 10
-265.9
 20
1.6
 30
0.0
 11
-265.9
 21
-1.6
 31
0.0
  0
LINE
  5
A35
330
1F
100
AcDbEntity
  8
0
  6
Continuous
 62
     7
370
    25
100
AcDbLine
 10
-273.9
 20
1.6
 30
0.0
 11
-265.9
 21
1.6
 31
0.0
  0
LINE
  5
A36
330
1F
100
AcDbEntity
  8
0
  6
Continuous
 62
     7
370
    25
100
AcDbLine
 10
-273.9
 20
2.9
 30
0.0
 11
-273.9
 21
1.6
 31
0.0
  0
LINE
  5
A37
330
1F
100
AcDbEntity
  8
0
  6
Continuous
 62
     7
370
    25
100
AcDbLine
 10
-277.1
 20
2.9
 30
0.0
 11
-273.9
 21
2.9
 31
0.0
  0
LINE
  5
A38
330
1F
100
AcDbEntity
  8
0
  6
Continuous
 62
     7
370
    25
100
AcDbLine
 10
-277.1
 20
1.6
 30
0.0
 11
-277.1
 21
2.9
 31
0.0
  0
LINE
  5
A39
330
1F
100
AcDbEntity
  8
0
  6
Continuous
 62
     7
370
    25
100
AcDbLine
 10
-282.1
 20
1.6
 30
0.0
 11
-277.1
 21
1.6
 31
0.0
  0
LINE
  5
A3A
330
1F
100
AcDbEntity
  8
0
  6
Continuous
 62
     7
370
    25
100
AcDbLine
 10
-282.1
 20
8.3333333333
 30
0.0
 11
-282.1
 21
1.6
 31
0.0
  0
LINE
  5
A3B
330
1F
100
AcDbEntity
  8
0
  6
Continuous
 62
     7
370
    25
100
AcDbLine
 10
-288.1
 20
8.3333333333
 30
0.0
 11
-282.1
 21
8.3333333333
 31
0.0
  0
LINE
  5
A3C
330
1F
100
AcDbEntity
  8
0
  6
Continuous
 62
     7
370
    25
100
AcDbLine
 10
-288.1
 20
33.3333333333
 30
0.0
 11
-288.1
 21
8.3333333333
 31
0.0
  0
LINE
  5
A3D
330
1F
100
AcDbEntity
  8
0
  6
Continuous
 62
     7
370
    25
100
AcDbLine
 10
-282.1
 20
33.3333333333
 30
0.0
 11
-288.1
 21
33.3333333333
 31
0.0
  0
LINE
  5
A3E
330
1F
100
AcDbEntity
  8
0
  6
Continuous
 62
     7
370
    25
100
AcDbLine
 10
-282.1
 20
40.0666666667
 30
0.0
 11
-282.1
 21
33.3333333333
 31
0.0
  0
LINE
  5
A3F
330
1F
100
AcDbEntity
  8
0
  6
Continuous
 62
     7
370
    25
100
AcDbLine
 10
-282.1
 20
40.0666666667
 30
0.0
 11
-277.1
 21
40.0666666667
 31
0.0
  0
LINE
  5
A40
330
1F
100
AcDbEntity
  8
0
  6
Continuous
 62
     7
370
    25
100
AcDbLine
 10
-277.1
 20
40.0666666667
 30
0.0
 11
-277.1
 21
38.7666666667
 31
0.0
  0
LINE
  5
A41
330
1F
100
AcDbEntity
  8
0
  6
Continuous
 62
     7
370
    25
100
AcDbLine
 10
-273.9
 20
38.7666666667
 30
0.0
 11
-277.1
 21
38.7666666667
 31
0.0
  0
LINE
  5
A42
330
1F
100
AcDbEntity
  8
0
  6
Continuous
 62
     7
370
    25
100
AcDbLine
 10
-273.9
 20
40.0666666667
 30
0.0
 11
-273.9
 21
38.7666666667
 31
0.0
  0
LINE
  5
A43
330
1F
100
AcDbEntity
  8
0
  6
Continuous
 62
     7
370
    25
100
AcDbLine
 10
-273.9
 20
40.0666666667
 30
0.0
 11
-264.1
 21
40.0666666667
 31
0.0
  0
LINE
  5
A44
330
1F
100
AcDbEntity
  8
0
  6
Continuous
 62
     7
370
    25
100
AcDbLine
 10
-264.1
 20
43.2666666667
 30
0.0
 11
-264.1
 21
40.0666666667
 31
0.0
  0
LINE
  5
A45
330
1F
100
AcDbEntity
  8
0
  6
Continuous
 62
     7
370
    25
100
AcDbLine
 10
-273.9
 20
43.2666666667
 30
0.0
 11
-264.1
 21
43.2666666667
 31
0.0
  0
LINE
  5
A46
330
1F
100
AcDbEntity
  8
0
  6
Continuous
 62
     7
370
    25
100
AcDbLine
 10
-273.9
 20
44.5666666667
 30
0.0
 11
-273.9
 21
43.2666666667
 31
0.0
  0
LINE
  5
A47
330
1F
100
AcDbEntity
  8
0
  6
Continuous
 62
     7
370
    25
100
AcDbLine
 10
-175.45
 20
48.65
 30
0.0
 11
-175.45
 21
59.15
 31
0.0
  0
LINE
  5
A48
330
1F
100
AcDbEntity
  8
0
  6
Continuous
 62
     7
370
    25
100
AcDbLine
 10
-277.1
 20
44.5666666667
 30
0.0
 11
-277.1
 21
43.2666666667
 31
0.0
  0
LINE
  5
A49
330
1F
100
AcDbEntity
  8
0
  6
Continuous
 62
     7
370
    25
100
AcDbLine
 10
-176.55
 20
60.25
 30
0.0
 11
-197.35
 21
60.25
 31
0.0
  0
LINE
  5
A4A
330
1F
100
AcDbEntity
  8
0
  6
Continuous
 62
     7
370
    25
100
AcDbLine
 10
-198.45
 20
59.15
 30
0.0
 11
-198.45
 21
48.65
 31
0.0
  0
LINE
  5
A4B
330
1F
100
AcDbEntity
  8
0
  6
Continuous
 62
     7
370
    25
100
AcDbLine
 10
-197.35
 20
47.55
 30
0.0
 11
-176.55
 21
47.55
 31
0.0
  0
LINE
  5
A4C
330
1F
100
AcDbEntity
  8
0
  6
Continuous
 62
     7
370
    25
100
AcDbLine
 10
-102.1
 20
50.0
 30
0.0
 11
-96.1
 21
50.0
 31
0.0
  0
LINE
  5
A4D
330
1F
100
AcDbEntity
  8
0
  6
Continuous
 62
     7
370
    25
100
AcDbLine
 10
-102.1
 20
43.2666666667
 30
0.0
 11
-102.1
 21
50.0
 31
0.0
  0
LINE
  5
A4E
330
1F
100
AcDbEntity
  8
0
  6
Continuous
 62
     7
370
    25
100
AcDbLine
 10
-242.1
 20
96.0
 30
0.0
 11
-267.1
 21
96.0
 31
0.0
  0
LINE
  5
A4F
330
1F
100
AcDbEntity
  8
0
  6
Continuous
 62
     7
370
    25
100
AcDbLine
 10
-242.1
 20
90.0
 30
0.0
 11
-242.1
 21
96.0
 31
0.0
  0
LINE
  5
A50
330
1F
100
AcDbEntity
  8
0
  6
Continuous
 62
     7
370
    25
100
AcDbLine
 10
-235.3666666667
 20
90.0
 30
0.0
 11
-242.1
 21
90.0
 31
0.0
  0
LINE
  5
A51
330
1F
100
AcDbEntity
  8
0
  6
Continuous
 62
     7
370
    25
100
AcDbLine
 10
-235.3666666667
 20
85.0
 30
0.0
 11
-235.3666666667
 21
90.0
 31
0.0
  0
LINE
  5
A52
330
1F
100
AcDbEntity
  8
0
  6
Continuous
 62
     7
370
    25
100
AcDbLine
 10
-236.6666666667
 20
85.0
 30
0.0
 11
-235.3666666667
 21
85.0
 31
0.0
  0
LINE
  5
A53
330
1F
100
AcDbEntity
  8
0
  6
Continuous
 62
     7
370
    25
100
AcDbLine
 10
-236.6666666667
 20
81.8
 30
0.0
 11
-236.6666666667
 21
85.0
 31
0.0
  0
LINE
  5
A54
330
1F
100
AcDbEntity
  8
0
  6
Continuous
 62
     7
370
    25
100
AcDbLine
 10
-235.3666666667
 20
81.8
 30
0.0
 11
-236.6666666667
 21
81.8
 31
0.0
  0
LINE
  5
A55
330
1F
100
AcDbEntity
  8
0
  6
Continuous
 62
     7
370
    25
100
AcDbLine
 10
-235.3666666667
 20
75.0
 30
0.0
 11
-235.3666666667
 21
81.8
 31
0.0
  0
LINE
  5
A56
330
1F
100
AcDbEntity
  8
0
  6
Continuous
 62
     7
370
    25
100
AcDbLine
 10
-232.1666666667
 20
75.0
 30
0.0
 11
-235.3666666667
 21
75.0
 31
0.0
  0
LINE
  5
A57
330
1F
100
AcDbEntity
  8
0
  6
Continuous
 62
     7
370
    25
100
AcDbLine
 10
-232.1666666667
 20
81.8
 30
0.0
 11
-232.1666666667
 21
75.0
 31
0.0
  0
LINE
  5
A58
330
1F
100
AcDbEntity
  8
0
  6
Continuous
 62
     7
370
    25
100
AcDbLine
 10
-230.8666666667
 20
81.8
 30
0.0
 11
-232.1666666667
 21
81.8
 31
0.0
  0
LINE
  5
A59
330
1F
100
AcDbEntity
  8
0
  6
Continuous
 62
     7
370
    25
100
AcDbLine
 10
-230.8666666667
 20
85.0
 30
0.0
 11
-230.8666666667
 21
81.8
 31
0.0
  0
LINE
  5
A5A
330
1F
100
AcDbEntity
  8
0
  6
Continuous
 62
     7
370
    25
100
AcDbLine
 10
-232.1666666667
 20
85.0
 30
0.0
 11
-230.8666666667
 21
85.0
 31
0.0
  0
LINE
  5
A5B
330
1F
100
AcDbEntity
  8
0
  6
Continuous
 62
     7
370
    25
100
AcDbLine
 10
-232.1666666667
 20
90.0
 30
0.0
 11
-232.1666666667
 21
85.0
 31
0.0
  0
LINE
  5
A5C
330
1F
100
AcDbEntity
  8
0
  6
Continuous
 62
     7
370
    25
100
AcDbLine
 10
-225.4333333333
 20
90.0
 30
0.0
 11
-232.1666666667
 21
90.0
 31
0.0
  0
LINE
  5
A5D
330
1F
100
AcDbEntity
  8
0
  6
Continuous
 62
     7
370
    25
100
AcDbLine
 10
-225.4333333333
 20
96.0
 30
0.0
 11
-225.4333333333
 21
90.0
 31
0.0
  0
LINE
  5
A5E
330
1F
100
AcDbEntity
  8
0
  6
Continuous
 62
     7
370
    25
100
AcDbLine
 10
-200.4333333333
 20
96.0
 30
0.0
 11
-225.4333333333
 21
96.0
 31
0.0
  0
LINE
  5
A5F
330
1F
100
AcDbEntity
  8
0
  6
Continuous
 62
     7
370
    25
100
AcDbLine
 10
-200.4333333333
 20
90.0
 30
0.0
 11
-200.4333333333
 21
96.0
 31
0.0
  0
LINE
  5
A60
330
1F
100
AcDbEntity
  8
0
  6
Continuous
 62
     7
370
    25
100
AcDbLine
 10
-193.7
 20
90.0
 30
0.0
 11
-200.4333333333
 21
90.0
 31
0.0
  0
LINE
  5
A61
330
1F
100
AcDbEntity
  8
0
  6
Continuous
 62
     7
370
    25
100
AcDbLine
 10
-193.7
 20
85.0
 30
0.0
 11
-193.7
 21
90.0
 31
0.0
  0
LINE
  5
A62
330
1F
100
AcDbEntity
  8
0
  6
Continuous
 62
     7
370
    25
100
AcDbLine
 10
-195.0
 20
85.0
 30
0.0
 11
-193.7
 21
85.0
 31
0.0
  0
LINE
  5
A63
330
1F
100
AcDbEntity
  8
0
  6
Continuous
 62
     7
370
    25
100
AcDbLine
 10
-195.0
 20
81.8
 30
0.0
 11
-195.0
 21
85.0
 31
0.0
  0
LINE
  5
A64
330
1F
100
AcDbEntity
  8
0
  6
Continuous
 62
     7
370
    25
100
AcDbLine
 10
-193.7
 20
81.8
 30
0.0
 11
-195.0
 21
81.8
 31
0.0
  0
LINE
  5
A65
330
1F
100
AcDbEntity
  8
0
  6
Continuous
 62
     7
370
    25
100
AcDbLine
 10
-153.3333333333
 20
85.0
 30
0.0
 11
-152.0333333333
 21
85.0
 31
0.0
  0
LINE
  5
A66
330
1F
100
AcDbEntity
  8
0
  6
Continuous
 62
     7
370
    25
100
AcDbLine
 10
-153.3333333333
 20
81.8
 30
0.0
 11
-153.3333333333
 21
85.0
 31
0.0
  0
LINE
  5
A67
330
1F
100
AcDbEntity
  8
0
  6
Continuous
 62
     7
370
    25
100
AcDbLine
 10
-152.0333333333
 20
81.8
 30
0.0
 11
-153.3333333333
 21
81.8
 31
0.0
  0
LINE
  5
A68
330
1F
100
AcDbEntity
  8
0
  6
Continuous
 62
     7
370
    25
100
AcDbLine
 10
-152.0333333333
 20
75.0
 30
0.0
 11
-152.0333333333
 21
81.8
 31
0.0
  0
LINE
  5
A69
330
1F
100
AcDbEntity
  8
0
  6
Continuous
 62
     7
370
    25
100
AcDbLine
 10
-148.8333333333
 20
75.0
 30
0.0
 11
-152.0333333333
 21
75.0
 31
0.0
  0
LINE
  5
A6A
330
1F
100
AcDbEntity
  8
0
  6
Continuous
 62
     7
370
    25
100
AcDbLine
 10
-148.8333333333
 20
81.8
 30
0.0
 11
-148.8333333333
 21
75.0
 31
0.0
  0
LINE
  5
A6B
330
1F
100
AcDbEntity
  8
0
  6
Continuous
 62
     7
370
    25
100
AcDbLine
 10
-147.5333333333
 20
81.8
 30
0.0
 11
-148.8333333333
 21
81.8
 31
0.0
  0
LINE
  5
A6C
330
1F
100
AcDbEntity
  8
0
  6
Continuous
 62
     7
370
    25
100
AcDbLine
 10
-147.5333333333
 20
85.0
 30
0.0
 11
-147.5333333333
 21
81.8
 31
0.0
  0
LINE
  5
A6D
330
1F
100
AcDbEntity
  8
0
  6
Continuous
 62
     7
370
    25
100
AcDbLine
 10
-148.8333333333
 20
85.0
 30
0.0
 11
-147.5333333333
 21
85.0
 31
0.0
  0
LINE
  5
A6E
330
1F
100
AcDbEntity
  8
0
  6
Continuous
 62
     7
370
    25
100
AcDbLine
 10
-148.8333333333
 20
90.0
 30
0.0
 11
-148.8333333333
 21
85.0
 31
0.0
  0
LINE
  5
A6F
330
1F
100
AcDbEntity
  8
0
  6
Continuous
 62
     7
370
    25
100
AcDbLine
 10
-142.1
 20
90.0
 30
0.0
 11
-148.8333333333
 21
90.0
 31
0.0
  0
LINE
  5
A70
330
1F
100
AcDbEntity
  8
0
  6
Continuous
 62
     7
370
    25
100
AcDbLine
 10
-142.1
 20
96.0
 30
0.0
 11
-142.1
 21
90.0
 31
0.0
  0
LINE
  5
A71
330
1F
100
AcDbEntity
  8
0
  6
Continuous
 62
     7
370
    25
100
AcDbLine
 10
-117.1
 20
96.0
 30
0.0
 11
-142.1
 21
96.0
 31
0.0
  0
LINE
  5
A72
330
1F
100
AcDbEntity
  8
0
  6
Continuous
 62
     7
370
    25
100
AcDbLine
 10
-117.1
 20
90.0
 30
0.0
 11
-117.1
 21
96.0
 31
0.0
  0
LINE
  5
A73
330
1F
100
AcDbEntity
  8
0
  6
Continuous
 62
     7
370
    25
100
AcDbLine
 10
-102.1
 20
90.0
 30
0.0
 11
-117.1
 21
90.0
 31
0.0
  0
LINE
  5
A74
330
1F
100
AcDbEntity
  8
0
  6
Continuous
 62
     7
370
    25
100
AcDbLine
 10
-102.1
 20
75.0
 30
0.0
 11
-102.1
 21
90.0
 31
0.0
  0
LINE
  5
A75
330
1F
100
AcDbEntity
  8
0
  6
Continuous
 62
     7
370
    25
100
AcDbLine
 10
-96.1
 20
75.0
 30
0.0
 11
-102.1
 21
75.0
 31
0.0
  0
LINE
  5
A76
330
1F
100
AcDbEntity
  8
0
  6
Continuous
 62
     7
370
    25
100
AcDbLine
 10
-175.45
 20
-48.65
 30
0.0
 11
-175.45
 21
-59.15
 31
0.0
  0
LINE
  5
A77
330
1F
100
AcDbEntity
  8
0
  6
Continuous
 62
     7
370
    25
100
AcDbLine
 10
-197.35
 20
-47.55
 30
0.0
 11
-176.55
 21
-47.55
 31
0.0
  0
LINE
  5
A78
330
1F
100
AcDbEntity
  8
0
  6
Continuous
 62
     7
370
    25
100
AcDbLine
 10
-198.45
 20
-59.15
 30
0.0
 11
-198.45
 21
-48.65
 31
0.0
  0
LINE
  5
A79
330
1F
100
AcDbEntity
  8
0
  6
Continuous
 62
     7
370
    25
100
AcDbLine
 10
-231.7
 20
-9.817
 30
0.0
 11
-152.5
 21
-9.817
 31
0.0
  0
LINE
  5
A7A
330
1F
100
AcDbEntity
  8
0
  6
Continuous
 62
     7
370
    25
100
AcDbLine
 10
-282.1
 20
-1.6
 30
0.0
 11
-282.1
 21
-8.3333333333
 31
0.0
  0
LINE
  5
A7B
330
1F
100
AcDbEntity
  8
0
  6
Continuous
 62
     7
370
    25
100
AcDbLine
 10
-231.7
 20
23.8666666667
 30
0.0
 11
-152.5
 21
23.8666666667
 31
0.0
  0
LINE
  5
A7C
330
1F
100
AcDbEntity
  8
0
  6
Continuous
 62
     7
370
    25
100
AcDbLine
 10
-277.1
 20
-2.9
 30
0.0
 11
-277.1
 21
-1.6
 31
0.0
  0
LINE
  5
A7D
330
1F
100
AcDbEntity
  8
0
  6
Continuous
 62
     7
370
    25
100
AcDbLine
 10
-273.9
 20
44.5666666667
 30
0.0
 11
-277.1
 21
44.5666666667
 31
0.0
  0
LINE
  5
A7E
330
1F
100
AcDbEntity
  8
0
  6
Continuous
 62
     7
370
    25
100
AcDbLine
 10
-282.1
 20
43.2666666667
 30
0.0
 11
-277.1
 21
43.2666666667
 31
0.0
  0
LINE
  5
A7F
330
1F
100
AcDbEntity
  8
0
  6
Continuous
 62
     7
370
    25
100
AcDbLine
 10
-282.1
 20
50.0
 30
0.0
 11
-282.1
 21
43.2666666667
 31
0.0
  0
LINE
  5
A80
330
1F
100
AcDbEntity
  8
0
  6
Continuous
 62
     7
370
    25
100
AcDbLine
 10
-288.1
 20
50.0
 30
0.0
 11
-282.1
 21
50.0
 31
0.0
  0
LINE
  5
A81
330
1F
100
AcDbEntity
  8
0
  6
Continuous
 62
     7
370
    25
100
AcDbLine
 10
-288.1
 20
75.0
 30
0.0
 11
-288.1
 21
50.0
 31
0.0
  0
LINE
  5
A82
330
1F
100
AcDbEntity
  8
0
  6
Continuous
 62
     7
370
    25
100
AcDbLine
 10
-282.1
 20
75.0
 30
0.0
 11
-288.1
 21
75.0
 31
0.0
  0
LINE
  5
A83
330
1F
100
AcDbEntity
  8
0
  6
Continuous
 62
     7
370
    25
100
AcDbLine
 10
-282.1
 20
90.0
 30
0.0
 11
-282.1
 21
75.0
 31
0.0
  0
LINE
  5
A84
330
1F
100
AcDbEntity
  8
0
  6
Continuous
 62
     7
370
    25
100
AcDbLine
 10
-267.1
 20
90.0
 30
0.0
 11
-282.1
 21
90.0
 31
0.0
  0
LINE
  5
A85
330
1F
100
AcDbEntity
  8
0
  6
Continuous
 62
     7
370
    25
100
AcDbLine
 10
-267.1
 20
96.0
 30
0.0
 11
-267.1
 21
90.0
 31
0.0
  0
LINE
  5
A86
330
1F
100
AcDbEntity
  8
0
  6
Continuous
 62
     7
370
    25
100
AcDbLine
 10
-251.7
 20
11.4
 30
0.0
 11
-257.9
 21
11.4
 31
0.0
  0
LINE
  5
A87
330
1F
100
AcDbEntity
  8
0
  6
Continuous
 62
     7
370
    25
100
AcDbLine
 10
-186.9
 20
-40.0666666667
 30
0.0
 11
-186.9
 21
-33.8666666667
 31
0.0
  0
LINE
  5
A88
330
1F
100
AcDbEntity
  8
0
  6
Continuous
 62
     7
370
    25
100
AcDbLine
 10
-183.7666666667
 20
96.0
 30
0.0
 11
-183.7666666667
 21
90.0
 31
0.0
  0
LINE
  5
A89
330
1F
100
AcDbEntity
  8
0
  6
Continuous
 62
     7
370
    25
100
AcDbLine
 10
-158.7666666667
 20
96.0
 30
0.0
 11
-183.7666666667
 21
96.0
 31
0.0
  0
LINE
  5
A8A
330
1F
100
AcDbEntity
  8
0
  6
Continuous
 62
     7
370
    25
100
AcDbLine
 10
-158.7666666667
 20
90.0
 30
0.0
 11
-158.7666666667
 21
96.0
 31
0.0
  0
LINE
  5
A8B
330
1F
100
AcDbEntity
  8
0
  6
Continuous
 62
     7
370
    25
100
AcDbLine
 10
-152.0333333333
 20
90.0
 30
0.0
 11
-158.7666666667
 21
90.0
 31
0.0
  0
LINE
  5
A8C
330
1F
100
AcDbEntity
  8
0
  6
Continuous
 62
     7
370
    25
100
AcDbLine
 10
-152.0333333333
 20
85.0
 30
0.0
 11
-152.0333333333
 21
90.0
 31
0.0
  0
LINE
  5
A8D
330
1F
100
AcDbEntity
  8
0
  6
Continuous
 62
     7
370
    25
100
AcDbLine
 10
-152.5
 20
23.8666666667
 30
0.0
 11
-152.5
 21
-9.817
 31
0.0
  0
LINE
  5
A8E
330
1F
100
AcDbEntity
  8
0
  6
Continuous
 62
     7
370
    25
100
AcDbLine
 10
-203.5
 20
-33.8666666667
 30
0.0
 11
-197.3
 21
-33.8666666667
 31
0.0
  0
LINE
  5
A8F
330
1F
100
AcDbEntity
  8
0
  6
Continuous
 62
     7
370
    25
100
AcDbLine
 10
-203.5
 20
-40.0666666667
 30
0.0
 11
-203.5
 21
-33.8666666667
 31
0.0
  0
LINE
  5
A90
330
1F
100
AcDbEntity
  8
0
  6
Continuous
 62
     7
370
    25
100
AcDbLine
 10
-203.5
 20
-40.0666666667
 30
0.0
 11
-197.3
 21
-40.0666666667
 31
0.0
  0
LINE
  5
A91
330
1F
100
AcDbEntity
  8
0
  6
Continuous
 62
     7
370
    25
100
AcDbLine
 10
-110.3
 20
-1.6
 30
0.0
 11
-118.3
 21
-1.6
 31
0.0
  0
LINE
  5
A92
330
1F
100
AcDbEntity
  8
0
  6
Continuous
 62
     7
370
    25
100
AcDbLine
 10
-193.7
 20
75.0
 30
0.0
 11
-193.7
 21
81.8
 31
0.0
  0
LINE
  5
A93
330
1F
100
AcDbEntity
  8
0
  6
Continuous
 62
     7
370
    25
100
AcDbLine
 10
-190.5
 20
75.0
 30
0.0
 11
-193.7
 21
75.0
 31
0.0
  0
LINE
  5
A94
330
1F
100
AcDbEntity
  8
0
  6
Continuous
 62
     7
370
    25
100
AcDbLine
 10
-190.5
 20
81.8
 30
0.0
 11
-190.5
 21
75.0
 31
0.0
  0
LINE
  5
A95
330
1F
100
AcDbEntity
  8
0
  6
Continuous
 62
     7
370
    25
100
AcDbLine
 10
-189.2
 20
81.8
 30
0.0
 11
-190.5
 21
81.8
 31
0.0
  0
LINE
  5
A96
330
1F
100
AcDbEntity
  8
0
  6
Continuous
 62
     7
370
    25
100
AcDbLine
 10
-189.2
 20
85.0
 30
0.0
 11
-189.2
 21
81.8
 31
0.0
  0
LINE
  5
A97
330
1F
100
AcDbEntity
  8
0
  6
Continuous
 62
     7
370
    25
100
AcDbLine
 10
-190.5
 20
85.0
 30
0.0
 11
-189.2
 21
85.0
 31
0.0
  0
LINE
  5
A98
330
1F
100
AcDbEntity
  8
0
  6
Continuous
 62
     7
370
    25
100
AcDbLine
 10
-190.5
 20
90.0
 30
0.0
 11
-190.5
 21
85.0
 31
0.0
  0
LINE
  5
A99
330
1F
100
AcDbEntity
  8
0
  6
Continuous
 62
     7
370
    25
100
AcDbLine
 10
-183.7666666667
 20
90.0
 30
0.0
 11
-190.5
 21
90.0
 31
0.0
  0
LINE
  5
A9A
330
1F
100
AcDbEntity
  8
0
  6
Continuous
 62
     7
370
    25
100
AcDbLine
 10
-132.5
 20
-5.2
 30
0.0
 11
-132.5
 21
-11.4
 31
0.0
  0
LINE
  5
A9B
330
1F
100
AcDbEntity
  8
0
  6
Continuous
 62
     7
370
    25
100
AcDbLine
 10
-257.9
 20
-5.2
 30
0.0
 11
-257.9
 21
-11.4
 31
0.0
  0
LINE
  5
A9C
330
1F
100
AcDbEntity
  8
0
  6
Continuous
 62
     7
370
    25
100
AcDbLine
 10
-197.3
 20
40.0666666667
 30
0.0
 11
-197.3
 21
33.8666666667
 31
0.0
  0
LINE
  5
A9D
330
1F
100
AcDbEntity
  8
0
  6
Continuous
 62
     7
370
    25
100
AcDbLine
 10
-203.5
 20
40.0666666667
 30
0.0
 11
-197.3
 21
40.0666666667
 31
0.0
  0
LINE
  5
A9E
330
1F
100
AcDbEntity
  8
0
  6
Continuous
 62
     7
370
    25
100
AcDbLine
 10
-186.9
 20
40.0666666667
 30
0.0
 11
-186.9
 21
33.8666666667
 31
0.0
  0
LINE
  5
A9F
330
1F
100
AcDbEntity
  8
0
  6
Continuous
 62
     7
370
    25
100
AcDbLine
 10
-203.5
 20
40.0666666667
 30
0.0
 11
-203.5
 21
33.8666666667
 31
0.0
  0
LINE
  5
AA0
330
1F
100
AcDbEntity
  8
0
  6
Continuous
 62
     7
370
    25
100
AcDbLine
 10
-180.7
 20
33.8666666667
 30
0.0
 11
-186.9
 21
33.8666666667
 31
0.0
  0
LINE
  5
AA1
330
1F
100
AcDbEntity
  8
0
  6
Continuous
 62
     7
370
    25
100
AcDbLine
 10
-180.7
 20
40.0666666667
 30
0.0
 11
-180.7
 21
33.8666666667
 31
0.0
  0
LINE
  5
AA2
330
1F
100
AcDbEntity
  8
0
  6
Continuous
 62
     7
370
    25
100
AcDbLine
 10
-126.3
 20
5.2
 30
0.0
 11
-132.5
 21
5.2
 31
0.0
  0
LINE
  5
AA3
330
1F
100
AcDbEntity
  8
0
  6
Continuous
 62
     7
370
    25
100
AcDbLine
 10
-203.5
 20
33.8666666667
 30
0.0
 11
-197.3
 21
33.8666666667
 31
0.0
  0
LINE
  5
AA4
330
1F
100
AcDbEntity
  8
0
  6
Continuous
 62
     7
370
    25
100
AcDbLine
 10
-126.3
 20
-11.4
 30
0.0
 11
-132.5
 21
-11.4
 31
0.0
  0
LINE
  5
AA5
330
1F
100
AcDbEntity
  8
0
  6
Continuous
 62
     7
370
    25
100
AcDbLine
 10
-180.7
 20
40.0666666667
 30
0.0
 11
-186.9
 21
40.0666666667
 31
0.0
  0
LINE
  5
AA6
330
1F
100
AcDbEntity
  8
0
  6
Continuous
 62
     7
370
    25
100
AcDbLine
 10
-348.5
 20
56.0
 30
0.0
 11
-348.5
 21
81.0
 31
0.0
  0
LINE
  5
AA7
330
1F
100
AcDbEntity
  8
0
  6
Continuous
 62
     7
370
    25
100
AcDbLine
 10
-342.3
 20
56.0
 30
0.0
 11
-348.5
 21
56.0
 31
0.0
  0
LINE
  5
AA8
330
1F
100
AcDbEntity
  8
0
  6
Continuous
 62
     7
370
    25
100
AcDbLine
 10
-342.3
 20
81.0
 30
0.0
 11
-342.3
 21
56.0
 31
0.0
  0
LINE
  5
AA9
330
1F
100
AcDbEntity
  8
0
  6
Continuous
 62
     7
370
    25
100
AcDbLine
 10
-348.5
 20
81.0
 30
0.0
 11
-342.3
 21
81.0
 31
0.0
  0
LINE
  5
AAA
330
1F
100
AcDbEntity
  8
0
  6
Continuous
 62
     7
370
    25
100
AcDbLine
 10
-348.5
 20
14.3333333333
 30
0.0
 11
-348.5
 21
39.3333333333
 31
0.0
  0
LINE
  5
AAB
330
1F
100
AcDbEntity
  8
0
  6
Continuous
 62
     7
370
    25
100
AcDbLine
 10
-342.3
 20
14.3333333333
 30
0.0
 11
-348.5
 21
14.3333333333
 31
0.0
  0
LINE
  5
AAC
330
1F
100
AcDbEntity
  8
0
  6
Continuous
 62
     7
370
    25
100
AcDbLine
 10
-342.3
 20
39.3333333333
 30
0.0
 11
-342.3
 21
14.3333333333
 31
0.0
  0
LINE
  5
AAD
330
1F
100
AcDbEntity
  8
0
  6
Continuous
 62
     7
370
    25
100
AcDbLine
 10
-348.5
 20
39.3333333333
 30
0.0
 11
-342.3
 21
39.3333333333
 31
0.0
  0
LINE
  5
AAE
330
1F
100
AcDbEntity
  8
0
  6
Continuous
 62
     7
370
    25
100
AcDbLine
 10
-348.5
 20
-27.3333333333
 30
0.0
 11
-348.5
 21
-2.3333333333
 31
0.0
  0
LINE
  5
AAF
330
1F
100
AcDbEntity
  8
0
  6
Continuous
 62
     7
370
    25
100
AcDbLine
 10
-342.3
 20
-27.3333333333
 30
0.0
 11
-348.5
 21
-27.3333333333
 31
0.0
  0
LINE
  5
AB0
330
1F
100
AcDbEntity
  8
0
  6
Continuous
 62
     7
370
    25
100
AcDbLine
 10
-342.3
 20
-2.3333333333
 30
0.0
 11
-342.3
 21
-27.3333333333
 31
0.0
  0
LINE
  5
AB1
330
1F
100
AcDbEntity
  8
0
  6
Continuous
 62
     7
370
    25
100
AcDbLine
 10
-348.5
 20
-2.3333333333
 30
0.0
 11
-342.3
 21
-2.3333333333
 31
0.0
  0
LINE
  5
AB2
330
1F
100
AcDbEntity
  8
0
  6
Continuous
 62
     7
370
    25
100
AcDbLine
 10
-404.7
 20
56.0
 30
0.0
 11
-404.7
 21
81.0
 31
0.0
  0
LINE
  5
AB3
330
1F
100
AcDbEntity
  8
0
  6
Continuous
 62
     7
370
    25
100
AcDbLine
 10
-398.5
 20
56.0
 30
0.0
 11
-404.7
 21
56.0
 31
0.0
  0
LINE
  5
AB4
330
1F
100
AcDbEntity
  8
0
  6
Continuous
 62
     7
370
    25
100
AcDbLine
 10
-398.5
 20
81.0
 30
0.0
 11
-398.5
 21
56.0
 31
0.0
  0
LINE
  5
AB5
330
1F
100
AcDbEntity
  8
0
  6
Continuous
 62
     7
370
    25
100
AcDbLine
 10
-404.7
 20
81.0
 30
0.0
 11
-398.5
 21
81.0
 31
0.0
  0
LINE
  5
AB6
330
1F
100
AcDbEntity
  8
0
  6
Continuous
 62
     7
370
    25
100
AcDbLine
 10
-404.7
 20
14.3333333333
 30
0.0
 11
-404.7
 21
39.3333333333
 31
0.0
  0
LINE
  5
AB7
330
1F
100
AcDbEntity
  8
0
  6
Continuous
 62
     7
370
    25
100
AcDbLine
 10
-398.5
 20
14.3333333333
 30
0.0
 11
-404.7
 21
14.3333333333
 31
0.0
  0
LINE
  5
AB8
330
1F
100
AcDbEntity
  8
0
  6
Continuous
 62
     7
370
    25
100
AcDbLine
 10
-398.5
 20
39.3333333333
 30
0.0
 11
-398.5
 21
14.3333333333
 31
0.0
  0
LINE
  5
AB9
330
1F
100
AcDbEntity
  8
0
  6
Continuous
 62
     7
370
    25
100
AcDbLine
 10
-404.7
 20
39.3333333333
 30
0.0
 11
-398.5
 21
39.3333333333
 31
0.0
  0
LINE
  5
ABA
330
1F
100
AcDbEntity
  8
0
  6
Continuous
 62
     7
370
    25
100
AcDbLine
 10
-404.7
 20
-27.3333333333
 30
0.0
 11
-404.7
 21
-2.3333333333
 31
0.0
  0
LINE
  5
ABB
330
1F
100
AcDbEntity
  8
0
  6
Continuous
 62
     7
370
    25
100
AcDbLine
 10
-398.5
 20
-27.3333333333
 30
0.0
 11
-404.7
 21
-27.3333333333
 31
0.0
  0
LINE
  5
ABC
330
1F
100
AcDbEntity
  8
0
  6
Continuous
 62
     7
370
    25
100
AcDbLine
 10
-398.5
 20
-2.3333333333
 30
0.0
 11
-398.5
 21
-27.3333333333
 31
0.0
  0
LINE
  5
ABD
330
1F
100
AcDbEntity
  8
0
  6
Continuous
 62
     7
370
    25
100
AcDbLine
 10
-404.7
 20
-2.3333333333
 30
0.0
 11
-398.5
 21
-2.3333333333
 31
0.0
  0
LINE
  5
ABE
330
1F
100
AcDbEntity
  8
0
  6
Continuous
 62
     7
370
    25
100
AcDbLine
 10
-404.7
 20
-44.0
 30
0.0
 11
-398.5
 21
-44.0
 31
0.0
  0
LINE
  5
ABF
330
1F
100
AcDbEntity
  8
0
  6
Continuous
 62
     7
370
    25
100
AcDbLine
 10
-404.7
 20
-69.0
 30
0.0
 11
-404.7
 21
-44.0
 31
0.0
  0
LINE
  5
AC0
330
1F
100
AcDbEntity
  8
0
  6
Continuous
 62
     7
370
    25
100
AcDbLine
 10
-398.5
 20
-69.0
 30
0.0
 11
-404.7
 21
-69.0
 31
0.0
  0
LINE
  5
AC1
330
1F
100
AcDbEntity
  8
0
  6
Continuous
 62
     7
370
    25
100
AcDbLine
 10
-398.5
 20
-44.0
 30
0.0
 11
-398.5
 21
-69.0
 31
0.0
  0
LINE
  5
AC2
330
1F
100
AcDbEntity
  8
0
  6
Continuous
 62
     7
370
    25
100
AcDbLine
 10
-336.3
 20
102.0
 30
0.0
 11
-336.3
 21
-90.0
 31
0.0
  0
LINE
  5
AC3
330
1F
100
AcDbEntity
  8
0
  6
Continuous
 62
     7
370
    25
100
AcDbLine
 10
-348.5
 20
-69.0
 30
0.0
 11
-348.5
 21
-44.0
 31
0.0
  0
LINE
  5
AC4
330
1F
100
AcDbEntity
  8
0
  6
Continuous
 62
     7
370
    25
100
AcDbLine
 10
-342.3
 20
-69.0
 30
0.0
 11
-348.5
 21
-69.0
 31
0.0
  0
LINE
  5
AC5
330
1F
100
AcDbEntity
  8
0
  6
Continuous
 62
     7
370
    25
100
AcDbLine
 10
-342.3
 20
-44.0
 30
0.0
 11
-342.3
 21
-69.0
 31
0.0
  0
LINE
  5
AC6
330
1F
100
AcDbEntity
  8
0
  6
Continuous
 62
     7
370
    25
100
AcDbLine
 10
-348.5
 20
-44.0
 30
0.0
 11
-342.3
 21
-44.0
 31
0.0
  0
LINE
  5
AC7
330
1F
100
AcDbEntity
  8
0
  6
Continuous
 62
     7
370
    25
100
AcDbLine
 10
-410.7
 20
-90.0
 30
0.0
 11
-410.7
 21
102.0
 31
0.0
  0
LINE
  5
AC8
330
1F
100
AcDbEntity
  8
0
  6
Continuous
 62
     7
370
    25
100
AcDbLine
 10
-410.7
 20
102.0
 30
0.0
 11
-336.3
 21
102.0
 31
0.0
  0
LINE
  5
AC9
330
1F
100
AcDbEntity
  8
0
  6
Continuous
 62
     7
370
    25
100
AcDbLine
 10
-336.3
 20
-90.0
 30
0.0
 11
-410.7
 21
-90.0
 31
0.0
  0
LINE
  5
ACA
330
1F
100
AcDbEntity
  8
0
  6
Continuous
 62
     7
370
    25
100
AcDbLine
 10
-10.0
 20
-81.0
 30
0.0
 11
10.0
 21
-81.0
 31
0.0
  0
LINE
  5
ACB
330
1F
100
AcDbEntity
  8
0
  6
Continuous
 62
     7
370
    25
100
AcDbLine
 10
10.0
 20
-78.0
 30
0.0
 11
-10.0
 21
-78.0
 31
0.0
  0
LINE
  5
ACC
330
1F
100
AcDbEntity
  8
0
  6
Continuous
 62
     7
370
    25
100
AcDbLine
 10
-10.0
 20
-12.0
 30
0.0
 11
10.0
 21
-12.0
 31
0.0
  0
LINE
  5
ACD
330
1F
100
AcDbEntity
  8
0
  6
Continuous
 62
     7
370
    25
100
AcDbLine
 10
10.0
 20
-9.0
 30
0.0
 11
-10.0
 21
-9.0
 31
0.0
  0
LINE
  5
ACE
330
1F
100
AcDbEntity
  8
0
  6
Continuous
 62
     7
370
    25
100
AcDbLine
 10
43.5
 20
-55.0
 30
0.0
 11
43.5
 21
-35.0
 31
0.0
  0
LINE
  5
ACF
330
1F
100
AcDbEntity
  8
0
  6
Continuous
 62
     7
370
    25
100
AcDbLine
 10
40.5
 20
-35.0
 30
0.0
 11
40.5
 21
-55.0
 31
0.0
  0
LINE
  5
AD0
330
1F
100
AcDbEntity
  8
0
  6
Continuous
 62
     7
370
    25
100
AcDbLine
 10
-40.5
 20
-55.0
 30
0.0
 11
-40.5
 21
-35.0
 31
0.0
  0
LINE
  5
AD1
330
1F
100
AcDbEntity
  8
0
  6
Continuous
 62
     7
370
    25
100
AcDbLine
 10
-43.5
 20
-35.0
 30
0.0
 11
-43.5
 21
-55.0
 31
0.0
  0
LINE
  5
AD2
330
1F
100
AcDbEntity
  8
0
  6
Continuous
 62
     7
370
    25
100
AcDbLine
 10
-30.0
 20
24.4
 30
0.0
 11
-30.0
 21
14.4
 31
0.0
  0
LINE
  5
AD3
330
1F
100
AcDbEntity
  8
0
  6
Continuous
 62
     7
370
    25
100
AcDbLine
 10
-30.0
 20
14.4
 30
0.0
 11
-23.8
 21
14.4
 31
0.0
  0
LINE
  5
AD4
330
1F
100
AcDbEntity
  8
0
  6
Continuous
 62
     7
370
    25
100
AcDbLine
 10
-23.8
 20
14.4
 30
0.0
 11
-23.8
 21
24.4
 31
0.0
  0
LINE
  5
AD5
330
1F
100
AcDbEntity
  8
0
  6
Continuous
 62
     7
370
    25
100
AcDbLine
 10
-23.8
 20
24.4
 30
0.0
 11
-30.0
 21
24.4
 31
0.0
  0
LINE
  5
AD6
330
1F
100
AcDbEntity
  8
0
  6
Continuous
 62
     7
370
    25
100
AcDbLine
 10
-84.0
 20
75.0
 30
0.0
 11
-84.0
 21
5.0
 31
0.0
  0
LINE
  5
AD7
330
1F
100
AcDbEntity
  8
0
  6
Continuous
 62
     7
370
    25
100
AcDbLine
 10
-84.0
 20
5.0
 30
0.0
 11
-47.0
 21
5.0
 31
0.0
  0
LINE
  5
AD8
330
1F
100
AcDbEntity
  8
0
  6
Continuous
 62
     7
370
    25
100
AcDbLine
 10
-47.0
 20
5.0
 30
0.0
 11
-47.0
 21
75.0
 31
0.0
  0
LINE
  5
AD9
330
1F
100
AcDbEntity
  8
0
  6
Continuous
 62
     7
370
    25
100
AcDbLine
 10
-47.0
 20
75.0
 30
0.0
 11
-84.0
 21
75.0
 31
0.0
  0
LINE
  5
ADA
330
1F
100
AcDbEntity
  8
0
  6
Continuous
 62
     7
370
    25
100
AcDbLine
 10
84.0
 20
5.0
 30
0.0
 11
84.0
 21
75.0
 31
0.0
  0
LINE
  5
ADB
330
1F
100
AcDbEntity
  8
0
  6
Continuous
 62
     7
370
    25
100
AcDbLine
 10
84.0
 20
75.0
 30
0.0
 11
47.0
 21
75.0
 31
0.0
  0
LINE
  5
ADC
330
1F
100
AcDbEntity
  8
0
  6
Continuous
 62
     7
370
    25
100
AcDbLine
 10
47.0
 20
75.0
 30
0.0
 11
47.0
 21
5.0
 31
0.0
  0
LINE
  5
ADD
330
1F
100
AcDbEntity
  8
0
  6
Continuous
 62
     7
370
    25
100
AcDbLine
 10
47.0
 20
5.0
 30
0.0
 11
84.0
 21
5.0
 31
0.0
  0
LINE
  5
ADE
330
1F
100
AcDbEntity
  8
0
  6
Continuous
 62
     7
370
    25
100
AcDbLine
 10
30.0
 20
14.4
 30
0.0
 11
30.0
 21
24.4
 31
0.0
  0
LINE
  5
ADF
330
1F
100
AcDbEntity
  8
0
  6
Continuous
 62
     7
370
    25
100
AcDbLine
 10
30.0
 20
24.4
 30
0.0
 11
23.8
 21
24.4
 31
0.0
  0
LINE
  5
AE0
330
1F
100
AcDbEntity
  8
0
  6
Continuous
 62
     7
370
    25
100
AcDbLine
 10
23.8
 20
24.4
 30
0.0
 11
23.8
 21
14.4
 31
0.0
  0
LINE
  5
AE1
330
1F
100
AcDbEntity
  8
0
  6
Continuous
 62
     7
370
    25
100
AcDbLine
 10
23.8
 20
14.4
 30
0.0
 11
30.0
 21
14.4
 31
0.0
  0
LINE
  5
AE2
330
1F
100
AcDbEntity
  8
0
  6
Continuous
 62
     7
370
    25
100
AcDbLine
 10
90.0
 20
75.0
 30
0.0
 11
90.0
 21
90.0
 31
0.0
  0
LINE
  5
AE3
330
1F
100
AcDbEntity
  8
0
  6
Continuous
 62
     7
370
    25
100
AcDbLine
 10
96.0
 20
75.0
 30
0.0
 11
90.0
 21
75.0
 31
0.0
  0
LINE
  5
AE4
330
1F
100
AcDbEntity
  8
0
  6
Continuous
 62
     7
370
    25
100
AcDbLine
 10
96.0
 20
50.0
 30
0.0
 11
96.0
 21
75.0
 31
0.0
  0
LINE
  5
AE5
330
1F
100
AcDbEntity
  8
0
  6
Continuous
 62
     7
370
    25
100
AcDbLine
 10
90.0
 20
50.0
 30
0.0
 11
96.0
 21
50.0
 31
0.0
  0
LINE
  5
AE6
330
1F
100
AcDbEntity
  8
0
  6
Continuous
 62
     7
370
    25
100
AcDbLine
 10
90.0
 20
33.3333333333
 30
0.0
 11
90.0
 21
50.0
 31
0.0
  0
LINE
  5
AE7
330
1F
100
AcDbEntity
  8
0
  6
Continuous
 62
     7
370
    25
100
AcDbLine
 10
96.0
 20
33.3333333333
 30
0.0
 11
90.0
 21
33.3333333333
 31
0.0
  0
LINE
  5
AE8
330
1F
100
AcDbEntity
  8
0
  6
Continuous
 62
     7
370
    25
100
AcDbLine
 10
96.0
 20
8.3333333333
 30
0.0
 11
96.0
 21
33.3333333333
 31
0.0
  0
LINE
  5
AE9
330
1F
100
AcDbEntity
  8
0
  6
Continuous
 62
     7
370
    25
100
AcDbLine
 10
90.0
 20
8.3333333333
 30
0.0
 11
96.0
 21
8.3333333333
 31
0.0
  0
LINE
  5
AEA
330
1F
100
AcDbEntity
  8
0
  6
Continuous
 62
     7
370
    25
100
AcDbLine
 10
90.0
 20
1.6
 30
0.0
 11
90.0
 21
8.3333333333
 31
0.0
  0
LINE
  5
AEB
330
1F
100
AcDbEntity
  8
0
  6
Continuous
 62
     7
370
    25
100
AcDbLine
 10
85.0
 20
1.6
 30
0.0
 11
90.0
 21
1.6
 31
0.0
  0
LINE
  5
AEC
330
1F
100
AcDbEntity
  8
0
  6
Continuous
 62
     7
370
    25
100
AcDbLine
 10
85.0
 20
2.9
 30
0.0
 11
85.0
 21
1.6
 31
0.0
  0
LINE
  5
AED
330
1F
100
AcDbEntity
  8
0
  6
Continuous
 62
     7
370
    25
100
AcDbLine
 10
81.8
 20
2.9
 30
0.0
 11
85.0
 21
2.9
 31
0.0
  0
LINE
  5
AEE
330
1F
100
AcDbEntity
  8
0
  6
Continuous
 62
     7
370
    25
100
AcDbLine
 10
81.8
 20
1.6
 30
0.0
 11
81.8
 21
2.9
 31
0.0
  0
LINE
  5
AEF
330
1F
100
AcDbEntity
  8
0
  6
Continuous
 62
     7
370
    25
100
AcDbLine
 10
73.8
 20
1.6
 30
0.0
 11
81.8
 21
1.6
 31
0.0
  0
LINE
  5
AF0
330
1F
100
AcDbEntity
  8
0
  6
Continuous
 62
     7
370
    25
100
AcDbLine
 10
73.8
 20
-1.6
 30
0.0
 11
73.8
 21
1.6
 31
0.0
  0
LINE
  5
AF1
330
1F
100
AcDbEntity
  8
0
  6
Continuous
 62
     7
370
    25
100
AcDbLine
 10
81.8
 20
-1.6
 30
0.0
 11
73.8
 21
-1.6
 31
0.0
  0
LINE
  5
AF2
330
1F
100
AcDbEntity
  8
0
  6
Continuous
 62
     7
370
    25
100
AcDbLine
 10
81.8
 20
-2.9
 30
0.0
 11
81.8
 21
-1.6
 31
0.0
  0
LINE
  5
AF3
330
1F
100
AcDbEntity
  8
0
  6
Continuous
 62
     7
370
    25
100
AcDbLine
 10
85.0
 20
-2.9
 30
0.0
 11
81.8
 21
-2.9
 31
0.0
  0
LINE
  5
AF4
330
1F
100
AcDbEntity
  8
0
  6
Continuous
 62
     7
370
    25
100
AcDbLine
 10
85.0
 20
-1.6
 30
0.0
 11
85.0
 21
-2.9
 31
0.0
  0
LINE
  5
AF5
330
1F
100
AcDbEntity
  8
0
  6
Continuous
 62
     7
370
    25
100
AcDbLine
 10
90.0
 20
-1.6
 30
0.0
 11
85.0
 21
-1.6
 31
0.0
  0
LINE
  5
AF6
330
1F
100
AcDbEntity
  8
0
  6
Continuous
 62
     7
370
    25
100
AcDbLine
 10
90.0
 20
-8.3333333333
 30
0.0
 11
90.0
 21
-1.6
 31
0.0
  0
LINE
  5
AF7
330
1F
100
AcDbEntity
  8
0
  6
Continuous
 62
     7
370
    25
100
AcDbLine
 10
96.0
 20
-8.3333333333
 30
0.0
 11
90.0
 21
-8.3333333333
 31
0.0
  0
LINE
  5
AF8
330
1F
100
AcDbEntity
  8
0
  6
Continuous
 62
     7
370
    25
100
AcDbLine
 10
96.0
 20
-33.3333333333
 30
0.0
 11
96.0
 21
-8.3333333333
 31
0.0
  0
LINE
  5
AF9
330
1F
100
AcDbEntity
  8
0
  6
Continuous
 62
     7
370
    25
100
AcDbLine
 10
90.0
 20
-33.3333333333
 30
0.0
 11
96.0
 21
-33.3333333333
 31
0.0
  0
LINE
  5
AFA
330
1F
100
AcDbEntity
  8
0
  6
Continuous
 62
     7
370
    25
100
AcDbLine
 10
90.0
 20
-40.0666666667
 30
0.0
 11
90.0
 21
-33.3333333333
 31
0.0
  0
LINE
  5
AFB
330
1F
100
AcDbEntity
  8
0
  6
Continuous
 62
     7
370
    25
100
AcDbLine
 10
85.0
 20
-40.0666666667
 30
0.0
 11
90.0
 21
-40.0666666667
 31
0.0
  0
LINE
  5
AFC
330
1F
100
AcDbEntity
  8
0
  6
Continuous
 62
     7
370
    25
100
AcDbLine
 10
85.0
 20
-38.7666666667
 30
0.0
 11
85.0
 21
-40.0666666667
 31
0.0
  0
LINE
  5
AFD
330
1F
100
AcDbEntity
  8
0
  6
Continuous
 62
     7
370
    25
100
AcDbLine
 10
81.8
 20
-38.7666666667
 30
0.0
 11
85.0
 21
-38.7666666667
 31
0.0
  0
LINE
  5
AFE
330
1F
100
AcDbEntity
  8
0
  6
Continuous
 62
     7
370
    25
100
AcDbLine
 10
81.8
 20
-40.0666666667
 30
0.0
 11
81.8
 21
-38.7666666667
 31
0.0
  0
LINE
  5
AFF
330
1F
100
AcDbEntity
  8
0
  6
Continuous
 62
     7
370
    25
100
AcDbLine
 10
73.8
 20
-40.0666666667
 30
0.0
 11
81.8
 21
-40.0666666667
 31
0.0
  0
LINE
  5
B00
330
1F
100
AcDbEntity
  8
0
  6
Continuous
 62
     7
370
    25
100
AcDbLine
 10
73.8
 20
-43.2666666667
 30
0.0
 11
73.8
 21
-40.0666666667
 31
0.0
  0
LINE
  5
B01
330
1F
100
AcDbEntity
  8
0
  6
Continuous
 62
     7
370
    25
100
AcDbLine
 10
81.8
 20
-43.2666666667
 30
0.0
 11
73.8
 21
-43.2666666667
 31
0.0
  0
LINE
  5
B02
330
1F
100
AcDbEntity
  8
0
  6
Continuous
 62
     7
370
    25
100
AcDbLine
 10
81.8
 20
-44.5666666667
 30
0.0
 11
81.8
 21
-43.2666666667
 31
0.0
  0
LINE
  5
B03
330
1F
100
AcDbEntity
  8
0
  6
Continuous
 62
     7
370
    25
100
AcDbLine
 10
85.0
 20
-44.5666666667
 30
0.0
 11
81.8
 21
-44.5666666667
 31
0.0
  0
LINE
  5
B04
330
1F
100
AcDbEntity
  8
0
  6
Continuous
 62
     7
370
    25
100
AcDbLine
 10
85.0
 20
-43.2666666667
 30
0.0
 11
85.0
 21
-44.5666666667
 31
0.0
  0
LINE
  5
B05
330
1F
100
AcDbEntity
  8
0
  6
Continuous
 62
     7
370
    25
100
AcDbLine
 10
90.0
 20
-43.2666666667
 30
0.0
 11
85.0
 21
-43.2666666667
 31
0.0
  0
LINE
  5
B06
330
1F
100
AcDbEntity
  8
0
  6
Continuous
 62
     7
370
    25
100
AcDbLine
 10
90.0
 20
-50.0
 30
0.0
 11
90.0
 21
-43.2666666667
 31
0.0
  0
LINE
  5
B07
330
1F
100
AcDbEntity
  8
0
  6
Continuous
 62
     7
370
    25
100
AcDbLine
 10
96.0
 20
-50.0
 30
0.0
 11
90.0
 21
-50.0
 31
0.0
  0
LINE
  5
B08
330
1F
100
AcDbEntity
  8
0
  6
Continuous
 62
     7
370
    25
100
AcDbLine
 10
96.0
 20
-75.0
 30
0.0
 11
96.0
 21
-50.0
 31
0.0
  0
LINE
  5
B09
330
1F
100
AcDbEntity
  8
0
  6
Continuous
 62
     7
370
    25
100
AcDbLine
 10
90.0
 20
-75.0
 30
0.0
 11
96.0
 21
-75.0
 31
0.0
  0
LINE
  5
B0A
330
1F
100
AcDbEntity
  8
0
  6
Continuous
 62
     7
370
    25
100
AcDbLine
 10
90.0
 20
-90.0
 30
0.0
 11
90.0
 21
-75.0
 31
0.0
  0
LINE
  5
B0B
330
1F
100
AcDbEntity
  8
0
  6
Continuous
 62
     7
370
    25
100
AcDbLine
 10
-90.0
 20
-90.0
 30
0.0
 11
90.0
 21
-90.0
 31
0.0
  0
LINE
  5
B0C
330
1F
100
AcDbEntity
  8
0
  6
Continuous
 62
     7
370
    25
100
AcDbLine
 10
-90.0
 20
-75.0
 30
0.0
 11
-90.0
 21
-90.0
 31
0.0
  0
LINE
  5
B0D
330
1F
100
AcDbEntity
  8
0
  6
Continuous
 62
     7
370
    25
100
AcDbLine
 10
-96.0
 20
-75.0
 30
0.0
 11
-90.0
 21
-75.0
 31
0.0
  0
LINE
  5
B0E
330
1F
100
AcDbEntity
  8
0
  6
Continuous
 62
     7
370
    25
100
AcDbLine
 10
-96.0
 20
-50.0
 30
0.0
 11
-96.0
 21
-75.0
 31
0.0
  0
LINE
  5
B0F
330
1F
100
AcDbEntity
  8
0
  6
Continuous
 62
     7
370
    25
100
AcDbLine
 10
-90.0
 20
-50.0
 30
0.0
 11
-96.0
 21
-50.0
 31
0.0
  0
LINE
  5
B10
330
1F
100
AcDbEntity
  8
0
  6
Continuous
 62
     7
370
    25
100
AcDbLine
 10
-90.0
 20
-43.2666666667
 30
0.0
 11
-90.0
 21
-50.0
 31
0.0
  0
LINE
  5
B11
330
1F
100
AcDbEntity
  8
0
  6
Continuous
 62
     7
370
    25
100
AcDbLine
 10
-85.0
 20
-43.2666666667
 30
0.0
 11
-90.0
 21
-43.2666666667
 31
0.0
  0
LINE
  5
B12
330
1F
100
AcDbEntity
  8
0
  6
Continuous
 62
     7
370
    25
100
AcDbLine
 10
-85.0
 20
-44.5666666667
 30
0.0
 11
-85.0
 21
-43.2666666667
 31
0.0
  0
LINE
  5
B13
330
1F
100
AcDbEntity
  8
0
  6
Continuous
 62
     7
370
    25
100
AcDbLine
 10
-81.8
 20
-44.5666666667
 30
0.0
 11
-85.0
 21
-44.5666666667
 31
0.0
  0
LINE
  5
B14
330
1F
100
AcDbEntity
  8
0
  6
Continuous
 62
     7
370
    25
100
AcDbLine
 10
-81.8
 20
-43.2666666667
 30
0.0
 11
-81.8
 21
-44.5666666667
 31
0.0
  0
LINE
  5
B15
330
1F
100
AcDbEntity
  8
0
  6
Continuous
 62
     7
370
    25
100
AcDbLine
 10
-73.8
 20
-43.2666666667
 30
0.0
 11
-81.8
 21
-43.2666666667
 31
0.0
  0
LINE
  5
B16
330
1F
100
AcDbEntity
  8
0
  6
Continuous
 62
     7
370
    25
100
AcDbLine
 10
-73.8
 20
-40.0666666667
 30
0.0
 11
-73.8
 21
-43.2666666667
 31
0.0
  0
LINE
  5
B17
330
1F
100
AcDbEntity
  8
0
  6
Continuous
 62
     7
370
    25
100
AcDbLine
 10
-81.8
 20
-40.0666666667
 30
0.0
 11
-73.8
 21
-40.0666666667
 31
0.0
  0
LINE
  5
B18
330
1F
100
AcDbEntity
  8
0
  6
Continuous
 62
     7
370
    25
100
AcDbLine
 10
-81.8
 20
-38.7666666667
 30
0.0
 11
-81.8
 21
-40.0666666667
 31
0.0
  0
LINE
  5
B19
330
1F
100
AcDbEntity
  8
0
  6
Continuous
 62
     7
370
    25
100
AcDbLine
 10
-85.0
 20
-38.7666666667
 30
0.0
 11
-81.8
 21
-38.7666666667
 31
0.0
  0
LINE
  5
B1A
330
1F
100
AcDbEntity
  8
0
  6
Continuous
 62
     7
370
    25
100
AcDbLine
 10
-85.0
 20
-40.0666666667
 30
0.0
 11
-85.0
 21
-38.7666666667
 31
0.0
  0
LINE
  5
B1B
330
1F
100
AcDbEntity
  8
0
  6
Continuous
 62
     7
370
    25
100
AcDbLine
 10
-90.0
 20
-40.0666666667
 30
0.0
 11
-85.0
 21
-40.0666666667
 31
0.0
  0
LINE
  5
B1C
330
1F
100
AcDbEntity
  8
0
  6
Continuous
 62
     7
370
    25
100
AcDbLine
 10
-90.0
 20
-33.3333333333
 30
0.0
 11
-90.0
 21
-40.0666666667
 31
0.0
  0
LINE
  5
B1D
330
1F
100
AcDbEntity
  8
0
  6
Continuous
 62
     7
370
    25
100
AcDbLine
 10
-96.0
 20
-33.3333333333
 30
0.0
 11
-90.0
 21
-33.3333333333
 31
0.0
  0
LINE
  5
B1E
330
1F
100
AcDbEntity
  8
0
  6
Continuous
 62
     7
370
    25
100
AcDbLine
 10
-96.0
 20
-8.3333333333
 30
0.0
 11
-96.0
 21
-33.3333333333
 31
0.0
  0
LINE
  5
B1F
330
1F
100
AcDbEntity
  8
0
  6
Continuous
 62
     7
370
    25
100
AcDbLine
 10
-90.0
 20
-8.3333333333
 30
0.0
 11
-96.0
 21
-8.3333333333
 31
0.0
  0
LINE
  5
B20
330
1F
100
AcDbEntity
  8
0
  6
Continuous
 62
     7
370
    25
100
AcDbLine
 10
-90.0
 20
-1.6
 30
0.0
 11
-90.0
 21
-8.3333333333
 31
0.0
  0
LINE
  5
B21
330
1F
100
AcDbEntity
  8
0
  6
Continuous
 62
     7
370
    25
100
AcDbLine
 10
-85.0
 20
-1.6
 30
0.0
 11
-90.0
 21
-1.6
 31
0.0
  0
LINE
  5
B22
330
1F
100
AcDbEntity
  8
0
  6
Continuous
 62
     7
370
    25
100
AcDbLine
 10
-85.0
 20
-2.9
 30
0.0
 11
-85.0
 21
-1.6
 31
0.0
  0
LINE
  5
B23
330
1F
100
AcDbEntity
  8
0
  6
Continuous
 62
     7
370
    25
100
AcDbLine
 10
-81.8
 20
-2.9
 30
0.0
 11
-85.0
 21
-2.9
 31
0.0
  0
LINE
  5
B24
330
1F
100
AcDbEntity
  8
0
  6
Continuous
 62
     7
370
    25
100
AcDbLine
 10
-81.8
 20
-1.6
 30
0.0
 11
-81.8
 21
-2.9
 31
0.0
  0
LINE
  5
B25
330
1F
100
AcDbEntity
  8
0
  6
Continuous
 62
     7
370
    25
100
AcDbLine
 10
-73.8
 20
-1.6
 30
0.0
 11
-81.8
 21
-1.6
 31
0.0
  0
LINE
  5
B26
330
1F
100
AcDbEntity
  8
0
  6
Continuous
 62
     7
370
    25
100
AcDbLine
 10
-73.8
 20
1.6
 30
0.0
 11
-73.8
 21
-1.6
 31
0.0
  0
LINE
  5
B27
330
1F
100
AcDbEntity
  8
0
  6
Continuous
 62
     7
370
    25
100
AcDbLine
 10
-81.8
 20
1.6
 30
0.0
 11
-73.8
 21
1.6
 31
0.0
  0
LINE
  5
B28
330
1F
100
AcDbEntity
  8
0
  6
Continuous
 62
     7
370
    25
100
AcDbLine
 10
-81.8
 20
2.9
 30
0.0
 11
-81.8
 21
1.6
 31
0.0
  0
LINE
  5
B29
330
1F
100
AcDbEntity
  8
0
  6
Continuous
 62
     7
370
    25
100
AcDbLine
 10
-85.0
 20
2.9
 30
0.0
 11
-81.8
 21
2.9
 31
0.0
  0
LINE
  5
B2A
330
1F
100
AcDbEntity
  8
0
  6
Continuous
 62
     7
370
    25
100
AcDbLine
 10
-85.0
 20
1.6
 30
0.0
 11
-85.0
 21
2.9
 31
0.0
  0
LINE
  5
B2B
330
1F
100
AcDbEntity
  8
0
  6
Continuous
 62
     7
370
    25
100
AcDbLine
 10
-90.0
 20
1.6
 30
0.0
 11
-85.0
 21
1.6
 31
0.0
  0
LINE
  5
B2C
330
1F
100
AcDbEntity
  8
0
  6
Continuous
 62
     7
370
    25
100
AcDbLine
 10
-90.0
 20
8.3333333333
 30
0.0
 11
-90.0
 21
1.6
 31
0.0
  0
LINE
  5
B2D
330
1F
100
AcDbEntity
  8
0
  6
Continuous
 62
     7
370
    25
100
AcDbLine
 10
-96.0
 20
8.3333333333
 30
0.0
 11
-90.0
 21
8.3333333333
 31
0.0
  0
LINE
  5
B2E
330
1F
100
AcDbEntity
  8
0
  6
Continuous
 62
     7
370
    25
100
AcDbLine
 10
-96.0
 20
33.3333333333
 30
0.0
 11
-96.0
 21
8.3333333333
 31
0.0
  0
LINE
  5
B2F
330
1F
100
AcDbEntity
  8
0
  6
Continuous
 62
     7
370
    25
100
AcDbLine
 10
-90.0
 20
33.3333333333
 30
0.0
 11
-96.0
 21
33.3333333333
 31
0.0
  0
LINE
  5
B30
330
1F
100
AcDbEntity
  8
0
  6
Continuous
 62
     7
370
    25
100
AcDbLine
 10
-90.0
 20
50.0
 30
0.0
 11
-90.0
 21
33.3333333333
 31
0.0
  0
LINE
  5
B31
330
1F
100
AcDbEntity
  8
0
  6
Continuous
 62
     7
370
    25
100
AcDbLine
 10
-96.0
 20
50.0
 30
0.0
 11
-90.0
 21
50.0
 31
0.0
  0
LINE
  5
B32
330
1F
100
AcDbEntity
  8
0
  6
Continuous
 62
     7
370
    25
100
AcDbLine
 10
-96.0
 20
75.0
 30
0.0
 11
-96.0
 21
50.0
 31
0.0
  0
LINE
  5
B33
330
1F
100
AcDbEntity
  8
0
  6
Continuous
 62
     7
370
    25
100
AcDbLine
 10
-90.0
 20
75.0
 30
0.0
 11
-96.0
 21
75.0
 31
0.0
  0
LINE
  5
B34
330
1F
100
AcDbEntity
  8
0
  6
Continuous
 62
     7
370
    25
100
AcDbLine
 10
-90.0
 20
90.0
 30
0.0
 11
-90.0
 21
75.0
 31
0.0
  0
LINE
  5
B35
330
1F
100
AcDbEntity
  8
0
  6
Continuous
 62
     7
370
    25
100
AcDbLine
 10
-75.0
 20
90.0
 30
0.0
 11
-90.0
 21
90.0
 31
0.0
  0
LINE
  5
B36
330
1F
100
AcDbEntity
  8
0
  6
Continuous
 62
     7
370
    25
100
AcDbLine
 10
-75.0
 20
96.0
 30
0.0
 11
-75.0
 21
90.0
 31
0.0
  0
LINE
  5
B37
330
1F
100
AcDbEntity
  8
0
  6
Continuous
 62
     7
370
    25
100
AcDbLine
 10
-50.0
 20
96.0
 30
0.0
 11
-75.0
 21
96.0
 31
0.0
  0
LINE
  5
B38
330
1F
100
AcDbEntity
  8
0
  6
Continuous
 62
     7
370
    25
100
AcDbLine
 10
-50.0
 20
90.0
 30
0.0
 11
-50.0
 21
96.0
 31
0.0
  0
LINE
  5
B39
330
1F
100
AcDbEntity
  8
0
  6
Continuous
 62
     7
370
    25
100
AcDbLine
 10
-43.2666666667
 20
90.0
 30
0.0
 11
-50.0
 21
90.0
 31
0.0
  0
LINE
  5
B3A
330
1F
100
AcDbEntity
  8
0
  6
Continuous
 62
     7
370
    25
100
AcDbLine
 10
-43.2666666667
 20
85.0
 30
0.0
 11
-43.2666666667
 21
90.0
 31
0.0
  0
LINE
  5
B3B
330
1F
100
AcDbEntity
  8
0
  6
Continuous
 62
     7
370
    25
100
AcDbLine
 10
-44.5666666667
 20
85.0
 30
0.0
 11
-43.2666666667
 21
85.0
 31
0.0
  0
LINE
  5
B3C
330
1F
100
AcDbEntity
  8
0
  6
Continuous
 62
     7
370
    25
100
AcDbLine
 10
-44.5666666667
 20
81.8
 30
0.0
 11
-44.5666666667
 21
85.0
 31
0.0
  0
LINE
  5
B3D
330
1F
100
AcDbEntity
  8
0
  6
Continuous
 62
     7
370
    25
100
AcDbLine
 10
-43.2666666667
 20
81.8
 30
0.0
 11
-44.5666666667
 21
81.8
 31
0.0
  0
LINE
  5
B3E
330
1F
100
AcDbEntity
  8
0
  6
Continuous
 62
     7
370
    25
100
AcDbLine
 10
-43.2666666667
 20
75.0
 30
0.0
 11
-43.2666666667
 21
81.8
 31
0.0
  0
LINE
  5
B3F
330
1F
100
AcDbEntity
  8
0
  6
Continuous
 62
     7
370
    25
100
AcDbLine
 10
-40.0666666667
 20
75.0
 30
0.0
 11
-43.2666666667
 21
75.0
 31
0.0
  0
LINE
  5
B40
330
1F
100
AcDbEntity
  8
0
  6
Continuous
 62
     7
370
    25
100
AcDbLine
 10
-40.0666666667
 20
81.8
 30
0.0
 11
-40.0666666667
 21
75.0
 31
0.0
  0
LINE
  5
B41
330
1F
100
AcDbEntity
  8
0
  6
Continuous
 62
     7
370
    25
100
AcDbLine
 10
-38.7666666667
 20
81.8
 30
0.0
 11
-40.0666666667
 21
81.8
 31
0.0
  0
LINE
  5
B42
330
1F
100
AcDbEntity
  8
0
  6
Continuous
 62
     7
370
    25
100
AcDbLine
 10
-38.7666666667
 20
85.0
 30
0.0
 11
-38.7666666667
 21
81.8
 31
0.0
  0
LINE
  5
B43
330
1F
100
AcDbEntity
  8
0
  6
Continuous
 62
     7
370
    25
100
AcDbLine
 10
-40.0666666667
 20
85.0
 30
0.0
 11
-38.7666666667
 21
85.0
 31
0.0
  0
LINE
  5
B44
330
1F
100
AcDbEntity
  8
0
  6
Continuous
 62
     7
370
    25
100
AcDbLine
 10
-40.0666666667
 20
90.0
 30
0.0
 11
-40.0666666667
 21
85.0
 31
0.0
  0
LINE
  5
B45
330
1F
100
AcDbEntity
  8
0
  6
Continuous
 62
     7
370
    25
100
AcDbLine
 10
-33.3333333333
 20
90.0
 30
0.0
 11
-40.0666666667
 21
90.0
 31
0.0
  0
LINE
  5
B46
330
1F
100
AcDbEntity
  8
0
  6
Continuous
 62
     7
370
    25
100
AcDbLine
 10
-33.3333333333
 20
96.0
 30
0.0
 11
-33.3333333333
 21
90.0
 31
0.0
  0
LINE
  5
B47
330
1F
100
AcDbEntity
  8
0
  6
Continuous
 62
     7
370
    25
100
AcDbLine
 10
-8.3333333333
 20
96.0
 30
0.0
 11
-33.3333333333
 21
96.0
 31
0.0
  0
LINE
  5
B48
330
1F
100
AcDbEntity
  8
0
  6
Continuous
 62
     7
370
    25
100
AcDbLine
 10
-8.3333333333
 20
90.0
 30
0.0
 11
-8.3333333333
 21
96.0
 31
0.0
  0
LINE
  5
B49
330
1F
100
AcDbEntity
  8
0
  6
Continuous
 62
     7
370
    25
100
AcDbLine
 10
-1.6
 20
90.0
 30
0.0
 11
-8.3333333333
 21
90.0
 31
0.0
  0
LINE
  5
B4A
330
1F
100
AcDbEntity
  8
0
  6
Continuous
 62
     7
370
    25
100
AcDbLine
 10
-1.6
 20
85.0
 30
0.0
 11
-1.6
 21
90.0
 31
0.0
  0
LINE
  5
B4B
330
1F
100
AcDbEntity
  8
0
  6
Continuous
 62
     7
370
    25
100
AcDbLine
 10
-2.9
 20
85.0
 30
0.0
 11
-1.6
 21
85.0
 31
0.0
  0
LINE
  5
B4C
330
1F
100
AcDbEntity
  8
0
  6
Continuous
 62
     7
370
    25
100
AcDbLine
 10
-2.9
 20
81.8
 30
0.0
 11
-2.9
 21
85.0
 31
0.0
  0
LINE
  5
B4D
330
1F
100
AcDbEntity
  8
0
  6
Continuous
 62
     7
370
    25
100
AcDbLine
 10
-1.6
 20
81.8
 30
0.0
 11
-2.9
 21
81.8
 31
0.0
  0
LINE
  5
B4E
330
1F
100
AcDbEntity
  8
0
  6
Continuous
 62
     7
370
    25
100
AcDbLine
 10
-1.6
 20
75.0
 30
0.0
 11
-1.6
 21
81.8
 31
0.0
  0
LINE
  5
B4F
330
1F
100
AcDbEntity
  8
0
  6
Continuous
 62
     7
370
    25
100
AcDbLine
 10
1.6
 20
75.0
 30
0.0
 11
-1.6
 21
75.0
 31
0.0
  0
LINE
  5
B50
330
1F
100
AcDbEntity
  8
0
  6
Continuous
 62
     7
370
    25
100
AcDbLine
 10
1.6
 20
81.8
 30
0.0
 11
1.6
 21
75.0
 31
0.0
  0
LINE
  5
B51
330
1F
100
AcDbEntity
  8
0
  6
Continuous
 62
     7
370
    25
100
AcDbLine
 10
2.9
 20
81.8
 30
0.0
 11
1.6
 21
81.8
 31
0.0
  0
LINE
  5
B52
330
1F
100
AcDbEntity
  8
0
  6
Continuous
 62
     7
370
    25
100
AcDbLine
 10
2.9
 20
85.0
 30
0.0
 11
2.9
 21
81.8
 31
0.0
  0
LINE
  5
B53
330
1F
100
AcDbEntity
  8
0
  6
Continuous
 62
     7
370
    25
100
AcDbLine
 10
1.6
 20
85.0
 30
0.0
 11
2.9
 21
85.0
 31
0.0
  0
LINE
  5
B54
330
1F
100
AcDbEntity
  8
0
  6
Continuous
 62
     7
370
    25
100
AcDbLine
 10
1.6
 20
90.0
 30
0.0
 11
1.6
 21
85.0
 31
0.0
  0
LINE
  5
B55
330
1F
100
AcDbEntity
  8
0
  6
Continuous
 62
     7
370
    25
100
AcDbLine
 10
8.3333333333
 20
90.0
 30
0.0
 11
1.6
 21
90.0
 31
0.0
  0
LINE
  5
B56
330
1F
100
AcDbEntity
  8
0
  6
Continuous
 62
     7
370
    25
100
AcDbLine
 10
8.3333333333
 20
96.0
 30
0.0
 11
8.3333333333
 21
90.0
 31
0.0
  0
LINE
  5
B57
330
1F
100
AcDbEntity
  8
0
  6
Continuous
 62
     7
370
    25
100
AcDbLine
 10
33.3333333333
 20
96.0
 30
0.0
 11
8.3333333333
 21
96.0
 31
0.0
  0
LINE
  5
B58
330
1F
100
AcDbEntity
  8
0
  6
Continuous
 62
     7
370
    25
100
AcDbLine
 10
33.3333333333
 20
90.0
 30
0.0
 11
33.3333333333
 21
96.0
 31
0.0
  0
LINE
  5
B59
330
1F
100
AcDbEntity
  8
0
  6
Continuous
 62
     7
370
    25
100
AcDbLine
 10
40.0666666667
 20
90.0
 30
0.0
 11
33.3333333333
 21
90.0
 31
0.0
  0
LINE
  5
B5A
330
1F
100
AcDbEntity
  8
0
  6
Continuous
 62
     7
370
    25
100
AcDbLine
 10
40.0666666667
 20
85.0
 30
0.0
 11
40.0666666667
 21
90.0
 31
0.0
  0
LINE
  5
B5B
330
1F
100
AcDbEntity
  8
0
  6
Continuous
 62
     7
370
    25
100
AcDbLine
 10
38.7666666667
 20
85.0
 30
0.0
 11
40.0666666667
 21
85.0
 31
0.0
  0
LINE
  5
B5C
330
1F
100
AcDbEntity
  8
0
  6
Continuous
 62
     7
370
    25
100
AcDbLine
 10
38.7666666667
 20
81.8
 30
0.0
 11
38.7666666667
 21
85.0
 31
0.0
  0
LINE
  5
B5D
330
1F
100
AcDbEntity
  8
0
  6
Continuous
 62
     7
370
    25
100
AcDbLine
 10
40.0666666667
 20
81.8
 30
0.0
 11
38.7666666667
 21
81.8
 31
0.0
  0
LINE
  5
B5E
330
1F
100
AcDbEntity
  8
0
  6
Continuous
 62
     7
370
    25
100
AcDbLine
 10
40.0666666667
 20
75.0
 30
0.0
 11
40.0666666667
 21
81.8
 31
0.0
  0
LINE
  5
B5F
330
1F
100
AcDbEntity
  8
0
  6
Continuous
 62
     7
370
    25
100
AcDbLine
 10
43.2666666667
 20
75.0
 30
0.0
 11
40.0666666667
 21
75.0
 31
0.0
  0
LINE
  5
B60
330
1F
100
AcDbEntity
  8
0
  6
Continuous
 62
     7
370
    25
100
AcDbLine
 10
43.2666666667
 20
81.8
 30
0.0
 11
43.2666666667
 21
75.0
 31
0.0
  0
LINE
  5
B61
330
1F
100
AcDbEntity
  8
0
  6
Continuous
 62
     7
370
    25
100
AcDbLine
 10
44.5666666667
 20
81.8
 30
0.0
 11
43.2666666667
 21
81.8
 31
0.0
  0
LINE
  5
B62
330
1F
100
AcDbEntity
  8
0
  6
Continuous
 62
     7
370
    25
100
AcDbLine
 10
44.5666666667
 20
85.0
 30
0.0
 11
44.5666666667
 21
81.8
 31
0.0
  0
LINE
  5
B63
330
1F
100
AcDbEntity
  8
0
  6
Continuous
 62
     7
370
    25
100
AcDbLine
 10
43.2666666667
 20
85.0
 30
0.0
 11
44.5666666667
 21
85.0
 31
0.0
  0
LINE
  5
B64
330
1F
100
AcDbEntity
  8
0
  6
Continuous
 62
     7
370
    25
100
AcDbLine
 10
43.2666666667
 20
90.0
 30
0.0
 11
43.2666666667
 21
85.0
 31
0.0
  0
LINE
  5
B65
330
1F
100
AcDbEntity
  8
0
  6
Continuous
 62
     7
370
    25
100
AcDbLine
 10
50.0
 20
90.0
 30
0.0
 11
43.2666666667
 21
90.0
 31
0.0
  0
LINE
  5
B66
330
1F
100
AcDbEntity
  8
0
  6
Continuous
 62
     7
370
    25
100
AcDbLine
 10
50.0
 20
96.0
 30
0.0
 11
50.0
 21
90.0
 31
0.0
  0
LINE
  5
B67
330
1F
100
AcDbEntity
  8
0
  6
Continuous
 62
     7
370
    25
100
AcDbLine
 10
75.0
 20
96.0
 30
0.0
 11
50.0
 21
96.0
 31
0.0
  0
LINE
  5
B68
330
1F
100
AcDbEntity
  8
0
  6
Continuous
 62
     7
370
    25
100
AcDbLine
 10
75.0
 20
90.0
 30
0.0
 11
75.0
 21
96.0
 31
0.0
  0
LINE
  5
B69
330
1F
100
AcDbEntity
  8
0
  6
Continuous
 62
     7
370
    25
100
AcDbLine
 10
90.0
 20
90.0
 30
0.0
 11
75.0
 21
90.0
 31
0.0
  0
LINE
  5
B6A
330
1F
100
AcDbEntity
  8
0
  6
Continuous
 62
     7
370
    25
100
AcDbLine
 10
-323.2
 20
261.1
 30
0.0
 11
-323.2
 21
85.1
 31
0.0
  0
LINE
  5
B6B
330
1F
100
AcDbEntity
  8
0
  6
Continuous
 62
     7
370
    25
100
AcDbLine
 10
-288.2
 20
261.1
 30
0.0
 11
-323.2
 21
261.1
 31
0.0
  0
LINE
  5
B6C
330
1F
100
AcDbEntity
  8
0
  6
Continuous
 62
     7
370
    25
100
AcDbLine
 10
-323.2
 20
85.1
 30
0.0
 11
-288.2
 21
85.1
 31
0.0
  0
LINE
  5
B6D
330
1F
100
AcDbEntity
  8
0
  6
Continuous
 62
     7
370
    25
100
AcDbLine
 10
-288.2
 20
85.1
 30
0.0
 11
-288.2
 21
261.1
 31
0.0
  0
LINE
  5
B6E
330
1F
100
AcDbEntity
  8
0
  6
Continuous
 62
     7
370
    25
100
AcDbLine
 10
-288.2
 20
85.0
 30
0.0
 11
-288.2
 21
-90.0
 31
0.0
  0
LINE
  5
B6F
330
1F
100
AcDbEntity
  8
0
  6
Continuous
 62
     7
370
    25
100
AcDbLine
 10
-288.2
 20
-90.0
 30
0.0
 11
-336.2
 21
-90.0
 31
0.0
  0
LINE
  5
B70
330
1F
100
AcDbEntity
  8
0
  6
Continuous
 62
     7
370
    25
100
AcDbLine
 10
-336.2
 20
-90.0
 30
0.0
 11
-336.2
 21
85.0
 31
0.0
  0
LINE
  5
B71
330
1F
100
AcDbEntity
  8
0
  6
Continuous
 62
     7
370
    25
100
AcDbLine
 10
-336.2
 20
85.0
 30
0.0
 11
-288.2
 21
85.0
 31
0.0
  0
ARC
  5
B72
330
1F
100
AcDbEntity
  8
0
  6
Continuous
 62
     7
370
    25
100
AcDbCircle
 10
-298.2
 20
326.7355598447
 30
0.0
 40
3.999999999999967
100
AcDbArc
 50
248.2469408161
 51
0.0
  0
ARC
  5
B73
330
1F
100
AcDbEntity
  8
0
  6
Continuous
 62
     7
370
    25
100
AcDbCircle
 10
-304.0
 20
312.2
 30
0.0
 40
11.65
100
AcDbArc
 50
68.2469408161
 51
291.7530591839
  0
ARC
  5
B74
330
1F
100
AcDbEntity
  8
0
  6
Continuous
 62
     7
370
    25
100
AcDbCircle
 10
-298.2
 20
297.6644401553
 30
0.0
 40
4.000000000000057
100
AcDbArc
 50
0.0
 51
111.7530591839
  0
ARC
  5
B75
330
1F
100
AcDbEntity
  8
0
  6
Continuous
 62
     7
370
    25
100
AcDbCircle
 10
-301.2
 20
291.7407111561
 30
0.0
 40
2.999999999999886
100
AcDbArc
 50
360.0
 51
97.7929243354
  0
ARC
  5
B76
330
1F
100
AcDbEntity
  8
0
  6
Continuous
 62
     7
370
    25
100
AcDbCircle
 10
-304.0
 20
312.2
 30
0.0
 40
17.65000000000003
100
AcDbArc
 50
82.2070756646
 51
277.7929243354
  0
ARC
  5
B77
330
1F
100
AcDbEntity
  8
0
  6
Continuous
 62
     7
370
    25
100
AcDbCircle
 10
-301.2
 20
332.6592888439
 30
0.0
 40
3.000000000000018
100
AcDbArc
 50
262.2070756646
 51
0.0
  0
ARC
  5
B78
330
1F
100
AcDbEntity
  8
0
  6
Continuous
 62
     7
370
    25
100
AcDbCircle
 10
-268.2
 20
326.7355598447
 30
0.0
 40
4.00000000000003
100
AcDbArc
 50
248.2469408161
 51
0.0
  0
ARC
  5
B79
330
1F
100
AcDbEntity
  8
0
  6
Continuous
 62
     7
370
    25
100
AcDbCircle
 10
-274.0
 20
312.2
 30
0.0
 40
11.65000000000002
100
AcDbArc
 50
68.2469408161
 51
291.7530591839
  0
ARC
  5
B7A
330
1F
100
AcDbEntity
  8
0
  6
Continuous
 62
     7
370
    25
100
AcDbCircle
 10
-268.2
 20
297.6644401553
 30
0.0
 40
4.0
100
AcDbArc
 50
0.0
 51
111.7530591839
  0
ARC
  5
B7B
330
1F
100
AcDbEntity
  8
0
  6
Continuous
 62
     7
370
    25
100
AcDbCircle
 10
-271.2
 20
291.7407111561
 30
0.0
 40
2.999999999999886
100
AcDbArc
 50
360.0
 51
97.7929243354
  0
ARC
  5
B7C
330
1F
100
AcDbEntity
  8
0
  6
Continuous
 62
     7
370
    25
100
AcDbCircle
 10
-274.0
 20
312.2
 30
0.0
 40
17.65000000000003
100
AcDbArc
 50
82.2070756646
 51
277.7929243354
  0
ARC
  5
B7D
330
1F
100
AcDbEntity
  8
0
  6
Continuous
 62
     7
370
    25
100
AcDbCircle
 10
-271.2
 20
332.6592888439
 30
0.0
 40
3.000000000000066
100
AcDbArc
 50
262.2070756646
 51
0.0
  0
ARC
  5
B7E
330
1F
100
AcDbEntity
  8
0
  6
Continuous
 62
     7
370
    25
100
AcDbCircle
 10
-176.55
 20
59.15
 30
0.0
 40
1.100000000000051
100
AcDbArc
 50
0.0
 51
90.0
  0
ARC
  5
B7F
330
1F
100
AcDbEntity
  8
0
  6
Continuous
 62
     7
370
    25
100
AcDbCircle
 10
-197.35
 20
59.15
 30
0.0
 40
1.10000000000003
100
AcDbArc
 50
90.0
 51
180.0
  0
ARC
  5
B80
330
1F
100
AcDbEntity
  8
0
  6
Continuous
 62
     7
370
    25
100
AcDbCircle
 10
-197.35
 20
48.65
 30
0.0
 40
1.099999999999994
100
AcDbArc
 50
180.0
 51
270.0
  0
ARC
  5
B81
330
1F
100
AcDbEntity
  8
0
  6
Continuous
 62
     7
370
    25
100
AcDbCircle
 10
-176.55
 20
48.65
 30
0.0
 40
1.099999999999795
100
AcDbArc
 50
270.0
 51
0.0
  0
ARC
  5
B82
330
1F
100
AcDbEntity
  8
0
  6
Continuous
 62
     7
370
    25
100
AcDbCircle
 10
-176.55
 20
-59.15
 30
0.0
 40
1.100000000000051
100
AcDbArc
 50
270.0
 51
0.0
  0
ARC
  5
B83
330
1F
100
AcDbEntity
  8
0
  6
Continuous
 62
     7
370
    25
100
AcDbCircle
 10
-176.55
 20
-48.65
 30
0.0
 40
1.099999999999824
100
AcDbArc
 50
360.0
 51
90.0
  0
ARC
  5
B84
330
1F
100
AcDbEntity
  8
0
  6
Continuous
 62
     7
370
    25
100
AcDbCircle
 10
-197.35
 20
-48.65
 30
0.0
 40
1.100000000000023
100
AcDbArc
 50
90.0
 51
180.0
  0
ARC
  5
B85
330
1F
100
AcDbEntity
  8
0
  6
Continuous
 62
     7
370
    25
100
AcDbCircle
 10
-197.35
 20
-59.15
 30
0.0
 40
1.100000000000023
100
AcDbArc
 50
180.0
 51
270.0
  0
ARC
  5
B86
330
1F
100
AcDbEntity
  8
0
  6
Continuous
 62
     7
370
    25
100
AcDbCircle
 10
-10.0
 20
-79.5
 30
0.0
 40
1.5
100
AcDbArc
 50
90.0
 51
270.0
  0
ARC
  5
B87
330
1F
100
AcDbEntity
  8
0
  6
Continuous
 62
     7
370
    25
100
AcDbCircle
 10
10.0
 20
-79.5
 30
0.0
 40
1.5
100
AcDbArc
 50
270.0
 51
90.0
  0
ARC
  5
B88
330
1F
100
AcDbEntity
  8
0
  6
Continuous
 62
     7
370
    25
100
AcDbCircle
 10
-10.0
 20
-10.5
 30
0.0
 40
1.500000000000002
100
AcDbArc
 50
90.0
 51
270.0
  0
ARC
  5
B89
330
1F
100
AcDbEntity
  8
0
  6
Continuous
 62
     7
370
    25
100
AcDbCircle
 10
10.0
 20
-10.5
 30
0.0
 40
1.500000000000002
100
AcDbArc
 50
270.0
 51
90.0
  0
ARC
  5
B8A
330
1F
100
AcDbEntity
  8
0
  6
Continuous
 62
     7
370
    25
100
AcDbCircle
 10
42.0
 20
-55.0
 30
0.0
 40
1.5
100
AcDbArc
 50
180.0
 51
0.0
  0
ARC
  5
B8B
330
1F
100
AcDbEntity
  8
0
  6
Continuous
 62
     7
370
    25
100
AcDbCircle
 10
42.0
 20
-35.0
 30
0.0
 40
1.5
100
AcDbArc
 50
0.0
 51
180.0
  0
ARC
  5
B8C
330
1F
100
AcDbEntity
  8
0
  6
Continuous
 62
     7
370
    25
100
AcDbCircle
 10
-42.0
 20
-55.0
 30
0.0
 40
1.5
100
AcDbArc
 50
180.0
 51
0.0
  0
ARC
  5
B8D
330
1F
100
AcDbEntity
  8
0
  6
Continuous
 62
     7
370
    25
100
AcDbCircle
 10
-42.0
 20
-35.0
 30
0.0
 40
1.5
100
AcDbArc
 50
0.0
 51
180.0
  0
MTEXT
  5
B8F
330
1F
100
AcDbEntity
  8
0
  6
Continuous
 62
     7
100
AcDbMText
 10
-472.2
 20
-91.0195663917
 30
0.0
 40
4.83362
 41
0.0
 71
     1
 72
     1
  1
SOLIDWORKS Educational Product.
  7
SLDTEXTSTYLE0
 73
     1
 44
1.0
  0
MTEXT
  5
B90
330
1F
100
AcDbEntity
  8
0
  6
Continuous
 62
     7
100
AcDbMText
 10
-472.2
 20
-98.2699963917
 30
0.0
 40
4.83362
 41
0.0
 71
     1
 72
     1
  1
For Instructional Use Only.
  7
SLDTEXTSTYLE0
 73
     1
 44
1.0
  0
ENDSEC
  0
SECTION
  2
OBJECTS
  0
DICTIONARY
  5
C
330
0
100
AcDbDictionary
281
     1
  3
ACAD_GROUP
350
D
  3
ACAD_LAYOUT
350
1A
  3
ACAD_MLINESTYLE
350
17
  3
ACAD_PLOTSETTINGS
350
19
  3
ACAD_PLOTSTYLENAME
350
E
  3
ACAD_SCALELIST
350
47
  3
DWGPROPS
350
B91
  0
DICTIONARY
  5
D
102
{ACAD_REACTORS
330
C
102
}
330
C
100
AcDbDictionary
281
     1
  0
DICTIONARY
  5
1A
102
{ACAD_REACTORS
330
C
102
}
330
C
100
AcDbDictionary
281
     1
  3
Layout1
350
1E
  3
Layout2
350
26
  3
Model
350
22
  0
DICTIONARY
  5
17
102
{ACAD_REACTORS
330
C
102
}
330
C
100
AcDbDictionary
281
     1
  3
Standard
350
18
  0
DICTIONARY
  5
19
102
{ACAD_REACTORS
330
C
102
}
330
C
100
AcDbDictionary
281
     1
  0
ACDBDICTIONARYWDFLT
  5
E
102
{ACAD_REACTORS
330
C
102
}
330
C
100
AcDbDictionary
281
     1
  3
Normal
350
F
100
AcDbDictionaryWithDefault
340
F
  0
DICTIONARY
  5
47
102
{ACAD_REACTORS
330
C
102
}
330
C
100
AcDbDictionary
281
     1
  3
A0
350
48
  3
A1
350
49
  3
A2
350
4A
  3
A3
350
4B
  3
A4
350
4C
  3
A5
350
4D
  3
A6
350
4E
  3
A7
350
4F
  3
A8
350
50
  3
A9
350
51
  3
B0
350
52
  3
B1
350
53
  3
B2
350
54
  3
B3
350
55
  3
B4
350
56
  3
B5
350
57
  3
B6
350
58
  0
XRECORD
  5
B91
102
{ACAD_REACTORS
330
C
102
}
330
C
100
AcDbXrecord
280
     1
  1
DWGPROPS COOKIE
  2

  3

  4

  6

  7

  8
USER
  9

300
=
301
=
302
=
303
=
304
=
305
=
306
=
307
=
308
=
309
=
 40
0.0
 41
2461002.022958808
 42
2461002.023000811
  1

 90
        0
  0
LAYOUT
  5
1E
102
{ACAD_REACTORS
330
1A
102
}
330
1A
100
AcDbPlotSettings
  1

  2
none_device
  4

  6

 40
0.0
 41
0.0
 42
0.0
 43
0.0
 44
0.0
 45
0.0
 46
0.0
 47
0.0
 48
0.0
 49
0.0
140
0.0
141
0.0
142
1.0
143
1.0
 70
   688
 72
     1
 73
     0
 74
     5
  7

 75
    16
147
1.0
148
0.0
149
0.0
100
AcDbLayout
  1
Layout1
 70
     1
 71
     1
 10
0.0
 20
0.0
 11
420.0
 21
297.0
 12
0.0
 22
0.0
 32
0.0
 14
1.0000000000E+20
 24
1.0000000000E+20
 34
1.0000000000E+20
 15
-1.0000000000E+20
 25
-1.0000000000E+20
 35
-1.0000000000E+20
146
0.0
 13
0.0
 23
0.0
 33
0.0
 16
1.0
 26
0.0
 36
0.0
 17
0.0
 27
1.0
 37
0.0
 76
     0
330
1B
  0
LAYOUT
  5
26
102
{ACAD_REACTORS
330
1A
102
}
330
1A
100
AcDbPlotSettings
  1

  2
none_device
  4

  6

 40
0.0
 41
0.0
 42
0.0
 43
0.0
 44
0.0
 45
0.0
 46
0.0
 47
0.0
 48
0.0
 49
0.0
140
0.0
141
0.0
142
1.0
143
1.0
 70
   688
 72
     1
 73
     0
 74
     5
  7

 75
    16
147
1.0
148
0.0
149
0.0
100
AcDbLayout
  1
Layout2
 70
     1
 71
     2
 10
0.0
 20
0.0
 11
0.0
 21
0.0
 12
0.0
 22
0.0
 32
0.0
 14
0.0
 24
0.0
 34
0.0
 15
0.0
 25
0.0
 35
0.0
146
0.0
 13
0.0
 23
0.0
 33
0.0
 16
1.0
 26
0.0
 36
0.0
 17
0.0
 27
1.0
 37
0.0
 76
     0
330
23
  0
LAYOUT
  5
22
102
{ACAD_REACTORS
330
1A
102
}
330
1A
100
AcDbPlotSettings
  1

  2
none_device
  4
ANSI_A_(11.00_x_8.50_Inches)
  6

 40
6.35
 41
19.05
 42
6.35000508
 43
19.05000254
 44
279.4
 45
215.9
 46
224.9191431833
 47
27.5131338937
 48
0.0
 49
0.0
140
0.0
141
0.0
142
0.0191657867
143
1.0
 70
  1696
 72
     0
 73
     0
 74
     0
  7

 75
     0
147
0.0179189148
148
-1300.4909072572
149
0.0
100
AcDbLayout
  1
Model
 70
     1
 71
     0
 10
0.0
 20
0.0
 11
420.0
 21
297.0
 12
0.0
 22
0.0
 32
0.0
 14
-472.2
 24
-90.0
 34
0.0
 15
96.0
 25
342.2
 35
0.0
146
0.0
 13
0.0
 23
0.0
 33
0.0
 16
1.0
 26
0.0
 36
0.0
 17
0.0
 27
1.0
 37
0.0
 76
     0
330
1F
331
29
  0
MLINESTYLE
  5
18
102
{ACAD_REACTORS
330
17
102
}
330
17
100
AcDbMlineStyle
  2
Standard
 70
     0
  3

 62
   256
 51
90.0
 52
90.0
 71
     2
 49
0.5
 62
   256
  6
BYLAYER
 49
-0.5
 62
   256
  6
BYLAYER
  0
ACDBPLACEHOLDER
  5
F
102
{ACAD_REACTORS
330
E
102
}
330
E
  0
SCALE
  5
48
102
{ACAD_REACTORS
330
47
102
}
330
47
100
AcDbScale
 70
     0
300
1:1
140
1.0
141
1.0
290
     1
  0
SCALE
  5
49
102
{ACAD_REACTORS
330
47
102
}
330
47
100
AcDbScale
 70
     0
300
1:2
140
1.0
141
2.0
290
     0
  0
SCALE
  5
4A
102
{ACAD_REACTORS
330
47
102
}
330
47
100
AcDbScale
 70
     0
300
1:4
140
1.0
141
4.0
290
     0
  0
SCALE
  5
4B
102
{ACAD_REACTORS
330
47
102
}
330
47
100
AcDbScale
 70
     0
300
1:5
140
1.0
141
5.0
290
     0
  0
SCALE
  5
4C
102
{ACAD_REACTORS
330
47
102
}
330
47
100
AcDbScale
 70
     0
300
1:8
140
1.0
141
8.0
290
     0
  0
SCALE
  5
4D
102
{ACAD_REACTORS
330
47
102
}
330
47
100
AcDbScale
 70
     0
300
1:10
140
1.0
141
10.0
290
     0
  0
SCALE
  5
4E
102
{ACAD_REACTORS
330
47
102
}
330
47
100
AcDbScale
 70
     0
300
1:16
140
1.0
141
16.0
290
     0
  0
SCALE
  5
4F
102
{ACAD_REACTORS
330
47
102
}
330
47
100
AcDbScale
 70
     0
300
1:20
140
1.0
141
20.0
290
     0
  0
SCALE
  5
50
102
{ACAD_REACTORS
330
47
102
}
330
47
100
AcDbScale
 70
     0
300
1:30
140
1.0
141
30.0
290
     0
  0
SCALE
  5
51
102
{ACAD_REACTORS
330
47
102
}
330
47
100
AcDbScale
 70
     0
300
1:40
140
1.0
141
40.0
290
     0
  0
SCALE
  5
52
102
{ACAD_REACTORS
330
47
102
}
330
47
100
AcDbScale
 70
     0
300
1:50
140
1.0
141
50.0
290
     0
  0
SCALE
  5
53
102
{ACAD_REACTORS
330
47
102
}
330
47
100
AcDbScale
 70
     0
300
1:100
140
1.0
141
100.0
290
     0
  0
SCALE
  5
54
102
{ACAD_REACTORS
330
47
102
}
330
47
100
AcDbScale
 70
     0
300
2:1
140
2.0
141
1.0
290
     0
  0
SCALE
  5
55
102
{ACAD_REACTORS
330
47
102
}
330
47
100
AcDbScale
 70
     0
300
4:1
140
4.0
141
1.0
290
     0
  0
SCALE
  5
56
102
{ACAD_REACTORS
330
47
102
}
330
47
100
AcDbScale
 70
     0
300
8:1
140
8.0
141
1.0
290
     0
  0
SCALE
  5
57
102
{ACAD_REACTORS
330
47
102
}
330
47
100
AcDbScale
 70
     0
300
10:1
140
10.0
141
1.0
290
     0
  0
SCALE
  5
58
102
{ACAD_REACTORS
330
47
102
}
330
47
100
AcDbScale
 70
     0
300
100:1
140
100.0
141
1.0
290
     0
  0
ENDSEC
  0
EOF
