ISO-10303-21;
HEADER;
FILE_DESCRIPTION (( 'STEP AP203' ),
    '1' );
FILE_NAME ('Ultrasonic Sensor HC-SR04 Holder.STEP',
    '2022-09-26T17:52:02',
    ( '' ),
    ( '' ),
    'SwSTEP 2.0',
    'SolidWorks 2021',
    '' );
FILE_SCHEMA (( 'CONFIG_CONTROL_DESIGN' ));
ENDSEC;

DATA;
#1 = PLANE ( 'NONE',  #1294 ) ;
#2 = CC_DESIGN_PERSON_AND_ORGANIZATION_ASSIGNMENT ( #392, #545, ( #1469 ) ) ;
#3 = FACE_OUTER_BOUND ( 'NONE', #1117, .T. ) ;
#4 = VERTEX_POINT ( 'NONE', #499 ) ;
#5 = EDGE_CURVE ( 'NONE', #159, #132, #366, .T. ) ;
#6 = CARTESIAN_POINT ( 'NONE',  ( -21.33771370153814573, 53.25848052220072049, 0.000000000000000000 ) ) ;
#7 = ORIENTED_EDGE ( 'NONE', *, *, #855, .F. ) ;
#8 = AXIS2_PLACEMENT_3D ( 'NONE', #1320, #471, #959 ) ;
#9 = CIRCLE ( 'NONE', #548, 1.000000000000000888 ) ;
#10 = DIRECTION ( 'NONE',  ( 0.000000000000000000, 0.000000000000000000, 1.000000000000000000 ) ) ;
#11 = AXIS2_PLACEMENT_3D ( 'NONE', #703, #1560, #600 ) ;
#12 = CARTESIAN_POINT ( 'NONE',  ( -21.33771370153814217, 41.80389101237968674, 0.000000000000000000 ) ) ;
#13 = CIRCLE ( 'NONE', #326, 12.00000000000000000 ) ;
#14 = VERTEX_POINT ( 'NONE', #1528 ) ;
#15 = AXIS2_PLACEMENT_3D ( 'NONE', #991, #974, #1112 ) ;
#16 = DIRECTION ( 'NONE',  ( 0.000000000000000000, -0.000000000000000000, -1.000000000000000000 ) ) ;
#17 = ORIENTED_EDGE ( 'NONE', *, *, #152, .T. ) ;
#18 = ADVANCED_FACE ( 'NONE', ( #1306 ), #1278, .F. ) ;
#19 = DIRECTION ( 'NONE',  ( 1.000000000000000000, 0.000000000000000000, 0.000000000000000000 ) ) ;
#20 = ORIENTED_EDGE ( 'NONE', *, *, #838, .F. ) ;
#21 = DIRECTION ( 'NONE',  ( -0.000000000000000000, 0.000000000000000000, 1.000000000000000000 ) ) ;
#22 = VERTEX_POINT ( 'NONE', #1545 ) ;
#23 = DATE_AND_TIME ( #1496, #726 ) ;
#24 = DIRECTION ( 'NONE',  ( 5.251054846200071727E-16, -1.000000000000000000, -0.000000000000000000 ) ) ;
#25 = ORIENTED_EDGE ( 'NONE', *, *, #1508, .F. ) ;
#26 = CARTESIAN_POINT ( 'NONE',  ( -30.26428571428572312, 73.71785090089282733, 0.000000000000000000 ) ) ;
#27 = ORIENTED_EDGE ( 'NONE', *, *, #101, .T. ) ;
#28 = PERSON_AND_ORGANIZATION ( #913, #483 ) ;
#29 = CIRCLE ( 'NONE', #933, 0.9999999999999983347 ) ;
#30 = CARTESIAN_POINT ( 'NONE',  ( -39.66428571428571814, 82.61785090089283301, 0.000000000000000000 ) ) ;
#31 = EDGE_CURVE ( 'NONE', #1011, #207, #413, .T. ) ;
#32 = DIRECTION ( 'NONE',  ( 0.000000000000000000, 0.000000000000000000, 1.000000000000000000 ) ) ;
#33 = AXIS2_PLACEMENT_3D ( 'NONE', #1298, #595, #1202 ) ;
#34 = ORIENTED_EDGE ( 'NONE', *, *, #1164, .F. ) ;
#35 = VECTOR ( 'NONE', #47, 1000.000000000000000 ) ;
#36 = DIRECTION ( 'NONE',  ( -1.000000000000000000, 0.000000000000000000, 0.000000000000000000 ) ) ;
#37 = EDGE_LOOP ( 'NONE', ( #106, #839, #1064, #60 ) ) ;
#38 = CALENDAR_DATE ( 2022, 26, 9 ) ;
#39 = CARTESIAN_POINT ( 'NONE',  ( -38.66428571428571814, 64.81785090089283585, 3.000000000000000000 ) ) ;
#40 = LINE ( 'NONE', #1138, #296 ) ;
#41 = EDGE_CURVE ( 'NONE', #576, #818, #1062, .T. ) ;
#42 = ORIENTED_EDGE ( 'NONE', *, *, #235, .T. ) ;
#43 = CARTESIAN_POINT ( 'NONE',  ( -4.664285714285725248, 73.71785090089282733, 3.000000000000000000 ) ) ;
#44 = FACE_BOUND ( 'NONE', #912, .T. ) ;
#45 = CALENDAR_DATE ( 2022, 26, 9 ) ;
#46 = CARTESIAN_POINT ( 'NONE',  ( -45.46428571428572241, 80.54464285714288962, 0.000000000000000000 ) ) ;
#47 = DIRECTION ( 'NONE',  ( -0.000000000000000000, -0.000000000000000000, -1.000000000000000000 ) ) ;
#48 = DIRECTION ( 'NONE',  ( -1.000000000000000000, -6.563818557750089906E-16, 0.000000000000000000 ) ) ;
#49 = ORIENTED_EDGE ( 'NONE', *, *, #1437, .T. ) ;
#50 = ORIENTED_EDGE ( 'NONE', *, *, #1224, .T. ) ;
#51 = ADVANCED_FACE ( 'NONE', ( #1052, #911, #1299, #435, #797, #652, #53, #808 ), #1142, .F. ) ;
#52 = LINE ( 'NONE', #424, #1132 ) ;
#53 = FACE_BOUND ( 'NONE', #706, .T. ) ;
#54 = EDGE_CURVE ( 'NONE', #1455, #1208, #334, .T. ) ;
#55 = CARTESIAN_POINT ( 'NONE',  ( 3.735714285714279548, 82.61785090089283301, 3.000000000000000000 ) ) ;
#56 = DIRECTION ( 'NONE',  ( -0.000000000000000000, 1.000000000000000000, -0.000000000000000000 ) ) ;
#57 = CIRCLE ( 'NONE', #416, 0.9999999999999983347 ) ;
#58 = CARTESIAN_POINT ( 'NONE',  ( 3.735714285714279548, 64.81785090089283585, 3.000000000000000000 ) ) ;
#59 = CARTESIAN_POINT ( 'NONE',  ( 10.53571428571428292, 1.827655090761278678E-15, 3.000000000000000000 ) ) ;
#60 = ORIENTED_EDGE ( 'NONE', *, *, #926, .T. ) ;
#61 = CIRCLE ( 'NONE', #136, 8.000000000000000000 ) ;
#62 = ORIENTED_EDGE ( 'NONE', *, *, #441, .F. ) ;
#63 = FACE_OUTER_BOUND ( 'NONE', #1403, .T. ) ;
#64 = CIRCLE ( 'NONE', #33, 6.000000000000001776 ) ;
#65 = DIRECTION ( 'NONE',  ( -0.000000000000000000, -0.000000000000000000, -1.000000000000000000 ) ) ;
#66 = VECTOR ( 'NONE', #1145, 1000.000000000000000 ) ;
#67 = EDGE_LOOP ( 'NONE', ( #1249, #761, #84, #1200 ) ) ;
#68 = ADVANCED_FACE ( 'NONE', ( #44, #1025, #684, #307 ), #536, .F. ) ;
#69 = VERTEX_POINT ( 'NONE', #931 ) ;
#70 = CARTESIAN_POINT ( 'NONE',  ( 4.735714285714277771, 82.61785090089283301, 3.000000000000000000 ) ) ;
#71 = DIRECTION ( 'NONE',  ( 1.000000000000000000, 0.000000000000000000, 0.000000000000000000 ) ) ;
#72 = DIRECTION ( 'NONE',  ( -0.000000000000000000, -0.000000000000000000, 1.000000000000000000 ) ) ;
#73 = LINE ( 'NONE', #1139, #1417 ) ;
#74 = ORIENTED_EDGE ( 'NONE', *, *, #131, .T. ) ;
#75 = EDGE_LOOP ( 'NONE', ( #1276, #609 ) ) ;
#76 = DIRECTION ( 'NONE',  ( -1.000000000000000000, 0.000000000000000000, 0.000000000000000000 ) ) ;
#77 = CARTESIAN_POINT ( 'NONE',  ( -1.419272272458406708E-14, 24.54464285714287897, 3.000000000000000000 ) ) ;
#78 = EDGE_LOOP ( 'NONE', ( #693, #681 ) ) ;
#79 = CC_DESIGN_DATE_AND_TIME_ASSIGNMENT ( #1377, #515, ( #1338 ) ) ;
#80 = CARTESIAN_POINT ( 'NONE',  ( -25.46428571428572951, 27.54464285714287541, -11.00000000000000000 ) ) ;
#81 = EDGE_CURVE ( 'NONE', #775, #151, #1159, .T. ) ;
#82 = DIRECTION ( 'NONE',  ( -0.000000000000000000, -0.000000000000000000, -1.000000000000000000 ) ) ;
#83 = LINE ( 'NONE', #1542, #721 ) ;
#84 = ORIENTED_EDGE ( 'NONE', *, *, #287, .F. ) ;
#85 = ORIENTED_EDGE ( 'NONE', *, *, #117, .T. ) ;
#86 = DIRECTION ( 'NONE',  ( -0.000000000000000000, 1.000000000000000000, -0.000000000000000000 ) ) ;
#87 = DIRECTION ( 'NONE',  ( 0.7110198440795711949, 0.7031719429307899949, -0.000000000000000000 ) ) ;
#88 = ORIENTED_EDGE ( 'NONE', *, *, #1427, .T. ) ;
#89 = EDGE_LOOP ( 'NONE', ( #20, #17, #1291, #1366 ) ) ;
#90 = DIRECTION ( 'NONE',  ( 1.000000000000000000, 0.000000000000000000, 0.000000000000000000 ) ) ;
#91 = DIRECTION ( 'NONE',  ( 5.782411586589356653E-16, -1.000000000000000000, -0.000000000000000000 ) ) ;
#92 = EDGE_CURVE ( 'NONE', #1181, #1157, #1269, .T. ) ;
#93 = ORIENTED_EDGE ( 'NONE', *, *, #280, .T. ) ;
#94 = DIRECTION ( 'NONE',  ( 0.000000000000000000, 1.000000000000000000, -0.000000000000000000 ) ) ;
#95 = VECTOR ( 'NONE', #65, 1000.000000000000000 ) ;
#96 = AXIS2_PLACEMENT_3D ( 'NONE', #610, #1002, #133 ) ;
#97 = EDGE_LOOP ( 'NONE', ( #350, #1397, #920, #1184 ) ) ;
#98 = AXIS2_PLACEMENT_3D ( 'NONE', #950, #246, #1097 ) ;
#99 = AXIS2_PLACEMENT_3D ( 'NONE', #1193, #100, #803 ) ;
#100 = DIRECTION ( 'NONE',  ( 5.782411586589356653E-16, -1.000000000000000000, -0.000000000000000000 ) ) ;
#101 = EDGE_CURVE ( 'NONE', #231, #436, #179, .T. ) ;
#102 = CARTESIAN_POINT ( 'NONE',  ( -17.46428571428572596, 27.54464285714287541, -25.00000000000000000 ) ) ;
#103 = VERTEX_POINT ( 'NONE', #240 ) ;
#104 = EDGE_CURVE ( 'NONE', #151, #1188, #347, .T. ) ;
#105 = LINE ( 'NONE', #1451, #1416 ) ;
#106 = ORIENTED_EDGE ( 'NONE', *, *, #81, .F. ) ;
#107 = DIRECTION ( 'NONE',  ( -1.000000000000000000, 0.000000000000000000, 0.000000000000000000 ) ) ;
#108 = DIRECTION ( 'NONE',  ( -1.000000000000000000, 0.000000000000000000, 0.000000000000000000 ) ) ;
#109 = ORIENTED_EDGE ( 'NONE', *, *, #467, .T. ) ;
#110 = EDGE_CURVE ( 'NONE', #1181, #231, #1199, .T. ) ;
#111 = ORIENTED_EDGE ( 'NONE', *, *, #280, .F. ) ;
#112 = CARTESIAN_POINT ( 'NONE',  ( -29.46428571428572596, 27.54464285714287541, -2.999999999999999112 ) ) ;
#113 = FACE_OUTER_BOUND ( 'NONE', #89, .T. ) ;
#114 = EDGE_LOOP ( 'NONE', ( #1244, #470, #1279, #1183 ) ) ;
#115 = CARTESIAN_POINT ( 'NONE',  ( 2.735714285714281324, 64.81785090089283585, 0.000000000000000000 ) ) ;
#116 = VECTOR ( 'NONE', #978, 1000.000000000000000 ) ;
#117 = EDGE_CURVE ( 'NONE', #1198, #1530, #162, .T. ) ;
#118 = AXIS2_PLACEMENT_3D ( 'NONE', #1250, #1395, #76 ) ;
#119 = CIRCLE ( 'NONE', #1168, 1.500000000000001332 ) ;
#120 = CARTESIAN_POINT ( 'NONE',  ( -1.766216967653768127E-14, 30.54464285714288252, -3.000000000000000000 ) ) ;
#121 = ORIENTED_EDGE ( 'NONE', *, *, #963, .F. ) ;
#122 = CARTESIAN_POINT ( 'NONE',  ( -5.464285714285724183, 27.54464285714287541, -25.00000000000000000 ) ) ;
#123 = EDGE_CURVE ( 'NONE', #1432, #305, #249, .T. ) ;
#124 = DIRECTION ( 'NONE',  ( 0.000000000000000000, 0.000000000000000000, 1.000000000000000000 ) ) ;
#125 = DIRECTION ( 'NONE',  ( -0.000000000000000000, 0.000000000000000000, 1.000000000000000000 ) ) ;
#126 = ORIENTED_EDGE ( 'NONE', *, *, #635, .T. ) ;
#127 = DIRECTION ( 'NONE',  ( 1.000000000000000000, 0.000000000000000000, 0.000000000000000000 ) ) ;
#128 = DIRECTION ( 'NONE',  ( 0.000000000000000000, -1.000000000000000000, 0.000000000000000000 ) ) ;
#129 = CYLINDRICAL_SURFACE ( 'NONE', #1195, 12.00000000000000000 ) ;
#130 = DIRECTION ( 'NONE',  ( 1.000000000000000000, 0.000000000000000000, 0.000000000000000000 ) ) ;
#131 = EDGE_CURVE ( 'NONE', #818, #958, #190, .T. ) ;
#132 = VERTEX_POINT ( 'NONE', #221 ) ;
#133 = DIRECTION ( 'NONE',  ( 1.000000000000000000, 0.000000000000000000, 0.000000000000000000 ) ) ;
#134 = ORIENTED_EDGE ( 'NONE', *, *, #199, .T. ) ;
#135 = VECTOR ( 'NONE', #1534, 1000.000000000000000 ) ;
#136 = AXIS2_PLACEMENT_3D ( 'NONE', #26, #259, #627 ) ;
#137 = DIRECTION ( 'NONE',  ( -0.7071067811865477948, 0.7071067811865473507, 0.000000000000000000 ) ) ;
#138 = VECTOR ( 'NONE', #1328, 1000.000000000000000 ) ;
#139 = CARTESIAN_POINT ( 'NONE',  ( -23.21114168879055839, 0.000000000000000000, 0.000000000000000000 ) ) ;
#140 = CIRCLE ( 'NONE', #481, 1.500000000000001332 ) ;
#141 = ORIENTED_EDGE ( 'NONE', *, *, #901, .T. ) ;
#142 = CIRCLE ( 'NONE', #15, 7.000000000000004441 ) ;
#143 = EDGE_CURVE ( 'NONE', #22, #1176, #105, .T. ) ;
#144 = FACE_OUTER_BOUND ( 'NONE', #1055, .T. ) ;
#145 = ORIENTED_EDGE ( 'NONE', *, *, #1429, .T. ) ;
#146 = ADVANCED_FACE ( 'NONE', ( #591 ), #1562, .F. ) ;
#147 = CARTESIAN_POINT ( 'NONE',  ( 0.000000000000000000, 0.000000000000000000, 0.000000000000000000 ) ) ;
#148 = CARTESIAN_POINT ( 'NONE',  ( -17.46428571428573306, 68.85101878539352072, 3.000000000000000000 ) ) ;
#149 = EDGE_LOOP ( 'NONE', ( #784, #433, #626, #27 ) ) ;
#150 = CARTESIAN_POINT ( 'NONE',  ( 10.53571428571428292, 1.827655090761278678E-15, 0.000000000000000000 ) ) ;
#151 = VERTEX_POINT ( 'NONE', #971 ) ;
#152 = EDGE_CURVE ( 'NONE', #1267, #748, #840, .T. ) ;
#153 = APPROVAL_STATUS ( 'not_yet_approved' ) ;
#154 = DIRECTION ( 'NONE',  ( 1.000000000000000000, 0.000000000000000000, 0.000000000000000000 ) ) ;
#155 = CARTESIAN_POINT ( 'NONE',  ( -37.66428571428571814, 82.61785090089283301, 3.000000000000000000 ) ) ;
#156 = APPLICATION_CONTEXT ( 'configuration controlled 3d designs of mechanical parts and assemblies' ) ;
#157 = ORIENTED_EDGE ( 'NONE', *, *, #1487, .F. ) ;
#158 = DIRECTION ( 'NONE',  ( 3.028870610316458789E-16, -1.000000000000000000, 0.000000000000000000 ) ) ;
#159 = VERTEX_POINT ( 'NONE', #523 ) ;
#160 = EDGE_CURVE ( 'NONE', #1432, #1267, #1462, .T. ) ;
#161 = CALENDAR_DATE ( 2022, 26, 9 ) ;
#162 = CIRCLE ( 'NONE', #1211, 2.999999999999999112 ) ;
#163 = CARTESIAN_POINT ( 'NONE',  ( -37.66428571428571814, 82.61785090089283301, 3.000000000000000000 ) ) ;
#164 = AXIS2_PLACEMENT_3D ( 'NONE', #1091, #1581, #1456 ) ;
#165 = CARTESIAN_POINT ( 'NONE',  ( -38.66428571428571814, 64.81785090089283585, 0.000000000000000000 ) ) ;
#166 = AXIS2_PLACEMENT_3D ( 'NONE', #1130, #882, #1277 ) ;
#167 = CARTESIAN_POINT ( 'NONE',  ( -30.26428571428572312, 73.71785090089282733, 0.000000000000000000 ) ) ;
#168 = ORIENTED_EDGE ( 'NONE', *, *, #783, .T. ) ;
#169 = AXIS2_PLACEMENT_3D ( 'NONE', #1029, #1365, #1006 ) ;
#170 = CARTESIAN_POINT ( 'NONE',  ( -11.71742973978090774, 53.25848052220072049, 3.000000000000000000 ) ) ;
#171 = ORIENTED_EDGE ( 'NONE', *, *, #217, .T. ) ;
#172 = APPROVAL_DATE_TIME ( #1253, #360 ) ;
#173 = DIRECTION ( 'NONE',  ( -0.000000000000000000, 1.000000000000000000, -0.000000000000000000 ) ) ;
#174 = DIRECTION ( 'NONE',  ( 0.7071067811865472397, 0.7071067811865479058, 0.000000000000000000 ) ) ;
#175 = FACE_OUTER_BOUND ( 'NONE', #176, .T. ) ;
#176 = EDGE_LOOP ( 'NONE', ( #1090, #634, #50, #954, #1003, #519, #472, #985 ) ) ;
#177 = EDGE_CURVE ( 'NONE', #1242, #552, #400, .T. ) ;
#178 = CARTESIAN_POINT ( 'NONE',  ( 3.735714285714279548, 64.81785090089283585, 3.000000000000000000 ) ) ;
#179 = LINE ( 'NONE', #662, #1382 ) ;
#180 = CYLINDRICAL_SURFACE ( 'NONE', #164, 7.000000000000002665 ) ;
#181 = LINE ( 'NONE', #676, #1513 ) ;
#182 = DIRECTION ( 'NONE',  ( 1.000000000000000000, 5.251054846200071727E-16, 0.000000000000000000 ) ) ;
#183 = VERTEX_POINT ( 'NONE', #915 ) ;
#184 = CARTESIAN_POINT ( 'NONE',  ( -5.464285714285727735, 30.54464285714287541, 0.000000000000000000 ) ) ;
#185 = CARTESIAN_POINT ( 'NONE',  ( 7.286022849371992294, 7.205603171122853645, 3.000000000000000000 ) ) ;
#186 = ORIENTED_EDGE ( 'NONE', *, *, #1026, .F. ) ;
#187 = ORIENTED_EDGE ( 'NONE', *, *, #975, .F. ) ;
#188 = LINE ( 'NONE', #1185, #1010 ) ;
#189 = DIRECTION ( 'NONE',  ( 0.7031719429307901059, -0.7110198440795711949, 0.000000000000000000 ) ) ;
#190 = CIRCLE ( 'NONE', #578, 12.00000000000000000 ) ;
#191 = DIRECTION ( 'NONE',  ( -0.000000000000000000, -0.000000000000000000, -1.000000000000000000 ) ) ;
#192 = DIRECTION ( 'NONE',  ( -0.7071067811865479058, 0.7071067811865471286, 0.000000000000000000 ) ) ;
#193 = ORIENTED_EDGE ( 'NONE', *, *, #1358, .F. ) ;
#194 = CIRCLE ( 'NONE', #1035, 7.000000000000004441 ) ;
#195 = ORIENTED_EDGE ( 'NONE', *, *, #441, .T. ) ;
#196 = DIRECTION ( 'NONE',  ( 0.000000000000000000, -0.000000000000000000, -1.000000000000000000 ) ) ;
#197 = AXIS2_PLACEMENT_3D ( 'NONE', #1305, #1189, #1450 ) ;
#198 = DIRECTION ( 'NONE',  ( -0.7031719429307899949, 0.7110198440795711949, 0.000000000000000000 ) ) ;
#199 = EDGE_CURVE ( 'NONE', #932, #596, #758, .T. ) ;
#200 = AXIS2_PLACEMENT_3D ( 'NONE', #599, #494, #251 ) ;
#201 = LOCAL_TIME ( 19, 52, 2.000000000000000000, #778 ) ;
#202 = ORIENTED_EDGE ( 'NONE', *, *, #568, .T. ) ;
#203 = DIRECTION ( 'NONE',  ( 1.000000000000000000, 0.000000000000000000, 0.000000000000000000 ) ) ;
#204 = DIRECTION ( 'NONE',  ( -0.000000000000000000, -0.000000000000000000, -1.000000000000000000 ) ) ;
#205 = DIRECTION ( 'NONE',  ( -0.000000000000000000, 1.000000000000000000, -0.000000000000000000 ) ) ;
#206 = ORIENTED_EDGE ( 'NONE', *, *, #963, .T. ) ;
#207 = VERTEX_POINT ( 'NONE', #46 ) ;
#208 = DIRECTION ( 'NONE',  ( -0.000000000000000000, -0.000000000000000000, -1.000000000000000000 ) ) ;
#209 = ORIENTED_EDGE ( 'NONE', *, *, #1197, .F. ) ;
#210 = ORIENTED_EDGE ( 'NONE', *, *, #901, .F. ) ;
#211 = LINE ( 'NONE', #694, #449 ) ;
#212 = EDGE_CURVE ( 'NONE', #883, #1188, #181, .T. ) ;
#213 = DIRECTION ( 'NONE',  ( 1.000000000000000000, 0.000000000000000000, 0.000000000000000000 ) ) ;
#214 = CARTESIAN_POINT ( 'NONE',  ( -19.46428571428572951, 41.80389101237968674, 3.000000000000000000 ) ) ;
#215 = ORIENTED_EDGE ( 'NONE', *, *, #1106, .F. ) ;
#216 = DIRECTION ( 'NONE',  ( -1.000000000000000000, 0.000000000000000000, 0.000000000000000000 ) ) ;
#217 = EDGE_CURVE ( 'NONE', #586, #1041, #1364, .T. ) ;
#218 = CARTESIAN_POINT ( 'NONE',  ( -37.66428571428572525, 64.81785090089283585, 3.000000000000000000 ) ) ;
#219 = DIRECTION ( 'NONE',  ( -1.000000000000000000, 0.000000000000000000, 0.000000000000000000 ) ) ;
#220 = AXIS2_PLACEMENT_3D ( 'NONE', #1339, #1482, #388 ) ;
#221 = CARTESIAN_POINT ( 'NONE',  ( -17.46428571428572951, 27.54464285714287541, -14.00000000000000178 ) ) ;
#222 = ORIENTED_EDGE ( 'NONE', *, *, #543, .T. ) ;
#223 = CIRCLE ( 'NONE', #197, 0.9999999999999983347 ) ;
#224 = VECTOR ( 'NONE', #879, 1000.000000000000000 ) ;
#225 = CYLINDRICAL_SURFACE ( 'NONE', #265, 3.000000000000000000 ) ;
#226 = ADVANCED_FACE ( 'NONE', ( #903 ), #1486, .F. ) ;
#227 = CARTESIAN_POINT ( 'NONE',  ( -45.46428571428572241, 80.54464285714288962, 3.000000000000000000 ) ) ;
#228 = EDGE_CURVE ( 'NONE', #1157, #436, #1136, .T. ) ;
#229 = ORIENTED_EDGE ( 'NONE', *, *, #473, .F. ) ;
#230 = DIRECTION ( 'NONE',  ( -0.000000000000000000, -0.000000000000000000, -1.000000000000000000 ) ) ;
#231 = VERTEX_POINT ( 'NONE', #1391 ) ;
#232 = CARTESIAN_POINT ( 'NONE',  ( -17.46428571428572951, 27.54464285714287541, -12.50000000000000000 ) ) ;
#233 = CARTESIAN_POINT ( 'NONE',  ( -9.464285714285734841, 24.54464285714287186, -12.50000000000000000 ) ) ;
#234 = EDGE_LOOP ( 'NONE', ( #1475, #787, #810, #505 ) ) ;
#235 = EDGE_CURVE ( 'NONE', #1041, #1452, #29, .T. ) ;
#236 = CARTESIAN_POINT ( 'NONE',  ( -39.66428571428571104, 64.81785090089283585, 3.000000000000000000 ) ) ;
#237 = DIRECTION ( 'NONE',  ( -1.000000000000000000, 0.000000000000000000, 0.000000000000000000 ) ) ;
#238 = ORIENTED_EDGE ( 'NONE', *, *, #377, .F. ) ;
#239 = FACE_OUTER_BOUND ( 'NONE', #1324, .T. ) ;
#240 = CARTESIAN_POINT ( 'NONE',  ( -9.464285714285734841, 27.54464285714287541, -14.00000000000000178 ) ) ;
#241 = ADVANCED_FACE ( 'NONE', ( #547 ), #768, .T. ) ;
#242 = CIRCLE ( 'NONE', #1067, 0.9999999999999983347 ) ;
#243 = AXIS2_PLACEMENT_3D ( 'NONE', #1225, #361, #846 ) ;
#244 = VECTOR ( 'NONE', #330, 1000.000000000000000 ) ;
#245 = CARTESIAN_POINT ( 'NONE',  ( -37.66428571428572525, 64.81785090089283585, 0.000000000000000000 ) ) ;
#246 = DIRECTION ( 'NONE',  ( -0.000000000000000000, 0.000000000000000000, 1.000000000000000000 ) ) ;
#247 = ORIENTED_EDGE ( 'NONE', *, *, #1429, .F. ) ;
#248 = FACE_BOUND ( 'NONE', #722, .T. ) ;
#249 = LINE ( 'NONE', #1078, #799 ) ;
#250 = EDGE_CURVE ( 'NONE', #1242, #1181, #407, .T. ) ;
#251 = DIRECTION ( 'NONE',  ( -1.000000000000000000, 0.000000000000000000, 0.000000000000000000 ) ) ;
#252 = DIRECTION ( 'NONE',  ( -1.000000000000000000, 0.000000000000000000, 0.000000000000000000 ) ) ;
#253 = DIRECTION ( 'NONE',  ( 1.000000000000000000, 0.000000000000000000, 0.000000000000000000 ) ) ;
#254 = DIRECTION ( 'NONE',  ( 0.000000000000000000, -0.000000000000000000, -1.000000000000000000 ) ) ;
#255 = LINE ( 'NONE', #845, #1492 ) ;
#256 = EDGE_CURVE ( 'NONE', #1452, #1041, #57, .T. ) ;
#257 = CARTESIAN_POINT ( 'NONE',  ( -45.46428571428572241, 0.000000000000000000, 3.000000000000000000 ) ) ;
#258 = VERTEX_POINT ( 'NONE', #1144 ) ;
#259 = DIRECTION ( 'NONE',  ( -0.000000000000000000, 0.000000000000000000, 1.000000000000000000 ) ) ;
#260 = ORIENTED_EDGE ( 'NONE', *, *, #1348, .T. ) ;
#261 = AXIS2_PLACEMENT_3D ( 'NONE', #59, #1525, #657 ) ;
#262 = AXIS2_PLACEMENT_3D ( 'NONE', #1100, #1237, #1585 ) ;
#263 = AXIS2_PLACEMENT_3D ( 'NONE', #356, #94, #462 ) ;
#264 = APPROVAL_STATUS ( 'not_yet_approved' ) ;
#265 = AXIS2_PLACEMENT_3D ( 'NONE', #1310, #937, #688 ) ;
#266 = CC_DESIGN_PERSON_AND_ORGANIZATION_ASSIGNMENT ( #746, #891, ( #1469 ) ) ;
#267 = CARTESIAN_POINT ( 'NONE',  ( 10.53571428571427049, 80.54464285714288962, 0.000000000000000000 ) ) ;
#268 = VECTOR ( 'NONE', #1316, 1000.000000000000000 ) ;
#269 = ORIENTED_EDGE ( 'NONE', *, *, #671, .T. ) ;
#270 = ADVANCED_FACE ( 'NONE', ( #1399 ), #311, .F. ) ;
#271 = DIRECTION ( 'NONE',  ( 0.000000000000000000, 1.000000000000000000, -0.000000000000000000 ) ) ;
#272 = EDGE_LOOP ( 'NONE', ( #1163, #825, #186, #564 ) ) ;
#273 = COORDINATED_UNIVERSAL_TIME_OFFSET ( 2, 0, .AHEAD. ) ;
#274 = DIRECTION ( 'NONE',  ( -0.7031719429307896618, -0.7110198440795716390, 0.000000000000000000 ) ) ;
#275 = DIRECTION ( 'NONE',  ( 1.000000000000000000, 0.000000000000000000, 0.000000000000000000 ) ) ;
#276 = EDGE_LOOP ( 'NONE', ( #398, #1313 ) ) ;
#277 = PRODUCT ( 'Ultrasonic Sensor HC-SR04 Holder', 'Ultrasonic Sensor HC-SR04 Holder', '', ( #399 ) ) ;
#278 = LINE ( 'NONE', #1405, #391 ) ;
#279 = ORIENTED_EDGE ( 'NONE', *, *, #1404, .T. ) ;
#280 = EDGE_CURVE ( 'NONE', #425, #602, #1247, .T. ) ;
#281 = DIRECTION ( 'NONE',  ( 0.000000000000000000, -0.000000000000000000, -1.000000000000000000 ) ) ;
#282 = CYLINDRICAL_SURFACE ( 'NONE', #623, 1.500000000000001332 ) ;
#283 = DIRECTION ( 'NONE',  ( -0.000000000000000000, -0.000000000000000000, -1.000000000000000000 ) ) ;
#284 = ORIENTED_EDGE ( 'NONE', *, *, #1210, .F. ) ;
#285 = CARTESIAN_POINT ( 'NONE',  ( -11.71742973978090774, 53.25848052220072049, 0.000000000000000000 ) ) ;
#286 = ORIENTED_EDGE ( 'NONE', *, *, #1264, .T. ) ;
#287 = EDGE_CURVE ( 'NONE', #874, #4, #1128, .T. ) ;
#288 = AXIS2_PLACEMENT_3D ( 'NONE', #77, #1507, #898 ) ;
#289 = CARTESIAN_POINT ( 'NONE',  ( -23.21114168879055839, 41.80389101237968674, 3.000000000000000000 ) ) ;
#290 = CIRCLE ( 'NONE', #1385, 1.873427987252412219 ) ;
#291 = LINE ( 'NONE', #1511, #370 ) ;
#292 = AXIS2_PLACEMENT_3D ( 'NONE', #373, #125, #130 ) ;
#293 = CARTESIAN_POINT ( 'NONE',  ( -24.43725561269084423, 79.19924855068136083, 3.000000000000000000 ) ) ;
#294 = ORIENTED_EDGE ( 'NONE', *, *, #467, .F. ) ;
#295 = VERTEX_POINT ( 'NONE', #393 ) ;
#296 = VECTOR ( 'NONE', #302, 1000.000000000000000 ) ;
#297 = LINE ( 'NONE', #1285, #550 ) ;
#298 = CARTESIAN_POINT ( 'NONE',  ( -15.46428571428573306, 0.000000000000000000, 0.000000000000000000 ) ) ;
#299 = APPROVAL_ROLE ( '' ) ;
#300 = DIRECTION ( 'NONE',  ( -0.000000000000000000, 0.000000000000000000, 1.000000000000000000 ) ) ;
#301 = EDGE_CURVE ( 'NONE', #4, #405, #1378, .T. ) ;
#302 = DIRECTION ( 'NONE',  ( -0.000000000000000000, 1.000000000000000000, -0.000000000000000000 ) ) ;
#303 = CYLINDRICAL_SURFACE ( 'NONE', #935, 1.500000000000001332 ) ;
#304 = VERTEX_POINT ( 'NONE', #1126 ) ;
#305 = VERTEX_POINT ( 'NONE', #30 ) ;
#306 = DIRECTION ( 'NONE',  ( -0.000000000000000000, -0.000000000000000000, -1.000000000000000000 ) ) ;
#307 = FACE_OUTER_BOUND ( 'NONE', #794, .T. ) ;
#308 = ORIENTED_EDGE ( 'NONE', *, *, #1308, .F. ) ;
#309 = ORIENTED_EDGE ( 'NONE', *, *, #378, .F. ) ;
#310 = CARTESIAN_POINT ( 'NONE',  ( -1.464285714285733953, 92.54464285714287541, 3.000000000000000000 ) ) ;
#311 = CYLINDRICAL_SURFACE ( 'NONE', #1546, 0.9999999999999940048 ) ;
#312 = CARTESIAN_POINT ( 'NONE',  ( -24.43725561269084778, 68.23645325110430804, 0.000000000000000000 ) ) ;
#313 = EDGE_CURVE ( 'NONE', #423, #551, #1497, .T. ) ;
#314 = CYLINDRICAL_SURFACE ( 'NONE', #847, 8.000000000000000000 ) ;
#315 = VERTEX_POINT ( 'NONE', #773 ) ;
#316 = CARTESIAN_POINT ( 'NONE',  ( -23.21114168879055839, 53.25848052220072049, 3.000000000000000000 ) ) ;
#317 = ORIENTED_EDGE ( 'NONE', *, *, #1348, .F. ) ;
#318 = CARTESIAN_POINT ( 'NONE',  ( -21.33771370153814573, 53.25848052220072049, 3.000000000000000000 ) ) ;
#319 = AXIS2_PLACEMENT_3D ( 'NONE', #417, #56, #538 ) ;
#320 = CARTESIAN_POINT ( 'NONE',  ( 2.735714285714281324, 82.61785090089283301, 0.000000000000000000 ) ) ;
#321 = CARTESIAN_POINT ( 'NONE',  ( -24.43725561269084423, 79.19924855068136083, 3.000000000000000000 ) ) ;
#322 = EDGE_LOOP ( 'NONE', ( #1394, #511, #880, #376, #1536, #566, #1502, #284, #628, #134 ) ) ;
#323 = CIRCLE ( 'NONE', #1258, 0.9999999999999983347 ) ;
#324 = ORIENTED_EDGE ( 'NONE', *, *, #656, .F. ) ;
#325 = DIRECTION ( 'NONE',  ( -5.782411586589356653E-16, 1.000000000000000000, 0.000000000000000000 ) ) ;
#326 = AXIS2_PLACEMENT_3D ( 'NONE', #737, #984, #1113 ) ;
#327 = ADVANCED_FACE ( 'NONE', ( #1155 ), #679, .T. ) ;
#328 = VERTEX_POINT ( 'NONE', #321 ) ;
#329 = CYLINDRICAL_SURFACE ( 'NONE', #1289, 0.9999999999999983347 ) ;
#330 = DIRECTION ( 'NONE',  ( -0.000000000000000000, -0.000000000000000000, -1.000000000000000000 ) ) ;
#331 = DIRECTION ( 'NONE',  ( -0.000000000000000000, -0.000000000000000000, -1.000000000000000000 ) ) ;
#332 = ORIENTED_EDGE ( 'NONE', *, *, #414, .F. ) ;
#333 = DIRECTION ( 'NONE',  ( -0.000000000000000000, -0.000000000000000000, -1.000000000000000000 ) ) ;
#334 = LINE ( 'NONE', #816, #1440 ) ;
#335 = EDGE_LOOP ( 'NONE', ( #450, #317, #1552, #1203 ) ) ;
#336 = CARTESIAN_POINT ( 'NONE',  ( 3.735714285714279548, 82.61785090089283301, 3.000000000000000000 ) ) ;
#337 = EDGE_CURVE ( 'NONE', #932, #425, #432, .T. ) ;
#338 = CARTESIAN_POINT ( 'NONE',  ( -10.49131581588062723, 68.23645325110435067, 3.000000000000000000 ) ) ;
#339 = ORIENTED_EDGE ( 'NONE', *, *, #821, .T. ) ;
#340 = CYLINDRICAL_SURFACE ( 'NONE', #1260, 1.000000000000000888 ) ;
#341 = ORIENTED_EDGE ( 'NONE', *, *, #783, .F. ) ;
#342 = EDGE_LOOP ( 'NONE', ( #680, #1580 ) ) ;
#343 = ADVANCED_FACE ( 'NONE', ( #918 ), #314, .F. ) ;
#344 = DIRECTION ( 'NONE',  ( -1.000000000000000000, -6.563818557750090892E-16, 0.000000000000000000 ) ) ;
#345 = VECTOR ( 'NONE', #574, 1000.000000000000000 ) ;
#346 = CARTESIAN_POINT ( 'NONE',  ( -19.46428571428573306, 53.25848052220072049, 3.000000000000000000 ) ) ;
#347 = CIRCLE ( 'NONE', #520, 1.873427987252415772 ) ;
#348 = AXIS2_PLACEMENT_3D ( 'NONE', #1274, #440, #402 ) ;
#349 = AXIS2_PLACEMENT_3D ( 'NONE', #1579, #1214, #842 ) ;
#350 = ORIENTED_EDGE ( 'NONE', *, *, #1077, .T. ) ;
#351 = CIRCLE ( 'NONE', #1013, 1.500000000000001332 ) ;
#352 = ORIENTED_EDGE ( 'NONE', *, *, #1111, .F. ) ;
#353 = LOCAL_TIME ( 19, 52, 2.000000000000000000, #902 ) ;
#354 = CARTESIAN_POINT ( 'NONE',  ( -24.43725561269084423, 79.19924855068136083, 0.000000000000000000 ) ) ;
#355 = EDGE_CURVE ( 'NONE', #328, #22, #1161, .T. ) ;
#356 = CARTESIAN_POINT ( 'NONE',  ( -9.464285714285734841, 27.54464285714287541, -12.50000000000000000 ) ) ;
#357 = EDGE_LOOP ( 'NONE', ( #793, #952, #339, #111, #383, #1443, #830, #157, #1529, #945 ) ) ;
#358 = ORIENTED_EDGE ( 'NONE', *, *, #590, .F. ) ;
#359 = DIRECTION ( 'NONE',  ( 0.7031719429307896618, 0.7110198440795716390, 0.000000000000000000 ) ) ;
#360 = APPROVAL ( #153, 'UNSPECIFIED' ) ;
#361 = DIRECTION ( 'NONE',  ( -0.000000000000000000, 0.000000000000000000, 1.000000000000000000 ) ) ;
#362 = ORIENTED_EDGE ( 'NONE', *, *, #123, .T. ) ;
#363 = CARTESIAN_POINT ( 'NONE',  ( -29.46428571428573306, 44.36607142857140929, 0.000000000000000000 ) ) ;
#364 = DIRECTION ( 'NONE',  ( 1.000000000000000000, 0.000000000000000000, -0.000000000000000000 ) ) ;
#365 = LINE ( 'NONE', #493, #849 ) ;
#366 = CIRCLE ( 'NONE', #1103, 1.500000000000001332 ) ;
#367 = ADVANCED_FACE ( 'NONE', ( #1283 ), #805, .T. ) ;
#368 = CIRCLE ( 'NONE', #622, 6.000000000000001776 ) ;
#369 = AXIS2_PLACEMENT_3D ( 'NONE', #443, #829, #1311 ) ;
#370 = VECTOR ( 'NONE', #886, 1000.000000000000000 ) ;
#371 = FACE_BOUND ( 'NONE', #1235, .T. ) ;
#372 = APPROVAL_PERSON_ORGANIZATION ( #1355, #960, #406 ) ;
#373 = CARTESIAN_POINT ( 'NONE',  ( -38.66428571428571814, 64.81785090089283585, 3.000000000000000000 ) ) ;
#374 = ORIENTED_EDGE ( 'NONE', *, *, #1454, .T. ) ;
#375 = CARTESIAN_POINT ( 'NONE',  ( -25.46428571428572951, 24.54464285714286476, -14.00000000000000178 ) ) ;
#376 = ORIENTED_EDGE ( 'NONE', *, *, #110, .F. ) ;
#377 = EDGE_CURVE ( 'NONE', #666, #496, #500, .T. ) ;
#378 = EDGE_CURVE ( 'NONE', #1481, #1176, #1191, .T. ) ;
#379 = CARTESIAN_POINT ( 'NONE',  ( -17.46428571428570820, -1.146324026692783448E-14, -13.00000000000000178 ) ) ;
#380 = FACE_OUTER_BOUND ( 'NONE', #272, .T. ) ;
#381 = ORIENTED_EDGE ( 'NONE', *, *, #606, .F. ) ;
#382 = CYLINDRICAL_SURFACE ( 'NONE', #1315, 1.873427987252415772 ) ;
#383 = ORIENTED_EDGE ( 'NONE', *, *, #770, .F. ) ;
#384 = CARTESIAN_POINT ( 'NONE',  ( -25.46428571428572951, 27.54464285714287541, -12.50000000000000000 ) ) ;
#385 = ADVANCED_FACE ( 'NONE', ( #175 ), #1030, .F. ) ;
#386 = PLANE ( 'NONE',  #349 ) ;
#387 = VERTEX_POINT ( 'NONE', #1512 ) ;
#388 = DIRECTION ( 'NONE',  ( 0.000000000000000000, 0.000000000000000000, 1.000000000000000000 ) ) ;
#389 = ORIENTED_EDGE ( 'NONE', *, *, #160, .F. ) ;
#390 = AXIS2_PLACEMENT_3D ( 'NONE', #318, #1037, #216 ) ;
#391 = VECTOR ( 'NONE', #888, 1000.000000000000000 ) ;
#392 = PERSON_AND_ORGANIZATION ( #913, #483 ) ;
#393 = CARTESIAN_POINT ( 'NONE',  ( -5.464285714285724183, 27.54464285714287541, -2.999999999999999112 ) ) ;
#394 = DIRECTION ( 'NONE',  ( -0.000000000000000000, 0.000000000000000000, 1.000000000000000000 ) ) ;
#395 = EDGE_CURVE ( 'NONE', #457, #775, #73, .T. ) ;
#396 = ORIENTED_EDGE ( 'NONE', *, *, #590, .T. ) ;
#397 = DIRECTION ( 'NONE',  ( 1.000000000000000000, 0.000000000000000000, 0.000000000000000000 ) ) ;
#398 = ORIENTED_EDGE ( 'NONE', *, *, #1459, .T. ) ;
#399 = MECHANICAL_CONTEXT ( 'NONE', #1114, 'mechanical' ) ;
#400 = LINE ( 'NONE', #1510, #1231 ) ;
#401 = LINE ( 'NONE', #1282, #553 ) ;
#402 = DIRECTION ( 'NONE',  ( 1.000000000000000000, 0.000000000000000000, 0.000000000000000000 ) ) ;
#403 = EDGE_LOOP ( 'NONE', ( #1561, #707, #1058, #929 ) ) ;
#404 = DIRECTION ( 'NONE',  ( 0.000000000000000000, -1.000000000000000000, 0.000000000000000000 ) ) ;
#405 = VERTEX_POINT ( 'NONE', #421 ) ;
#406 = APPROVAL_ROLE ( '' ) ;
#407 = LINE ( 'NONE', #560, #1230 ) ;
#408 = MANIFOLD_SOLID_BREP ( 'Fillet6', #1287 ) ;
#409 = DIRECTION ( 'NONE',  ( -6.563818557750089906E-16, 1.000000000000000000, 0.000000000000000000 ) ) ;
#410 = DIRECTION ( 'NONE',  ( -1.000000000000000000, 0.000000000000000000, 0.000000000000000000 ) ) ;
#411 = ORIENTED_EDGE ( 'NONE', *, *, #1160, .T. ) ;
#412 = DIRECTION ( 'NONE',  ( -0.000000000000000000, -0.000000000000000000, -1.000000000000000000 ) ) ;
#413 = LINE ( 'NONE', #454, #345 ) ;
#414 = EDGE_CURVE ( 'NONE', #328, #1481, #1380, .T. ) ;
#415 = PERSON_AND_ORGANIZATION ( #913, #483 ) ;
#416 = AXIS2_PLACEMENT_3D ( 'NONE', #429, #878, #790 ) ;
#417 = CARTESIAN_POINT ( 'NONE',  ( -17.46428571428572951, 2.544642857142873638, -12.50000000000000000 ) ) ;
#418 = CIRCLE ( 'NONE', #1516, 1.873427987252412219 ) ;
#419 = LINE ( 'NONE', #1392, #66 ) ;
#420 = VECTOR ( 'NONE', #333, 1000.000000000000000 ) ;
#421 = CARTESIAN_POINT ( 'NONE',  ( -23.21114168879055839, 41.80389101237968674, 0.000000000000000000 ) ) ;
#422 = ORIENTED_EDGE ( 'NONE', *, *, #1106, .T. ) ;
#423 = VERTEX_POINT ( 'NONE', #908 ) ;
#424 = CARTESIAN_POINT ( 'NONE',  ( 2.735714285714281324, 82.61785090089283301, 3.000000000000000000 ) ) ;
#425 = VERTEX_POINT ( 'NONE', #1393 ) ;
#426 = ORIENTED_EDGE ( 'NONE', *, *, #1389, .T. ) ;
#427 = ADVANCED_FACE ( 'NONE', ( #562 ), #303, .F. ) ;
#428 = CARTESIAN_POINT ( 'NONE',  ( 2.735714285714281324, 64.81785090089283585, 3.000000000000000000 ) ) ;
#429 = CARTESIAN_POINT ( 'NONE',  ( 3.735714285714279548, 82.61785090089283301, 0.000000000000000000 ) ) ;
#430 = UNCERTAINTY_MEASURE_WITH_UNIT (LENGTH_MEASURE( 1.000000000000000082E-05 ), #1473, 'distance_accuracy_value', 'NONE');
#431 = LINE ( 'NONE', #532, #224 ) ;
#432 = LINE ( 'NONE', #1022, #135 ) ;
#433 = ORIENTED_EDGE ( 'NONE', *, *, #92, .F. ) ;
#434 = LINE ( 'NONE', #170, #802 ) ;
#435 = FACE_BOUND ( 'NONE', #887, .T. ) ;
#436 = VERTEX_POINT ( 'NONE', #570 ) ;
#437 = ORIENTED_EDGE ( 'NONE', *, *, #1288, .T. ) ;
#438 = DIRECTION ( 'NONE',  ( 0.7071067811865477948, -0.7071067811865473507, 0.000000000000000000 ) ) ;
#439 = DIRECTION ( 'NONE',  ( -0.000000000000000000, 0.000000000000000000, 1.000000000000000000 ) ) ;
#440 = DIRECTION ( 'NONE',  ( 0.000000000000000000, -0.000000000000000000, -1.000000000000000000 ) ) ;
#441 = EDGE_CURVE ( 'NONE', #666, #1008, #83, .T. ) ;
#442 = ORIENTED_EDGE ( 'NONE', *, *, #881, .F. ) ;
#443 = CARTESIAN_POINT ( 'NONE',  ( -13.59085772703332040, 53.25848052220072049, 0.000000000000000000 ) ) ;
#444 = CARTESIAN_POINT ( 'NONE',  ( -5.464285714285708195, -3.586657997627724226E-15, -13.00000000000000178 ) ) ;
#445 = VERTEX_POINT ( 'NONE', #939 ) ;
#446 = FACE_OUTER_BOUND ( 'NONE', #1115, .T. ) ;
#447 = CARTESIAN_POINT ( 'NONE',  ( -5.464285714285724183, 24.54464285714287541, -3.000000000000000000 ) ) ;
#448 = DIRECTION ( 'NONE',  ( -0.000000000000000000, 1.000000000000000000, -0.000000000000000000 ) ) ;
#449 = VECTOR ( 'NONE', #800, 1000.000000000000000 ) ;
#450 = ORIENTED_EDGE ( 'NONE', *, *, #1564, .F. ) ;
#451 = EDGE_CURVE ( 'NONE', #1079, #1053, #1423, .T. ) ;
#452 = CARTESIAN_POINT ( 'NONE',  ( -45.46428571428572241, 60.54464285714281857, 3.000000000000000000 ) ) ;
#453 = VECTOR ( 'NONE', #815, 1000.000000000000000 ) ;
#454 = CARTESIAN_POINT ( 'NONE',  ( -45.46428571428572241, 80.54464285714288962, 3.000000000000000000 ) ) ;
#455 = AXIS2_PLACEMENT_3D ( 'NONE', #1540, #91, #587 ) ;
#456 =( GEOMETRIC_REPRESENTATION_CONTEXT ( 3 ) GLOBAL_UNCERTAINTY_ASSIGNED_CONTEXT ( ( #430 ) ) GLOBAL_UNIT_ASSIGNED_CONTEXT ( ( #1473, #999, #718 ) ) REPRESENTATION_CONTEXT ( 'NONE', 'WORKASPACE' ) );
#457 = VERTEX_POINT ( 'NONE', #1220 ) ;
#458 = ORIENTED_EDGE ( 'NONE', *, *, #618, .T. ) ;
#459 = PLANE ( 'NONE',  #741 ) ;
#460 = LINE ( 'NONE', #822, #1070 ) ;
#461 = ORIENTED_EDGE ( 'NONE', *, *, #152, .F. ) ;
#462 = DIRECTION ( 'NONE',  ( 0.000000000000000000, 0.000000000000000000, -1.000000000000000000 ) ) ;
#463 = ORIENTED_EDGE ( 'NONE', *, *, #199, .F. ) ;
#464 = DIRECTION ( 'NONE',  ( 0.000000000000000000, 1.000000000000000000, 0.000000000000000000 ) ) ;
#465 = EDGE_LOOP ( 'NONE', ( #324, #962, #730, #585, #1408 ) ) ;
#466 = ORIENTED_EDGE ( 'NONE', *, *, #1563, .F. ) ;
#467 = EDGE_CURVE ( 'NONE', #69, #1321, #873, .T. ) ;
#468 = DIRECTION ( 'NONE',  ( -5.782411586589356653E-16, 1.000000000000000000, 0.000000000000000000 ) ) ;
#469 = CARTESIAN_POINT ( 'NONE',  ( -19.46428571428573306, 53.25848052220072049, 3.000000000000000000 ) ) ;
#470 = ORIENTED_EDGE ( 'NONE', *, *, #1437, .F. ) ;
#471 = DIRECTION ( 'NONE',  ( 1.000000000000000000, 4.543305915474688183E-16, -0.000000000000000000 ) ) ;
#472 = ORIENTED_EDGE ( 'NONE', *, *, #1218, .T. ) ;
#473 = EDGE_CURVE ( 'NONE', #1008, #487, #242, .T. ) ;
#474 = VERTEX_POINT ( 'NONE', #716 ) ;
#475 = CARTESIAN_POINT ( 'NONE',  ( -11.71742973978088465, -5.323586785090552534E-15, 3.000000000000000000 ) ) ;
#476 = AXIS2_PLACEMENT_3D ( 'NONE', #885, #1371, #71 ) ;
#477 = CARTESIAN_POINT ( 'NONE',  ( 4.735714285714277771, 82.61785090089283301, 0.000000000000000000 ) ) ;
#478 = AXIS2_PLACEMENT_3D ( 'NONE', #1578, #1327, #1175 ) ;
#479 = CIRCLE ( 'NONE', #744, 1.000000000000000888 ) ;
#480 = DIRECTION ( 'NONE',  ( 1.000000000000000000, 0.000000000000000000, 0.000000000000000000 ) ) ;
#481 = AXIS2_PLACEMENT_3D ( 'NONE', #1480, #869, #237 ) ;
#482 = ORIENTED_EDGE ( 'NONE', *, *, #1444, .F. ) ;
#483 = ORGANIZATION ( 'UNSPECIFIED', 'UNSPECIFIED', '' ) ;
#484 = ADVANCED_FACE ( 'NONE', ( #446 ), #459, .F. ) ;
#485 = LINE ( 'NONE', #236, #941 ) ;
#486 = CARTESIAN_POINT ( 'NONE',  ( -1.464285714285733953, 92.54464285714287541, 0.000000000000000000 ) ) ;
#487 = VERTEX_POINT ( 'NONE', #115 ) ;
#488 = CARTESIAN_POINT ( 'NONE',  ( -9.464285714285734841, 2.544642857142873638, -14.00000000000000178 ) ) ;
#489 = DIRECTION ( 'NONE',  ( -0.000000000000000000, 0.000000000000000000, 1.000000000000000000 ) ) ;
#490 = DIRECTION ( 'NONE',  ( -1.000000000000000000, -5.782411586589356653E-16, 0.000000000000000000 ) ) ;
#491 = ADVANCED_FACE ( 'NONE', ( #1177 ), #789, .T. ) ;
#492 = ORIENTED_EDGE ( 'NONE', *, *, #855, .T. ) ;
#493 = CARTESIAN_POINT ( 'NONE',  ( 0.000000000000000000, 92.54464285714287541, 3.000000000000000000 ) ) ;
#494 = DIRECTION ( 'NONE',  ( -5.782411586589356653E-16, 1.000000000000000000, 0.000000000000000000 ) ) ;
#495 = DIRECTION ( 'NONE',  ( 5.782411586589358625E-16, -1.000000000000000000, 0.000000000000000000 ) ) ;
#496 = VERTEX_POINT ( 'NONE', #428 ) ;
#497 = EDGE_CURVE ( 'NONE', #860, #328, #194, .T. ) ;
#498 = DIRECTION ( 'NONE',  ( -1.000000000000000000, 0.000000000000000000, 0.000000000000000000 ) ) ;
#499 = CARTESIAN_POINT ( 'NONE',  ( -23.21114168879055839, 41.80389101237968674, 3.000000000000000000 ) ) ;
#500 = CIRCLE ( 'NONE', #348, 0.9999999999999983347 ) ;
#501 = AXIS2_PLACEMENT_3D ( 'NONE', #1272, #24, #182 ) ;
#502 = PLANE ( 'NONE',  #804 ) ;
#503 = VECTOR ( 'NONE', #1229, 1000.000000000000000 ) ;
#504 = DIRECTION ( 'NONE',  ( 0.000000000000000000, -0.000000000000000000, -1.000000000000000000 ) ) ;
#505 = ORIENTED_EDGE ( 'NONE', *, *, #1245, .F. ) ;
#506 = CARTESIAN_POINT ( 'NONE',  ( 0.000000000000000000, 92.54464285714287541, 3.000000000000000000 ) ) ;
#507 = EDGE_LOOP ( 'NONE', ( #715, #1045 ) ) ;
#508 = EDGE_CURVE ( 'NONE', #529, #103, #924, .T. ) ;
#509 = EDGE_CURVE ( 'NONE', #958, #445, #1409, .T. ) ;
#510 = DIRECTION ( 'NONE',  ( -0.000000000000000000, 0.000000000000000000, -1.000000000000000000 ) ) ;
#511 = ORIENTED_EDGE ( 'NONE', *, *, #1236, .T. ) ;
#512 = DIRECTION ( 'NONE',  ( 1.000000000000000000, 0.000000000000000000, 0.000000000000000000 ) ) ;
#513 = EDGE_LOOP ( 'NONE', ( #109, #973, #381, #260 ) ) ;
#514 = ADVANCED_FACE ( 'NONE', ( #1280 ), #558, .F. ) ;
#515 = DATE_TIME_ROLE ( 'classification_date' ) ;
#516 = CARTESIAN_POINT ( 'NONE',  ( -25.46428571428572951, 2.544642857142873638, -12.50000000000000000 ) ) ;
#517 = EDGE_LOOP ( 'NONE', ( #461, #389, #362, #1565 ) ) ;
#518 = DIRECTION ( 'NONE',  ( 0.000000000000000000, 0.000000000000000000, -1.000000000000000000 ) ) ;
#519 = ORIENTED_EDGE ( 'NONE', *, *, #1472, .T. ) ;
#520 = AXIS2_PLACEMENT_3D ( 'NONE', #1569, #1312, #480 ) ;
#521 = AXIS2_PLACEMENT_3D ( 'NONE', #167, #1296, #894 ) ;
#522 = CIRCLE ( 'NONE', #583, 1.500000000000001332 ) ;
#523 = CARTESIAN_POINT ( 'NONE',  ( -17.46428571428572951, 27.54464285714287541, -11.00000000000000000 ) ) ;
#524 = ADVANCED_FACE ( 'NONE', ( #1550 ), #329, .F. ) ;
#525 = AXIS2_PLACEMENT_3D ( 'NONE', #165, #1127, #780 ) ;
#526 = CARTESIAN_POINT ( 'NONE',  ( -5.464285714285708195, -3.586657997627724226E-15, 0.000000000000000000 ) ) ;
#527 = VERTEX_POINT ( 'NONE', #567 ) ;
#528 = CARTESIAN_POINT ( 'NONE',  ( -19.46428571428572951, 41.80389101237968674, 3.000000000000000000 ) ) ;
#529 = VERTEX_POINT ( 'NONE', #1521 ) ;
#530 = PERSON_AND_ORGANIZATION_ROLE ( 'creator' ) ;
#531 = DIRECTION ( 'NONE',  ( -0.000000000000000000, 0.000000000000000000, -1.000000000000000000 ) ) ;
#532 = CARTESIAN_POINT ( 'NONE',  ( -1.464285714285733953, 92.54464285714287541, 3.000000000000000000 ) ) ;
#533 = ORIENTED_EDGE ( 'NONE', *, *, #1302, .F. ) ;
#534 = EDGE_CURVE ( 'NONE', #1242, #1190, #1056, .T. ) ;
#535 = CARTESIAN_POINT ( 'NONE',  ( -19.46428571428571530, -5.895480295080250868E-15, 3.000000000000000000 ) ) ;
#536 = PLANE ( 'NONE',  #288 ) ;
#537 = APPROVAL_DATE_TIME ( #636, #960 ) ;
#538 = DIRECTION ( 'NONE',  ( 0.000000000000000000, 0.000000000000000000, 1.000000000000000000 ) ) ;
#539 = LINE ( 'NONE', #771, #35 ) ;
#540 = ORIENTED_EDGE ( 'NONE', *, *, #559, .T. ) ;
#541 = ORIENTED_EDGE ( 'NONE', *, *, #313, .F. ) ;
#542 = DIRECTION ( 'NONE',  ( 0.000000000000000000, -0.000000000000000000, -1.000000000000000000 ) ) ;
#543 = EDGE_CURVE ( 'NONE', #1208, #1428, #368, .T. ) ;
#544 = CARTESIAN_POINT ( 'NONE',  ( -17.46428571428570820, -1.146324026692783448E-14, -25.00000000000000000 ) ) ;
#545 = PERSON_AND_ORGANIZATION_ROLE ( 'design_supplier' ) ;
#546 = AXIS2_PLACEMENT_3D ( 'NONE', #614, #1108, #498 ) ;
#547 = FACE_OUTER_BOUND ( 'NONE', #696, .T. ) ;
#548 = AXIS2_PLACEMENT_3D ( 'NONE', #1362, #865, #397 ) ;
#549 = FACE_OUTER_BOUND ( 'NONE', #1568, .T. ) ;
#550 = VECTOR ( 'NONE', #776, 1000.000000000000000 ) ;
#551 = VERTEX_POINT ( 'NONE', #80 ) ;
#552 = VERTEX_POINT ( 'NONE', #310 ) ;
#553 = VECTOR ( 'NONE', #191, 1000.000000000000000 ) ;
#554 = CYLINDRICAL_SURFACE ( 'NONE', #743, 0.9999999999999983347 ) ;
#555 = CC_DESIGN_DATE_AND_TIME_ASSIGNMENT ( #23, #1509, ( #1232 ) ) ;
#556 = ORIENTED_EDGE ( 'NONE', *, *, #629, .F. ) ;
#557 = EDGE_LOOP ( 'NONE', ( #1557, #279, #286, #782 ) ) ;
#558 = CYLINDRICAL_SURFACE ( 'NONE', #390, 1.873427987252412219 ) ;
#559 = EDGE_CURVE ( 'NONE', #673, #1147, #211, .T. ) ;
#560 = CARTESIAN_POINT ( 'NONE',  ( 10.53571428571428292, 1.827655090761278678E-15, 3.000000000000000000 ) ) ;
#561 = CARTESIAN_POINT ( 'NONE',  ( -19.46428571428571530, -5.895480295080250868E-15, 0.000000000000000000 ) ) ;
#562 = FACE_OUTER_BOUND ( 'NONE', #1266, .T. ) ;
#563 = ORIENTED_EDGE ( 'NONE', *, *, #337, .F. ) ;
#564 = ORIENTED_EDGE ( 'NONE', *, *, #1236, .F. ) ;
#565 = CARTESIAN_POINT ( 'NONE',  ( -17.46428571428572951, 2.544642857142873638, -11.00000000000000000 ) ) ;
#566 = ORIENTED_EDGE ( 'NONE', *, *, #177, .T. ) ;
#567 = CARTESIAN_POINT ( 'NONE',  ( -39.66428571428571104, 64.81785090089283585, 0.000000000000000000 ) ) ;
#568 = EDGE_CURVE ( 'NONE', #1428, #596, #188, .T. ) ;
#569 = FACE_OUTER_BOUND ( 'NONE', #788, .T. ) ;
#570 = CARTESIAN_POINT ( 'NONE',  ( -5.464285714285741058, 44.36607142857142350, 0.000000000000000000 ) ) ;
#571 = ORIENTED_EDGE ( 'NONE', *, *, #1224, .F. ) ;
#572 = EDGE_LOOP ( 'NONE', ( #589, #563, #1381, #1301 ) ) ;
#573 = FACE_OUTER_BOUND ( 'NONE', #97, .T. ) ;
#574 = DIRECTION ( 'NONE',  ( -0.000000000000000000, -0.000000000000000000, -1.000000000000000000 ) ) ;
#575 = ORIENTED_EDGE ( 'NONE', *, *, #975, .T. ) ;
#576 = VERTEX_POINT ( 'NONE', #947 ) ;
#577 = DIRECTION ( 'NONE',  ( -0.000000000000000000, 0.000000000000000000, -1.000000000000000000 ) ) ;
#578 = AXIS2_PLACEMENT_3D ( 'NONE', #1556, #464, #951 ) ;
#579 = DIRECTION ( 'NONE',  ( 3.028870610316458789E-16, -1.000000000000000000, 0.000000000000000000 ) ) ;
#580 = AXIS2_PLACEMENT_3D ( 'NONE', #844, #663, #1151 ) ;
#581 = ORIENTED_EDGE ( 'NONE', *, *, #1522, .T. ) ;
#582 = LINE ( 'NONE', #824, #420 ) ;
#583 = AXIS2_PLACEMENT_3D ( 'NONE', #233, #1323, #714 ) ;
#584 = VECTOR ( 'NONE', #759, 1000.000000000000000 ) ;
#585 = ORIENTED_EDGE ( 'NONE', *, *, #355, .F. ) ;
#586 = VERTEX_POINT ( 'NONE', #70 ) ;
#587 = DIRECTION ( 'NONE',  ( -1.000000000000000000, -5.782411586589356653E-16, 8.673617379884035472E-16 ) ) ;
#588 = LINE ( 'NONE', #469, #723 ) ;
#589 = ORIENTED_EDGE ( 'NONE', *, *, #770, .T. ) ;
#590 = EDGE_CURVE ( 'NONE', #1345, #586, #323, .T. ) ;
#591 = FACE_OUTER_BOUND ( 'NONE', #1584, .T. ) ;
#592 = EDGE_LOOP ( 'NONE', ( #1468, #1131, #613, #1383 ) ) ;
#593 = ORIENTED_EDGE ( 'NONE', *, *, #117, .F. ) ;
#594 = DIRECTION ( 'NONE',  ( 5.782411586589358625E-16, -1.000000000000000000, 0.000000000000000000 ) ) ;
#595 = DIRECTION ( 'NONE',  ( 1.000000000000000000, 6.563818557750090892E-16, -0.000000000000000000 ) ) ;
#596 = VERTEX_POINT ( 'NONE', #820 ) ;
#597 = DIRECTION ( 'NONE',  ( -0.000000000000000000, -0.000000000000000000, -1.000000000000000000 ) ) ;
#598 = ADVANCED_FACE ( 'NONE', ( #604 ), #180, .F. ) ;
#599 = CARTESIAN_POINT ( 'NONE',  ( -17.46428571428572951, 24.54464285714286831, -12.50000000000000000 ) ) ;
#600 = DIRECTION ( 'NONE',  ( -1.000000000000000000, 0.000000000000000000, 0.000000000000000000 ) ) ;
#601 = VECTOR ( 'NONE', #687, 1000.000000000000000 ) ;
#602 = VERTEX_POINT ( 'NONE', #363 ) ;
#603 = VECTOR ( 'NONE', #733, 1000.000000000000000 ) ;
#604 = FACE_OUTER_BOUND ( 'NONE', #403, .T. ) ;
#605 = VECTOR ( 'NONE', #1446, 1000.000000000000000 ) ;
#606 = EDGE_CURVE ( 'NONE', #1251, #258, #1442, .T. ) ;
#607 = CARTESIAN_POINT ( 'NONE',  ( -24.94413484451806795, 24.66881326786772632, 3.000000000000000000 ) ) ;
#608 = CYLINDRICAL_SURFACE ( 'NONE', #875, 1.500000000000001332 ) ;
#609 = ORIENTED_EDGE ( 'NONE', *, *, #1500, .T. ) ;
#610 = CARTESIAN_POINT ( 'NONE',  ( -4.664285714285725248, 73.71785090089282733, 3.000000000000000000 ) ) ;
#611 = FACE_BOUND ( 'NONE', #465, .T. ) ;
#612 = FACE_OUTER_BOUND ( 'NONE', #572, .T. ) ;
#613 = ORIENTED_EDGE ( 'NONE', *, *, #861, .F. ) ;
#614 = CARTESIAN_POINT ( 'NONE',  ( -30.26428571428572312, 73.71785090089282733, 3.000000000000000000 ) ) ;
#615 = DIRECTION ( 'NONE',  ( 0.000000000000000000, 1.000000000000000000, 0.000000000000000000 ) ) ;
#616 = LINE ( 'NONE', #139, #138 ) ;
#617 = ORIENTED_EDGE ( 'NONE', *, *, #301, .T. ) ;
#618 = EDGE_CURVE ( 'NONE', #527, #1538, #1463, .T. ) ;
#619 = CARTESIAN_POINT ( 'NONE',  ( -21.33771370153814217, 41.80389101237968674, 3.000000000000000000 ) ) ;
#620 = VECTOR ( 'NONE', #173, 1000.000000000000000 ) ;
#621 = ORIENTED_EDGE ( 'NONE', *, *, #843, .F. ) ;
#622 = AXIS2_PLACEMENT_3D ( 'NONE', #1047, #1398, #1209 ) ;
#623 = AXIS2_PLACEMENT_3D ( 'NONE', #516, #1120, #32 ) ;
#624 = DIRECTION ( 'NONE',  ( -0.000000000000000000, -0.000000000000000000, -1.000000000000000000 ) ) ;
#625 = CARTESIAN_POINT ( 'NONE',  ( -5.464285714285708195, -3.586657997627724226E-15, 3.000000000000000000 ) ) ;
#626 = ORIENTED_EDGE ( 'NONE', *, *, #110, .T. ) ;
#627 = DIRECTION ( 'NONE',  ( 1.000000000000000000, 0.000000000000000000, 0.000000000000000000 ) ) ;
#628 = ORIENTED_EDGE ( 'NONE', *, *, #1478, .T. ) ;
#629 = EDGE_CURVE ( 'NONE', #1190, #1157, #734, .T. ) ;
#630 = PERSON_AND_ORGANIZATION ( #913, #483 ) ;
#631 = FACE_OUTER_BOUND ( 'NONE', #513, .T. ) ;
#632 = VERTEX_POINT ( 'NONE', #1346 ) ;
#633 = CYLINDRICAL_SURFACE ( 'NONE', #546, 8.000000000000000000 ) ;
#634 = ORIENTED_EDGE ( 'NONE', *, *, #1026, .T. ) ;
#635 = EDGE_CURVE ( 'NONE', #1053, #103, #1212, .T. ) ;
#636 = DATE_AND_TIME ( #45, #833 ) ;
#637 = DIRECTION ( 'NONE',  ( 0.7031719429307901059, -0.7110198440795711949, 0.000000000000000000 ) ) ;
#638 = CARTESIAN_POINT ( 'NONE',  ( -29.46428571428572951, 30.54464285714287541, 0.000000000000000000 ) ) ;
#639 = ORIENTED_EDGE ( 'NONE', *, *, #256, .T. ) ;
#640 = DIRECTION ( 'NONE',  ( -0.000000000000000000, -0.000000000000000000, -1.000000000000000000 ) ) ;
#641 = EDGE_LOOP ( 'NONE', ( #690, #1352, #309, #332 ) ) ;
#642 = AXIS2_PLACEMENT_3D ( 'NONE', #1426, #1286, #670 ) ;
#643 = AXIS2_PLACEMENT_3D ( 'NONE', #872, #271, #850 ) ;
#644 = CIRCLE ( 'NONE', #1068, 1.500000000000001332 ) ;
#645 = DIRECTION ( 'NONE',  ( 1.000000000000000000, 0.000000000000000000, 0.000000000000000000 ) ) ;
#646 = AXIS2_PLACEMENT_3D ( 'NONE', #695, #204, #107 ) ;
#647 = ADVANCED_FACE ( 'NONE', ( #1223, #248, #1493, #144 ), #1243, .F. ) ;
#648 = CYLINDRICAL_SURFACE ( 'NONE', #169, 0.9999999999999983347 ) ;
#649 = CARTESIAN_POINT ( 'NONE',  ( -30.26428571428572312, 73.71785090089282733, 3.000000000000000000 ) ) ;
#650 = ORIENTED_EDGE ( 'NONE', *, *, #1342, .T. ) ;
#651 = DIRECTION ( 'NONE',  ( -0.000000000000000000, -0.000000000000000000, -1.000000000000000000 ) ) ;
#652 = FACE_BOUND ( 'NONE', #928, .T. ) ;
#653 = CALENDAR_DATE ( 2022, 26, 9 ) ;
#654 = DIRECTION ( 'NONE',  ( 1.734723475976807094E-16, -1.000000000000000000, 0.000000000000000000 ) ) ;
#655 = LINE ( 'NONE', #526, #745 ) ;
#656 = EDGE_CURVE ( 'NONE', #1251, #860, #964, .T. ) ;
#657 = DIRECTION ( 'NONE',  ( -1.734723475976806848E-16, 1.000000000000000000, 0.000000000000000000 ) ) ;
#658 = ORIENTED_EDGE ( 'NONE', *, *, #836, .F. ) ;
#659 = ORIENTED_EDGE ( 'NONE', *, *, #1072, .T. ) ;
#660 = CARTESIAN_POINT ( 'NONE',  ( -10.49131581588060769, 79.19924855068134661, 3.000000000000000000 ) ) ;
#661 = ADVANCED_FACE ( 'NONE', ( #749 ), #1470, .F. ) ;
#662 = CARTESIAN_POINT ( 'NONE',  ( -5.464285714285741058, 44.36607142857142350, 3.000000000000000000 ) ) ;
#663 = DIRECTION ( 'NONE',  ( 0.000000000000000000, -0.000000000000000000, -1.000000000000000000 ) ) ;
#664 = CARTESIAN_POINT ( 'NONE',  ( -24.94413484451806795, 24.66881326786772632, 0.000000000000000000 ) ) ;
#665 = FACE_OUTER_BOUND ( 'NONE', #1337, .T. ) ;
#666 = VERTEX_POINT ( 'NONE', #1095 ) ;
#667 = ORIENTED_EDGE ( 'NONE', *, *, #378, .T. ) ;
#668 = CC_DESIGN_PERSON_AND_ORGANIZATION_ASSIGNMENT ( #884, #1125, ( #1338 ) ) ;
#669 = CARTESIAN_POINT ( 'NONE',  ( -15.46428571428573306, 0.000000000000000000, 3.000000000000000000 ) ) ;
#670 = DIRECTION ( 'NONE',  ( 1.000000000000000000, 0.000000000000000000, 0.000000000000000000 ) ) ;
#671 = EDGE_CURVE ( 'NONE', #1477, #183, #290, .T. ) ;
#672 = ORIENTED_EDGE ( 'NONE', *, *, #212, .T. ) ;
#673 = VERTEX_POINT ( 'NONE', #375 ) ;
#674 = CARTESIAN_POINT ( 'NONE',  ( -17.46428571428572596, 78.58468301639214815, 3.000000000000000000 ) ) ;
#675 = AXIS2_PLACEMENT_3D ( 'NONE', #1402, #781, #792 ) ;
#676 = CARTESIAN_POINT ( 'NONE',  ( -11.71742973978088465, -5.323586785090552534E-15, 0.000000000000000000 ) ) ;
#677 = CIRCLE ( 'NONE', #369, 1.873427987252412219 ) ;
#678 = DIRECTION ( 'NONE',  ( 4.543305915474688183E-16, -1.000000000000000000, 0.000000000000000000 ) ) ;
#679 = PLANE ( 'NONE',  #261 ) ;
#680 = ORIENTED_EDGE ( 'NONE', *, *, #836, .T. ) ;
#681 = ORIENTED_EDGE ( 'NONE', *, *, #1072, .F. ) ;
#682 = CC_DESIGN_APPROVAL ( #360, ( #1232 ) ) ;
#683 = DIRECTION ( 'NONE',  ( 1.000000000000000000, 0.000000000000000000, 0.000000000000000000 ) ) ;
#684 = FACE_BOUND ( 'NONE', #75, .T. ) ;
#685 = EDGE_LOOP ( 'NONE', ( #841, #977, #210, #1297 ) ) ;
#686 = EDGE_CURVE ( 'NONE', #748, #305, #9, .T. ) ;
#687 = DIRECTION ( 'NONE',  ( 6.563818557750089906E-16, -1.000000000000000000, -0.000000000000000000 ) ) ;
#688 = DIRECTION ( 'NONE',  ( 0.000000000000000000, 0.000000000000000000, 1.000000000000000000 ) ) ;
#689 = DIRECTION ( 'NONE',  ( 0.000000000000000000, 0.000000000000000000, 1.000000000000000000 ) ) ;
#690 = ORIENTED_EDGE ( 'NONE', *, *, #355, .T. ) ;
#691 = EDGE_LOOP ( 'NONE', ( #93, #1205, #463, #1222 ) ) ;
#692 = CYLINDRICAL_SURFACE ( 'NONE', #1548, 1.500000000000001332 ) ;
#693 = ORIENTED_EDGE ( 'NONE', *, *, #635, .F. ) ;
#694 = CARTESIAN_POINT ( 'NONE',  ( -25.46428571428572951, 2.544642857142873638, -14.00000000000000178 ) ) ;
#695 = CARTESIAN_POINT ( 'NONE',  ( -13.59085772703332040, 53.25848052220072049, 3.000000000000000000 ) ) ;
#696 = EDGE_LOOP ( 'NONE', ( #1435, #341, #141, #617 ) ) ;
#697 = FACE_OUTER_BOUND ( 'NONE', #1373, .T. ) ;
#698 = ORIENTED_EDGE ( 'NONE', *, *, #738, .T. ) ;
#699 = VECTOR ( 'NONE', #851, 1000.000000000000000 ) ;
#700 = DIRECTION ( 'NONE',  ( -1.000000000000000000, 0.000000000000000000, 0.000000000000000000 ) ) ;
#701 = ADVANCED_FACE ( 'NONE', ( #981 ), #633, .F. ) ;
#702 = AXIS2_PLACEMENT_3D ( 'NONE', #1171, #48, #1049 ) ;
#703 = CARTESIAN_POINT ( 'NONE',  ( -38.66428571428571814, 64.81785090089283585, 3.000000000000000000 ) ) ;
#704 = CIRCLE ( 'NONE', #1445, 0.9999999999999983347 ) ;
#705 = VECTOR ( 'NONE', #137, 1000.000000000000000 ) ;
#706 = EDGE_LOOP ( 'NONE', ( #988, #1307, #206, #1363 ) ) ;
#707 = ORIENTED_EDGE ( 'NONE', *, *, #1016, .F. ) ;
#708 = CARTESIAN_POINT ( 'NONE',  ( -30.26428571428572312, 73.71785090089282733, 3.000000000000000000 ) ) ;
#709 = ADVANCED_FACE ( 'NONE', ( #1217 ), #382, .F. ) ;
#710 = CYLINDRICAL_SURFACE ( 'NONE', #1213, 1.873427987252415772 ) ;
#711 = ORIENTED_EDGE ( 'NONE', *, *, #795, .T. ) ;
#712 = EDGE_LOOP ( 'NONE', ( #1042, #1140 ) ) ;
#713 = FACE_BOUND ( 'NONE', #1275, .T. ) ;
#714 = DIRECTION ( 'NONE',  ( -1.000000000000000000, 0.000000000000000000, 0.000000000000000000 ) ) ;
#715 = ORIENTED_EDGE ( 'NONE', *, *, #5, .F. ) ;
#716 = CARTESIAN_POINT ( 'NONE',  ( -11.71742973978090241, 41.80389101237968674, 3.000000000000000000 ) ) ;
#717 = EDGE_CURVE ( 'NONE', #774, #1019, #418, .T. ) ;
#718 =( NAMED_UNIT ( * ) SI_UNIT ( $, .STERADIAN. ) SOLID_ANGLE_UNIT ( ) );
#719 = VECTOR ( 'NONE', #189, 999.9999999999998863 ) ;
#720 = LINE ( 'NONE', #863, #989 ) ;
#721 = VECTOR ( 'NONE', #331, 1000.000000000000000 ) ;
#722 = EDGE_LOOP ( 'NONE', ( #209, #806 ) ) ;
#723 = VECTOR ( 'NONE', #1076, 1000.000000000000000 ) ;
#724 = PLANE ( 'NONE',  #262 ) ;
#725 = CIRCLE ( 'NONE', #1388, 8.000000000000000000 ) ;
#726 = LOCAL_TIME ( 19, 52, 2.000000000000000000, #273 ) ;
#727 = ADVANCED_FACE ( 'NONE', ( #239 ), #1122, .T. ) ;
#728 = FACE_BOUND ( 'NONE', #712, .T. ) ;
#729 = DIRECTION ( 'NONE',  ( -0.000000000000000000, 1.000000000000000000, -0.000000000000000000 ) ) ;
#730 = ORIENTED_EDGE ( 'NONE', *, *, #1404, .F. ) ;
#731 = DIRECTION ( 'NONE',  ( 0.000000000000000000, -0.000000000000000000, -1.000000000000000000 ) ) ;
#732 = DIRECTION ( 'NONE',  ( 1.000000000000000000, 0.000000000000000000, 0.000000000000000000 ) ) ;
#733 = DIRECTION ( 'NONE',  ( -6.563818557750089906E-16, 1.000000000000000000, 0.000000000000000000 ) ) ;
#734 = LINE ( 'NONE', #150, #1234 ) ;
#735 = CARTESIAN_POINT ( 'NONE',  ( -17.46428571428572951, 27.54464285714287541, -12.50000000000000000 ) ) ;
#736 = DIRECTION ( 'NONE',  ( 0.7110198440795716390, -0.7031719429307896618, 0.000000000000000000 ) ) ;
#737 = CARTESIAN_POINT ( 'NONE',  ( -17.46428571428572596, 27.54464285714287541, -13.00000000000000178 ) ) ;
#738 = EDGE_CURVE ( 'NONE', #1176, #1321, #61, .T. ) ;
#739 = VERTEX_POINT ( 'NONE', #1460 ) ;
#740 = CARTESIAN_POINT ( 'NONE',  ( -37.66428571428571814, 82.61785090089283301, 0.000000000000000000 ) ) ;
#741 = AXIS2_PLACEMENT_3D ( 'NONE', #1539, #934, #438 ) ;
#742 = ORIENTED_EDGE ( 'NONE', *, *, #256, .F. ) ;
#743 = AXIS2_PLACEMENT_3D ( 'NONE', #1024, #651, #1506 ) ;
#744 = AXIS2_PLACEMENT_3D ( 'NONE', #1527, #542, #1141 ) ;
#745 = VECTOR ( 'NONE', #409, 1000.000000000000000 ) ;
#746 = PERSON_AND_ORGANIZATION ( #913, #483 ) ;
#747 = CARTESIAN_POINT ( 'NONE',  ( -25.46428571428572951, 27.54464285714287541, -12.50000000000000000 ) ) ;
#748 = VERTEX_POINT ( 'NONE', #740 ) ;
#749 = FACE_OUTER_BOUND ( 'NONE', #1099, .T. ) ;
#750 = ORIENTED_EDGE ( 'NONE', *, *, #1414, .T. ) ;
#751 = DIRECTION ( 'NONE',  ( -0.000000000000000000, -0.000000000000000000, -1.000000000000000000 ) ) ;
#752 = CARTESIAN_POINT ( 'NONE',  ( 2.735714285714281324, 82.61785090089283301, 3.000000000000000000 ) ) ;
#753 = ORIENTED_EDGE ( 'NONE', *, *, #451, .T. ) ;
#754 = CARTESIAN_POINT ( 'NONE',  ( -10.49131581588060769, 79.19924855068134661, 0.000000000000000000 ) ) ;
#755 = EDGE_LOOP ( 'NONE', ( #1483, #229 ) ) ;
#756 = ADVANCED_FACE ( 'NONE', ( #1009 ), #724, .F. ) ;
#757 = PERSON_AND_ORGANIZATION_ROLE ( 'design_owner' ) ;
#758 = LINE ( 'NONE', #1503, #719 ) ;
#759 = DIRECTION ( 'NONE',  ( -0.000000000000000000, -0.000000000000000000, -1.000000000000000000 ) ) ;
#760 = CARTESIAN_POINT ( 'NONE',  ( -63.00446428571432023, 63.00446428571425628, 3.000000000000000000 ) ) ;
#761 = ORIENTED_EDGE ( 'NONE', *, *, #301, .F. ) ;
#762 = DIRECTION ( 'NONE',  ( -0.000000000000000000, -0.000000000000000000, -1.000000000000000000 ) ) ;
#763 = ORIENTED_EDGE ( 'NONE', *, *, #1427, .F. ) ;
#764 = AXIS2_PLACEMENT_3D ( 'NONE', #1014, #281, #645 ) ;
#765 = AXIS2_PLACEMENT_3D ( 'NONE', #122, #1353, #518 ) ;
#766 = EDGE_CURVE ( 'NONE', #1086, #552, #365, .T. ) ;
#767 = CIRCLE ( 'NONE', #98, 0.9999999999999940048 ) ;
#768 = PLANE ( 'NONE',  #899 ) ;
#769 = VECTOR ( 'NONE', #82, 1000.000000000000000 ) ;
#770 = EDGE_CURVE ( 'NONE', #207, #425, #1174, .T. ) ;
#771 = CARTESIAN_POINT ( 'NONE',  ( -37.66428571428572525, 64.81785090089283585, 3.000000000000000000 ) ) ;
#772 = CC_DESIGN_APPROVAL ( #960, ( #1469 ) ) ;
#773 = CARTESIAN_POINT ( 'NONE',  ( -33.46428571428573662, 92.54464285714287541, 0.000000000000000000 ) ) ;
#774 = VERTEX_POINT ( 'NONE', #921 ) ;
#775 = VERTEX_POINT ( 'NONE', #1515 ) ;
#776 = DIRECTION ( 'NONE',  ( -0.000000000000000000, -0.000000000000000000, -1.000000000000000000 ) ) ;
#777 = DIRECTION ( 'NONE',  ( 0.000000000000000000, -1.000000000000000000, 0.000000000000000000 ) ) ;
#778 = COORDINATED_UNIVERSAL_TIME_OFFSET ( 2, 0, .AHEAD. ) ;
#779 = DIRECTION ( 'NONE',  ( -1.000000000000000000, 0.000000000000000000, 0.000000000000000000 ) ) ;
#780 = DIRECTION ( 'NONE',  ( 1.000000000000000000, 0.000000000000000000, 0.000000000000000000 ) ) ;
#781 = DIRECTION ( 'NONE',  ( -0.000000000000000000, 0.000000000000000000, 1.000000000000000000 ) ) ;
#782 = ORIENTED_EDGE ( 'NONE', *, *, #738, .F. ) ;
#783 = EDGE_CURVE ( 'NONE', #774, #1477, #910, .T. ) ;
#784 = ORIENTED_EDGE ( 'NONE', *, *, #228, .F. ) ;
#785 = CYLINDRICAL_SURFACE ( 'NONE', #1012, 7.999999999999992895 ) ;
#786 = CARTESIAN_POINT ( 'NONE',  ( 10.53571428571427404, 60.54464285714288252, 3.000000000000000000 ) ) ;
#787 = ORIENTED_EDGE ( 'NONE', *, *, #1111, .T. ) ;
#788 = EDGE_LOOP ( 'NONE', ( #121, #1543, #422, #1074 ) ) ;
#789 = PLANE ( 'NONE',  #1356 ) ;
#790 = DIRECTION ( 'NONE',  ( 1.000000000000000000, 0.000000000000000000, 0.000000000000000000 ) ) ;
#791 = CARTESIAN_POINT ( 'NONE',  ( -29.46428571428572596, 24.54464285714286120, -3.000000000000000000 ) ) ;
#792 = DIRECTION ( 'NONE',  ( 1.000000000000000000, 0.000000000000000000, 0.000000000000000000 ) ) ;
#793 = ORIENTED_EDGE ( 'NONE', *, *, #1218, .F. ) ;
#794 = EDGE_LOOP ( 'NONE', ( #571, #1573, #88, #374, #49 ) ) ;
#795 = EDGE_CURVE ( 'NONE', #596, #602, #297, .T. ) ;
#796 = CYLINDRICAL_SURFACE ( 'NONE', #118, 1.000000000000000888 ) ;
#797 = FACE_BOUND ( 'NONE', #940, .T. ) ;
#798 = ORIENTED_EDGE ( 'NONE', *, *, #559, .F. ) ;
#799 = VECTOR ( 'NONE', #832, 1000.000000000000000 ) ;
#800 = DIRECTION ( 'NONE',  ( -0.000000000000000000, 1.000000000000000000, -0.000000000000000000 ) ) ;
#801 = VECTOR ( 'NONE', #448, 1000.000000000000000 ) ;
#802 = VECTOR ( 'NONE', #412, 1000.000000000000000 ) ;
#803 = DIRECTION ( 'NONE',  ( -1.000000000000000000, -5.782411586589356653E-16, 0.000000000000000000 ) ) ;
#804 = AXIS2_PLACEMENT_3D ( 'NONE', #607, #736, #359 ) ;
#805 = PLANE ( 'NONE',  #1488 ) ;
#806 = ORIENTED_EDGE ( 'NONE', *, *, #1541, .F. ) ;
#807 = DIRECTION ( 'NONE',  ( -1.000000000000000000, 0.000000000000000000, -0.000000000000000000 ) ) ;
#808 = FACE_OUTER_BOUND ( 'NONE', #357, .T. ) ;
#809 = PRODUCT_RELATED_PRODUCT_CATEGORY ( 'detail', '', ( #277 ) ) ;
#810 = ORIENTED_EDGE ( 'NONE', *, *, #1575, .T. ) ;
#811 = DIRECTION ( 'NONE',  ( -0.000000000000000000, 1.000000000000000000, -0.000000000000000000 ) ) ;
#812 = CARTESIAN_POINT ( 'NONE',  ( 2.735714285714281324, 64.81785090089283585, 3.000000000000000000 ) ) ;
#813 = CARTESIAN_POINT ( 'NONE',  ( -9.464285714285734841, 2.544642857142873638, -11.00000000000000000 ) ) ;
#814 = ORIENTED_EDGE ( 'NONE', *, *, #217, .F. ) ;
#815 = DIRECTION ( 'NONE',  ( -0.000000000000000000, -0.000000000000000000, -1.000000000000000000 ) ) ;
#816 = CARTESIAN_POINT ( 'NONE',  ( -29.46428571428572596, 24.54464285714286120, -3.000000000000000000 ) ) ;
#817 = EDGE_LOOP ( 'NONE', ( #909, #442, #215, #750 ) ) ;
#818 = VERTEX_POINT ( 'NONE', #1257 ) ;
#819 = EDGE_LOOP ( 'NONE', ( #996, #25, #1256, #1044 ) ) ;
#820 = CARTESIAN_POINT ( 'NONE',  ( -29.46428571428573306, 44.36607142857140929, 3.000000000000000000 ) ) ;
#821 = EDGE_CURVE ( 'NONE', #1198, #602, #278, .T. ) ;
#822 = CARTESIAN_POINT ( 'NONE',  ( -11.71742973978090241, 41.80389101237968674, 3.000000000000000000 ) ) ;
#823 = VERTEX_POINT ( 'NONE', #184 ) ;
#824 = CARTESIAN_POINT ( 'NONE',  ( -15.46428571428573306, 41.80389101237968674, 3.000000000000000000 ) ) ;
#825 = ORIENTED_EDGE ( 'NONE', *, *, #54, .F. ) ;
#826 = ADVANCED_FACE ( 'NONE', ( #1051 ), #796, .F. ) ;
#827 = CARTESIAN_POINT ( 'NONE',  ( -23.21114168879055839, 53.25848052220072049, 0.000000000000000000 ) ) ;
#828 = AXIS2_PLACEMENT_3D ( 'NONE', #506, #995, #1476 ) ;
#829 = DIRECTION ( 'NONE',  ( -0.000000000000000000, 0.000000000000000000, 1.000000000000000000 ) ) ;
#830 = ORIENTED_EDGE ( 'NONE', *, *, #1164, .T. ) ;
#831 = VECTOR ( 'NONE', #579, 1000.000000000000000 ) ;
#832 = DIRECTION ( 'NONE',  ( -0.000000000000000000, -0.000000000000000000, -1.000000000000000000 ) ) ;
#833 = LOCAL_TIME ( 19, 52, 2.000000000000000000, #1143 ) ;
#834 = ORIENTED_EDGE ( 'NONE', *, *, #916, .T. ) ;
#835 = LINE ( 'NONE', #862, #705 ) ;
#836 = EDGE_CURVE ( 'NONE', #496, #666, #704, .T. ) ;
#837 = CARTESIAN_POINT ( 'NONE',  ( -9.464285714285734841, 2.544642857142873638, -12.50000000000000000 ) ) ;
#838 = EDGE_CURVE ( 'NONE', #1267, #1432, #479, .T. ) ;
#839 = ORIENTED_EDGE ( 'NONE', *, *, #395, .F. ) ;
#840 = LINE ( 'NONE', #163, #1007 ) ;
#841 = ORIENTED_EDGE ( 'NONE', *, *, #861, .T. ) ;
#842 = DIRECTION ( 'NONE',  ( 5.251054846200071727E-16, -1.000000000000000000, 0.000000000000000000 ) ) ;
#843 = EDGE_CURVE ( 'NONE', #305, #748, #966, .T. ) ;
#844 = CARTESIAN_POINT ( 'NONE',  ( -17.46428571428573306, 68.85101878539352072, 3.000000000000000000 ) ) ;
#845 = CARTESIAN_POINT ( 'NONE',  ( -29.46428571428572596, 24.54464285714287541, -13.00000000000000178 ) ) ;
#846 = DIRECTION ( 'NONE',  ( 1.000000000000000000, 0.000000000000000000, 0.000000000000000000 ) ) ;
#847 = AXIS2_PLACEMENT_3D ( 'NONE', #649, #283, #410 ) ;
#848 = ORIENTED_EDGE ( 'NONE', *, *, #1389, .F. ) ;
#849 = VECTOR ( 'NONE', #683, 1000.000000000000000 ) ;
#850 = DIRECTION ( 'NONE',  ( 0.000000000000000000, 0.000000000000000000, -1.000000000000000000 ) ) ;
#851 = DIRECTION ( 'NONE',  ( -0.7031719429307896618, -0.7110198440795716390, 0.000000000000000000 ) ) ;
#852 = EDGE_CURVE ( 'NONE', #387, #883, #434, .T. ) ;
#853 = CIRCLE ( 'NONE', #1110, 1.500000000000001332 ) ;
#854 = CC_DESIGN_SECURITY_CLASSIFICATION ( #1338, ( #1469 ) ) ;
#855 = EDGE_CURVE ( 'NONE', #1412, #159, #1158, .T. ) ;
#856 = CARTESIAN_POINT ( 'NONE',  ( -4.664285714285725248, 73.71785090089282733, 0.000000000000000000 ) ) ;
#857 = CARTESIAN_POINT ( 'NONE',  ( -33.46428571428573662, 92.54464285714287541, 3.000000000000000000 ) ) ;
#858 = VERTEX_POINT ( 'NONE', #754 ) ;
#859 = CARTESIAN_POINT ( 'NONE',  ( -21.33771370153814573, 53.25848052220072049, 3.000000000000000000 ) ) ;
#860 = VERTEX_POINT ( 'NONE', #660 ) ;
#861 = EDGE_CURVE ( 'NONE', #1019, #874, #1033, .T. ) ;
#862 = CARTESIAN_POINT ( 'NONE',  ( 45.54017857142857650, 45.54017857142861203, 0.000000000000000000 ) ) ;
#863 = CARTESIAN_POINT ( 'NONE',  ( -0.000000000000000000, 92.54464285714287541, 0.000000000000000000 ) ) ;
#864 = ORIENTED_EDGE ( 'NONE', *, *, #1210, .T. ) ;
#865 = DIRECTION ( 'NONE',  ( 0.000000000000000000, -0.000000000000000000, -1.000000000000000000 ) ) ;
#866 = ORIENTED_EDGE ( 'NONE', *, *, #1358, .T. ) ;
#867 = DIRECTION ( 'NONE',  ( -0.000000000000000000, 0.000000000000000000, 1.000000000000000000 ) ) ;
#868 = ADVANCED_FACE ( 'NONE', ( #1501 ), #785, .F. ) ;
#869 = DIRECTION ( 'NONE',  ( -5.782411586589356653E-16, 1.000000000000000000, 0.000000000000000000 ) ) ;
#870 = VECTOR ( 'NONE', #1386, 1000.000000000000000 ) ;
#871 = ORIENTED_EDGE ( 'NONE', *, *, #821, .F. ) ;
#872 = CARTESIAN_POINT ( 'NONE',  ( -9.464285714285734841, 27.54464285714287541, -12.50000000000000000 ) ) ;
#873 = CIRCLE ( 'NONE', #478, 6.999999999999988454 ) ;
#874 = VERTEX_POINT ( 'NONE', #528 ) ;
#875 = AXIS2_PLACEMENT_3D ( 'NONE', #1466, #729, #1344 ) ;
#876 = CIRCLE ( 'NONE', #200, 1.500000000000001332 ) ;
#877 = APPROVAL_DATE_TIME ( #1270, #1571 ) ;
#878 = DIRECTION ( 'NONE',  ( -0.000000000000000000, 0.000000000000000000, 1.000000000000000000 ) ) ;
#879 = DIRECTION ( 'NONE',  ( -0.000000000000000000, -0.000000000000000000, -1.000000000000000000 ) ) ;
#880 = ORIENTED_EDGE ( 'NONE', *, *, #1092, .T. ) ;
#881 = EDGE_CURVE ( 'NONE', #457, #14, #1018, .T. ) ;
#882 = DIRECTION ( 'NONE',  ( 0.000000000000000000, -0.000000000000000000, -1.000000000000000000 ) ) ;
#883 = VERTEX_POINT ( 'NONE', #285 ) ;
#884 = PERSON_AND_ORGANIZATION ( #913, #483 ) ;
#885 = CARTESIAN_POINT ( 'NONE',  ( -21.33771370153814217, 41.80389101237968674, 3.000000000000000000 ) ) ;
#886 = DIRECTION ( 'NONE',  ( 1.000000000000000000, 5.782411586589356653E-16, 0.000000000000000000 ) ) ;
#887 = EDGE_LOOP ( 'NONE', ( #458, #1505 ) ) ;
#888 = DIRECTION ( 'NONE',  ( -5.251054846200071727E-16, 1.000000000000000000, 0.000000000000000000 ) ) ;
#889 = ORIENTED_EDGE ( 'NONE', *, *, #1541, .T. ) ;
#890 = ADVANCED_FACE ( 'NONE', ( #63 ), #554, .F. ) ;
#891 = PERSON_AND_ORGANIZATION_ROLE ( 'creator' ) ;
#892 = CARTESIAN_POINT ( 'NONE',  ( 7.286022849371992294, 7.205603171122853645, 0.000000000000000000 ) ) ;
#893 = DIRECTION ( 'NONE',  ( 0.000000000000000000, 1.000000000000000000, 0.000000000000000000 ) ) ;
#894 = DIRECTION ( 'NONE',  ( 1.000000000000000000, 0.000000000000000000, 0.000000000000000000 ) ) ;
#895 = ORIENTED_EDGE ( 'NONE', *, *, #1186, .T. ) ;
#896 = VERTEX_POINT ( 'NONE', #897 ) ;
#897 = CARTESIAN_POINT ( 'NONE',  ( -19.46428571428572951, 41.80389101237968674, 0.000000000000000000 ) ) ;
#898 = DIRECTION ( 'NONE',  ( -1.000000000000000000, -5.782411586589356653E-16, 0.000000000000000000 ) ) ;
#899 = AXIS2_PLACEMENT_3D ( 'NONE', #1038, #1028, #531 ) ;
#900 = VECTOR ( 'NONE', #807, 1000.000000000000000 ) ;
#901 = EDGE_CURVE ( 'NONE', #774, #4, #1384, .T. ) ;
#902 = COORDINATED_UNIVERSAL_TIME_OFFSET ( 2, 0, .AHEAD. ) ;
#903 = FACE_OUTER_BOUND ( 'NONE', #1238, .T. ) ;
#904 = CIRCLE ( 'NONE', #525, 0.9999999999999940048 ) ;
#905 = DESIGN_CONTEXT ( 'detailed design', #156, 'design' ) ;
#906 = LINE ( 'NONE', #1498, #584 ) ;
#907 = CIRCLE ( 'NONE', #1170, 1.500000000000001332 ) ;
#908 = CARTESIAN_POINT ( 'NONE',  ( -25.46428571428572951, 24.54464285714286476, -11.00000000000000000 ) ) ;
#909 = ORIENTED_EDGE ( 'NONE', *, *, #1342, .F. ) ;
#910 = LINE ( 'NONE', #316, #1387 ) ;
#911 = FACE_BOUND ( 'NONE', #755, .T. ) ;
#912 = EDGE_LOOP ( 'NONE', ( #895, #575 ) ) ;
#913 = PERSON ( 'UNSPECIFIED', 'UNSPECIFIED', 'UNSPECIFIED', ('UNSPECIFIED'), ('UNSPECIFIED'), ('UNSPECIFIED') ) ;
#914 = CARTESIAN_POINT ( 'NONE',  ( 10.53571428571427049, 80.54464285714288962, 3.000000000000000000 ) ) ;
#915 = CARTESIAN_POINT ( 'NONE',  ( -19.46428571428573306, 53.25848052220072049, 0.000000000000000000 ) ) ;
#916 = EDGE_CURVE ( 'NONE', #1345, #1452, #52, .T. ) ;
#917 = CARTESIAN_POINT ( 'NONE',  ( -13.59085772703332040, 41.80389101237968674, 3.000000000000000000 ) ) ;
#918 = FACE_OUTER_BOUND ( 'NONE', #641, .T. ) ;
#919 = ORIENTED_EDGE ( 'NONE', *, *, #1500, .F. ) ;
#920 = ORIENTED_EDGE ( 'NONE', *, *, #618, .F. ) ;
#921 = CARTESIAN_POINT ( 'NONE',  ( -23.21114168879055839, 53.25848052220072049, 3.000000000000000000 ) ) ;
#922 = ORIENTED_EDGE ( 'NONE', *, *, #717, .F. ) ;
#923 = ORIENTED_EDGE ( 'NONE', *, *, #926, .F. ) ;
#924 = LINE ( 'NONE', #488, #1087 ) ;
#925 = CARTESIAN_POINT ( 'NONE',  ( 3.735714285714279548, 82.61785090089283301, 3.000000000000000000 ) ) ;
#926 = EDGE_CURVE ( 'NONE', #14, #151, #582, .T. ) ;
#927 = DIRECTION ( 'NONE',  ( -0.000000000000000000, -0.000000000000000000, -1.000000000000000000 ) ) ;
#928 = EDGE_LOOP ( 'NONE', ( #1329, #1354, #667, #698, #294 ) ) ;
#929 = ORIENTED_EDGE ( 'NONE', *, *, #414, .T. ) ;
#930 = LINE ( 'NONE', #942, #1465 ) ;
#931 = CARTESIAN_POINT ( 'NONE',  ( -10.49131581588062723, 68.23645325110435067, 0.000000000000000000 ) ) ;
#932 = VERTEX_POINT ( 'NONE', #452 ) ;
#933 = AXIS2_PLACEMENT_3D ( 'NONE', #1020, #300, #154 ) ;
#934 = DIRECTION ( 'NONE',  ( -0.7071067811865473507, -0.7071067811865477948, 0.000000000000000000 ) ) ;
#935 = AXIS2_PLACEMENT_3D ( 'NONE', #1411, #205, #689 ) ;
#936 = VECTOR ( 'NONE', #1268, 1000.000000000000000 ) ;
#937 = DIRECTION ( 'NONE',  ( -1.000000000000000000, 0.000000000000000000, 0.000000000000000000 ) ) ;
#938 = CIRCLE ( 'NONE', #1520, 1.873427987252415772 ) ;
#939 = CARTESIAN_POINT ( 'NONE',  ( -17.46428571428572241, 24.54464285714287541, -25.00000000000000000 ) ) ;
#940 = EDGE_LOOP ( 'NONE', ( #621, #1148 ) ) ;
#941 = VECTOR ( 'NONE', #624, 1000.000000000000000 ) ;
#942 = CARTESIAN_POINT ( 'NONE',  ( -63.00446428571432023, 63.00446428571425628, 0.000000000000000000 ) ) ;
#943 = DIRECTION ( 'NONE',  ( 0.000000000000000000, 0.000000000000000000, 1.000000000000000000 ) ) ;
#944 = EDGE_CURVE ( 'NONE', #1412, #739, #644, .T. ) ;
#945 = ORIENTED_EDGE ( 'NONE', *, *, #228, .T. ) ;
#946 = ORIENTED_EDGE ( 'NONE', *, *, #508, .T. ) ;
#947 = CARTESIAN_POINT ( 'NONE',  ( -5.464285714285724183, 24.54464285714287541, -13.00000000000000178 ) ) ;
#948 = CARTESIAN_POINT ( 'NONE',  ( -39.66428571428571814, 82.61785090089283301, 3.000000000000000000 ) ) ;
#949 = ORIENTED_EDGE ( 'NONE', *, *, #5, .T. ) ;
#950 = CARTESIAN_POINT ( 'NONE',  ( -38.66428571428571814, 64.81785090089283585, 3.000000000000000000 ) ) ;
#951 = DIRECTION ( 'NONE',  ( 0.000000000000000000, 0.000000000000000000, -1.000000000000000000 ) ) ;
#952 = ORIENTED_EDGE ( 'NONE', *, *, #998, .T. ) ;
#953 = ADVANCED_FACE ( 'NONE', ( #113 ), #340, .F. ) ;
#954 = ORIENTED_EDGE ( 'NONE', *, *, #41, .T. ) ;
#955 = ADVANCED_FACE ( 'NONE', ( #697 ), #710, .F. ) ;
#956 = DIRECTION ( 'NONE',  ( -1.000000000000000000, 0.000000000000000000, 0.000000000000000000 ) ) ;
#957 = DIRECTION ( 'NONE',  ( 0.7071067811865472397, 0.7071067811865479058, 0.000000000000000000 ) ) ;
#958 = VERTEX_POINT ( 'NONE', #102 ) ;
#959 = DIRECTION ( 'NONE',  ( -4.543305915474688183E-16, 1.000000000000000000, 0.000000000000000000 ) ) ;
#960 = APPROVAL ( #264, 'UNSPECIFIED' ) ;
#961 = VECTOR ( 'NONE', #777, 1000.000000000000000 ) ;
#962 = ORIENTED_EDGE ( 'NONE', *, *, #606, .T. ) ;
#963 = EDGE_CURVE ( 'NONE', #883, #775, #677, .T. ) ;
#964 = CIRCLE ( 'NONE', #96, 7.999999999999992895 ) ;
#965 = CARTESIAN_POINT ( 'NONE',  ( -45.46428571428572241, 0.000000000000000000, 3.000000000000000000 ) ) ;
#966 = CIRCLE ( 'NONE', #166, 1.000000000000000888 ) ;
#967 = DIRECTION ( 'NONE',  ( 0.000000000000000000, 0.000000000000000000, 1.000000000000000000 ) ) ;
#968 = CIRCLE ( 'NONE', #1039, 1.500000000000001332 ) ;
#969 = EDGE_LOOP ( 'NONE', ( #556, #1259, #1458, #1023 ) ) ;
#970 = AXIS2_PLACEMENT_3D ( 'NONE', #58, #1040, #1524 ) ;
#971 = CARTESIAN_POINT ( 'NONE',  ( -15.46428571428573306, 41.80389101237968674, 0.000000000000000000 ) ) ;
#972 = AXIS2_PLACEMENT_3D ( 'NONE', #856, #489, #732 ) ;
#973 = ORIENTED_EDGE ( 'NONE', *, *, #1264, .F. ) ;
#974 = DIRECTION ( 'NONE',  ( -0.000000000000000000, 0.000000000000000000, 1.000000000000000000 ) ) ;
#975 = EDGE_CURVE ( 'NONE', #529, #1079, #522, .T. ) ;
#976 = FACE_OUTER_BOUND ( 'NONE', #1360, .T. ) ;
#977 = ORIENTED_EDGE ( 'NONE', *, *, #287, .T. ) ;
#978 = DIRECTION ( 'NONE',  ( -0.000000000000000000, -0.000000000000000000, -1.000000000000000000 ) ) ;
#979 = DIRECTION ( 'NONE',  ( 1.000000000000000000, 6.563818557750090892E-16, 0.000000000000000000 ) ) ;
#980 = CARTESIAN_POINT ( 'NONE',  ( -25.46428571428572951, 27.54464285714287541, -14.00000000000000178 ) ) ;
#981 = FACE_OUTER_BOUND ( 'NONE', #557, .T. ) ;
#982 = DIRECTION ( 'NONE',  ( 0.000000000000000000, 1.000000000000000000, 0.000000000000000000 ) ) ;
#983 = VECTOR ( 'NONE', #1271, 1000.000000000000000 ) ;
#984 = DIRECTION ( 'NONE',  ( 0.000000000000000000, 1.000000000000000000, 0.000000000000000000 ) ) ;
#985 = ORIENTED_EDGE ( 'NONE', *, *, #101, .F. ) ;
#986 = CIRCLE ( 'NONE', #292, 0.9999999999999940048 ) ;
#987 = DIRECTION ( 'NONE',  ( -1.000000000000000000, 0.000000000000000000, 0.000000000000000000 ) ) ;
#988 = ORIENTED_EDGE ( 'NONE', *, *, #104, .T. ) ;
#989 = VECTOR ( 'NONE', #1351, 1000.000000000000000 ) ;
#990 = ADVANCED_FACE ( 'NONE', ( #573 ), #1318, .F. ) ;
#991 = CARTESIAN_POINT ( 'NONE',  ( -17.46428571428572596, 78.58468301639214815, 0.000000000000000000 ) ) ;
#992 = CYLINDRICAL_SURFACE ( 'NONE', #1572, 6.999999999999988454 ) ;
#993 = ORIENTED_EDGE ( 'NONE', *, *, #235, .F. ) ;
#994 = ADVANCED_BREP_SHAPE_REPRESENTATION ( 'Ultrasonic Sensor HC-SR04 Holder', ( #408, #1134 ), #456 ) ;
#995 = DIRECTION ( 'NONE',  ( 0.000000000000000000, 1.000000000000000000, 0.000000000000000000 ) ) ;
#996 = ORIENTED_EDGE ( 'NONE', *, *, #1454, .F. ) ;
#997 = EDGE_CURVE ( 'NONE', #1019, #183, #588, .T. ) ;
#998 = EDGE_CURVE ( 'NONE', #823, #1198, #1089, .T. ) ;
#999 =( NAMED_UNIT ( * ) PLANE_ANGLE_UNIT ( ) SI_UNIT ( $, .RADIAN. ) );
#1000 = CARTESIAN_POINT ( 'NONE',  ( 10.53571428571427404, 60.54464285714288252, 3.000000000000000000 ) ) ;
#1001 = ORIENTED_EDGE ( 'NONE', *, *, #671, .F. ) ;
#1002 = DIRECTION ( 'NONE',  ( -0.000000000000000000, 0.000000000000000000, 1.000000000000000000 ) ) ;
#1003 = ORIENTED_EDGE ( 'NONE', *, *, #1376, .T. ) ;
#1004 = APPROVAL_STATUS ( 'not_yet_approved' ) ;
#1005 = EDGE_CURVE ( 'NONE', #207, #315, #930, .T. ) ;
#1006 = DIRECTION ( 'NONE',  ( -1.000000000000000000, 0.000000000000000000, 0.000000000000000000 ) ) ;
#1007 = VECTOR ( 'NONE', #1153, 1000.000000000000000 ) ;
#1008 = VERTEX_POINT ( 'NONE', #1439 ) ;
#1009 = FACE_OUTER_BOUND ( 'NONE', #592, .T. ) ;
#1010 = VECTOR ( 'NONE', #1066, 1000.000000000000000 ) ;
#1011 = VERTEX_POINT ( 'NONE', #227 ) ;
#1012 = AXIS2_PLACEMENT_3D ( 'NONE', #43, #640, #36 ) ;
#1013 = AXIS2_PLACEMENT_3D ( 'NONE', #1187, #468, #956 ) ;
#1014 = CARTESIAN_POINT ( 'NONE',  ( -38.66428571428571814, 82.61785090089283301, 3.000000000000000000 ) ) ;
#1015 = FACE_OUTER_BOUND ( 'NONE', #1499, .T. ) ;
#1016 = EDGE_CURVE ( 'NONE', #860, #858, #1425, .T. ) ;
#1017 = ORIENTED_EDGE ( 'NONE', *, *, #508, .F. ) ;
#1018 = LINE ( 'NONE', #669, #1335 ) ;
#1019 = VERTEX_POINT ( 'NONE', #346 ) ;
#1020 = CARTESIAN_POINT ( 'NONE',  ( 3.735714285714279548, 82.61785090089283301, 0.000000000000000000 ) ) ;
#1021 = CYLINDRICAL_SURFACE ( 'NONE', #501, 12.00000000000000000 ) ;
#1022 = CARTESIAN_POINT ( 'NONE',  ( -45.46428571428572241, 60.54464285714281857, 3.000000000000000000 ) ) ;
#1023 = ORIENTED_EDGE ( 'NONE', *, *, #92, .T. ) ;
#1024 = CARTESIAN_POINT ( 'NONE',  ( 3.735714285714279548, 64.81785090089283585, 3.000000000000000000 ) ) ;
#1025 = FACE_BOUND ( 'NONE', #276, .T. ) ;
#1026 = EDGE_CURVE ( 'NONE', #632, #1455, #64, .T. ) ;
#1027 = APPLICATION_PROTOCOL_DEFINITION ( 'international standard', 'config_control_design', 1994, #156 ) ;
#1028 = DIRECTION ( 'NONE',  ( 1.000000000000000000, 0.000000000000000000, -0.000000000000000000 ) ) ;
#1029 = CARTESIAN_POINT ( 'NONE',  ( 3.735714285714279548, 82.61785090089283301, 3.000000000000000000 ) ) ;
#1030 = PLANE ( 'NONE',  #702 ) ;
#1031 = ORIENTED_EDGE ( 'NONE', *, *, #1459, .F. ) ;
#1032 = ORIENTED_EDGE ( 'NONE', *, *, #177, .F. ) ;
#1033 = LINE ( 'NONE', #535, #1107 ) ;
#1034 = EDGE_CURVE ( 'NONE', #874, #896, #1082, .T. ) ;
#1035 = AXIS2_PLACEMENT_3D ( 'NONE', #674, #1293, #90 ) ;
#1036 = AXIS2_PLACEMENT_3D ( 'NONE', #120, #490, #495 ) ;
#1037 = DIRECTION ( 'NONE',  ( -0.000000000000000000, -0.000000000000000000, -1.000000000000000000 ) ) ;
#1038 = CARTESIAN_POINT ( 'NONE',  ( -23.21114168879055839, 0.000000000000000000, 3.000000000000000000 ) ) ;
#1039 = AXIS2_PLACEMENT_3D ( 'NONE', #1559, #1551, #700 ) ;
#1040 = DIRECTION ( 'NONE',  ( -0.000000000000000000, -0.000000000000000000, -1.000000000000000000 ) ) ;
#1041 = VERTEX_POINT ( 'NONE', #477 ) ;
#1042 = ORIENTED_EDGE ( 'NONE', *, *, #160, .T. ) ;
#1043 = DIRECTION ( 'NONE',  ( 0.000000000000000000, -1.000000000000000000, 0.000000000000000000 ) ) ;
#1044 = ORIENTED_EDGE ( 'NONE', *, *, #509, .T. ) ;
#1045 = ORIENTED_EDGE ( 'NONE', *, *, #1522, .F. ) ;
#1046 = ADVANCED_FACE ( 'NONE', ( #1567 ), #692, .F. ) ;
#1047 = CARTESIAN_POINT ( 'NONE',  ( -29.46428571428572951, 30.54464285714286476, -3.000000000000000000 ) ) ;
#1048 = DIRECTION ( 'NONE',  ( -0.000000000000000000, -0.000000000000000000, -1.000000000000000000 ) ) ;
#1049 = DIRECTION ( 'NONE',  ( 6.563818557750089906E-16, -1.000000000000000000, 0.000000000000000000 ) ) ;
#1050 = ORIENTED_EDGE ( 'NONE', *, *, #1178, .F. ) ;
#1051 = FACE_OUTER_BOUND ( 'NONE', #517, .T. ) ;
#1052 = FACE_BOUND ( 'NONE', #1162, .T. ) ;
#1053 = VERTEX_POINT ( 'NONE', #1061 ) ;
#1054 = ORIENTED_EDGE ( 'NONE', *, *, #1186, .F. ) ;
#1055 = EDGE_LOOP ( 'NONE', ( #1284, #437, #1547, #74, #1060 ) ) ;
#1056 = LINE ( 'NONE', #914, #116 ) ;
#1057 = LINE ( 'NONE', #812, #769 ) ;
#1058 = ORIENTED_EDGE ( 'NONE', *, *, #497, .T. ) ;
#1059 = EDGE_CURVE ( 'NONE', #487, #1008, #223, .T. ) ;
#1060 = ORIENTED_EDGE ( 'NONE', *, *, #1149, .T. ) ;
#1061 = CARTESIAN_POINT ( 'NONE',  ( -9.464285714285734841, 27.54464285714287541, -11.00000000000000000 ) ) ;
#1062 = LINE ( 'NONE', #444, #870 ) ;
#1063 = ORIENTED_EDGE ( 'NONE', *, *, #104, .F. ) ;
#1064 = ORIENTED_EDGE ( 'NONE', *, *, #881, .T. ) ;
#1065 = VECTOR ( 'NONE', #637, 999.9999999999998863 ) ;
#1066 = DIRECTION ( 'NONE',  ( -5.251054846200071727E-16, 1.000000000000000000, 0.000000000000000000 ) ) ;
#1067 = AXIS2_PLACEMENT_3D ( 'NONE', #1300, #254, #203 ) ;
#1068 = AXIS2_PLACEMENT_3D ( 'NONE', #1433, #325, #1196 ) ;
#1069 = LINE ( 'NONE', #475, #1133 ) ;
#1070 = VECTOR ( 'NONE', #1048, 1000.000000000000000 ) ;
#1071 = LOCAL_TIME ( 19, 52, 2.000000000000000000, #1484 ) ;
#1072 = EDGE_CURVE ( 'NONE', #103, #1053, #1518, .T. ) ;
#1073 = CARTESIAN_POINT ( 'NONE',  ( -13.59085772703332040, 41.80389101237968674, 3.000000000000000000 ) ) ;
#1074 = ORIENTED_EDGE ( 'NONE', *, *, #395, .T. ) ;
#1075 = DIRECTION ( 'NONE',  ( 1.000000000000000000, 0.000000000000000000, 0.000000000000000000 ) ) ;
#1076 = DIRECTION ( 'NONE',  ( -0.000000000000000000, -0.000000000000000000, -1.000000000000000000 ) ) ;
#1077 = EDGE_CURVE ( 'NONE', #304, #1434, #767, .T. ) ;
#1078 = CARTESIAN_POINT ( 'NONE',  ( -39.66428571428571814, 82.61785090089283301, 3.000000000000000000 ) ) ;
#1079 = VERTEX_POINT ( 'NONE', #1241 ) ;
#1080 = ADVANCED_FACE ( 'NONE', ( #631 ), #992, .F. ) ;
#1081 = CARTESIAN_POINT ( 'NONE',  ( -17.46428571428572951, 24.54464285714286831, -11.00000000000000000 ) ) ;
#1082 = LINE ( 'NONE', #214, #453 ) ;
#1083 = ORIENTED_EDGE ( 'NONE', *, *, #1059, .T. ) ;
#1084 = ADVANCED_FACE ( 'NONE', ( #976 ), #608, .F. ) ;
#1085 = VECTOR ( 'NONE', #274, 1000.000000000000000 ) ;
#1086 = VERTEX_POINT ( 'NONE', #1457 ) ;
#1087 = VECTOR ( 'NONE', #811, 1000.000000000000000 ) ;
#1088 = FACE_BOUND ( 'NONE', #685, .T. ) ;
#1089 = LINE ( 'NONE', #1553, #900 ) ;
#1090 = ORIENTED_EDGE ( 'NONE', *, *, #1092, .F. ) ;
#1091 = CARTESIAN_POINT ( 'NONE',  ( -17.46428571428572596, 78.58468301639214815, 3.000000000000000000 ) ) ;
#1092 = EDGE_CURVE ( 'NONE', #632, #231, #1221, .T. ) ;
#1093 = CARTESIAN_POINT ( 'NONE',  ( 10.53571428571427404, 60.54464285714288252, 0.000000000000000000 ) ) ;
#1094 = ORIENTED_EDGE ( 'NONE', *, *, #1302, .T. ) ;
#1095 = CARTESIAN_POINT ( 'NONE',  ( 4.735714285714277771, 64.81785090089283585, 3.000000000000000000 ) ) ;
#1096 = FACE_BOUND ( 'NONE', #342, .T. ) ;
#1097 = DIRECTION ( 'NONE',  ( 1.000000000000000000, 0.000000000000000000, 0.000000000000000000 ) ) ;
#1098 = ADVANCED_FACE ( 'NONE', ( #3 ), #386, .T. ) ;
#1099 = EDGE_LOOP ( 'NONE', ( #798, #1031, #1226, #1156 ) ) ;
#1100 = CARTESIAN_POINT ( 'NONE',  ( -19.46428571428571530, -5.895480295080250868E-15, 3.000000000000000000 ) ) ;
#1101 = EDGE_LOOP ( 'NONE', ( #593, #1526, #1319, #1424 ) ) ;
#1102 = CARTESIAN_POINT ( 'NONE',  ( 0.000000000000000000, 0.000000000000000000, 3.000000000000000000 ) ) ;
#1103 = AXIS2_PLACEMENT_3D ( 'NONE', #735, #1228, #943 ) ;
#1104 = DIRECTION ( 'NONE',  ( -0.000000000000000000, -0.000000000000000000, -1.000000000000000000 ) ) ;
#1105 = ORIENTED_EDGE ( 'NONE', *, *, #916, .F. ) ;
#1106 = EDGE_CURVE ( 'NONE', #387, #457, #1490, .T. ) ;
#1107 = VECTOR ( 'NONE', #158, 1000.000000000000000 ) ;
#1108 = DIRECTION ( 'NONE',  ( -0.000000000000000000, -0.000000000000000000, -1.000000000000000000 ) ) ;
#1109 = ORIENTED_EDGE ( 'NONE', *, *, #1414, .F. ) ;
#1110 = AXIS2_PLACEMENT_3D ( 'NONE', #747, #893, #1255 ) ;
#1111 = EDGE_CURVE ( 'NONE', #1434, #304, #986, .T. ) ;
#1112 = DIRECTION ( 'NONE',  ( 1.000000000000000000, 0.000000000000000000, 0.000000000000000000 ) ) ;
#1113 = DIRECTION ( 'NONE',  ( 0.000000000000000000, 0.000000000000000000, -1.000000000000000000 ) ) ;
#1114 = APPLICATION_CONTEXT ( 'configuration controlled 3d designs of mechanical parts and assemblies' ) ;
#1115 = EDGE_LOOP ( 'NONE', ( #1325, #308, #1032, #1121 ) ) ;
#1116 = CARTESIAN_POINT ( 'NONE',  ( -38.66428571428571814, 64.81785090089283585, 0.000000000000000000 ) ) ;
#1117 = EDGE_LOOP ( 'NONE', ( #763, #222, #202, #711, #871, #85, #466, #1173 ) ) ;
#1118 = ADVANCED_FACE ( 'NONE', ( #380 ), #1453, .T. ) ;
#1119 = DIRECTION ( 'NONE',  ( 1.000000000000000000, 0.000000000000000000, 0.000000000000000000 ) ) ;
#1120 = DIRECTION ( 'NONE',  ( -0.000000000000000000, 1.000000000000000000, -0.000000000000000000 ) ) ;
#1121 = ORIENTED_EDGE ( 'NONE', *, *, #534, .T. ) ;
#1122 = PLANE ( 'NONE',  #828 ) ;
#1123 = VERTEX_POINT ( 'NONE', #486 ) ;
#1124 = EDGE_CURVE ( 'NONE', #1477, #405, #616, .T. ) ;
#1125 = PERSON_AND_ORGANIZATION_ROLE ( 'classification_officer' ) ;
#1126 = CARTESIAN_POINT ( 'NONE',  ( -39.66428571428571104, 64.81785090089283585, 3.000000000000000000 ) ) ;
#1127 = DIRECTION ( 'NONE',  ( -0.000000000000000000, 0.000000000000000000, 1.000000000000000000 ) ) ;
#1128 = CIRCLE ( 'NONE', #476, 1.873427987252415772 ) ;
#1129 = EDGE_LOOP ( 'NONE', ( #639, #42 ) ) ;
#1130 = CARTESIAN_POINT ( 'NONE',  ( -38.66428571428571814, 82.61785090089283301, 0.000000000000000000 ) ) ;
#1131 = ORIENTED_EDGE ( 'NONE', *, *, #1034, .F. ) ;
#1132 = VECTOR ( 'NONE', #306, 1000.000000000000000 ) ;
#1133 = VECTOR ( 'NONE', #678, 1000.000000000000000 ) ;
#1134 = AXIS2_PLACEMENT_3D ( 'NONE', #147, #1390, #1119 ) ;
#1135 = SECURITY_CLASSIFICATION_LEVEL ( 'unclassified' ) ;
#1136 = LINE ( 'NONE', #664, #1085 ) ;
#1137 = ADVANCED_FACE ( 'NONE', ( #612 ), #1233, .F. ) ;
#1138 = CARTESIAN_POINT ( 'NONE',  ( -17.46428571428572951, 2.544642857142873638, -14.00000000000000178 ) ) ;
#1139 = CARTESIAN_POINT ( 'NONE',  ( -15.46428571428573306, 53.25848052220072049, 3.000000000000000000 ) ) ;
#1140 = ORIENTED_EDGE ( 'NONE', *, *, #838, .T. ) ;
#1141 = DIRECTION ( 'NONE',  ( 1.000000000000000000, 0.000000000000000000, 0.000000000000000000 ) ) ;
#1142 = PLANE ( 'NONE',  #642 ) ;
#1143 = COORDINATED_UNIVERSAL_TIME_OFFSET ( 2, 0, .AHEAD. ) ;
#1144 = CARTESIAN_POINT ( 'NONE',  ( -24.43725561269084778, 68.23645325110430804, 3.000000000000000000 ) ) ;
#1145 = DIRECTION ( 'NONE',  ( 1.000000000000000000, 0.000000000000000000, 0.000000000000000000 ) ) ;
#1146 = DIRECTION ( 'NONE',  ( -0.000000000000000000, -0.000000000000000000, -1.000000000000000000 ) ) ;
#1147 = VERTEX_POINT ( 'NONE', #980 ) ;
#1148 = ORIENTED_EDGE ( 'NONE', *, *, #686, .F. ) ;
#1149 = EDGE_CURVE ( 'NONE', #958, #1216, #13, .T. ) ;
#1150 = CARTESIAN_POINT ( 'NONE',  ( -23.21114168879055839, 0.000000000000000000, 3.000000000000000000 ) ) ;
#1151 = DIRECTION ( 'NONE',  ( 1.000000000000000000, 0.000000000000000000, 0.000000000000000000 ) ) ;
#1152 = PERSON_AND_ORGANIZATION ( #913, #483 ) ;
#1153 = DIRECTION ( 'NONE',  ( -0.000000000000000000, -0.000000000000000000, -1.000000000000000000 ) ) ;
#1154 = CYLINDRICAL_SURFACE ( 'NONE', #970, 0.9999999999999983347 ) ;
#1155 = FACE_OUTER_BOUND ( 'NONE', #969, .T. ) ;
#1156 = ORIENTED_EDGE ( 'NONE', *, *, #1197, .T. ) ;
#1157 = VERTEX_POINT ( 'NONE', #1093 ) ;
#1158 = LINE ( 'NONE', #565, #1359 ) ;
#1159 = LINE ( 'NONE', #298, #961 ) ;
#1160 = EDGE_CURVE ( 'NONE', #1086, #315, #1583, .T. ) ;
#1161 = CIRCLE ( 'NONE', #675, 8.000000000000000000 ) ;
#1162 = EDGE_LOOP ( 'NONE', ( #1554, #1001, #1441, #1050 ) ) ;
#1163 = ORIENTED_EDGE ( 'NONE', *, *, #543, .F. ) ;
#1164 = EDGE_CURVE ( 'NONE', #315, #1123, #720, .T. ) ;
#1165 = CIRCLE ( 'NONE', #1261, 0.9999999999999983347 ) ;
#1166 = DIRECTION ( 'NONE',  ( -0.000000000000000000, 0.000000000000000000, 1.000000000000000000 ) ) ;
#1167 = DIRECTION ( 'NONE',  ( -0.7071067811865477948, 0.7071067811865473507, 0.000000000000000000 ) ) ;
#1168 = AXIS2_PLACEMENT_3D ( 'NONE', #232, #982, #10 ) ;
#1169 = CARTESIAN_POINT ( 'NONE',  ( -29.46428571428572596, 24.54464285714286120, 3.000000000000000000 ) ) ;
#1170 = AXIS2_PLACEMENT_3D ( 'NONE', #384, #615, #124 ) ;
#1171 = CARTESIAN_POINT ( 'NONE',  ( -5.464285714285708195, -3.586657997627724226E-15, 3.000000000000000000 ) ) ;
#1172 = EDGE_LOOP ( 'NONE', ( #269, #1471, #922, #168 ) ) ;
#1173 = ORIENTED_EDGE ( 'NONE', *, *, #1508, .T. ) ;
#1174 = LINE ( 'NONE', #1374, #936 ) ;
#1175 = DIRECTION ( 'NONE',  ( 1.000000000000000000, 0.000000000000000000, 0.000000000000000000 ) ) ;
#1176 = VERTEX_POINT ( 'NONE', #1336 ) ;
#1177 = FACE_OUTER_BOUND ( 'NONE', #37, .T. ) ;
#1178 = EDGE_CURVE ( 'NONE', #896, #405, #1549, .T. ) ;
#1179 = DIRECTION ( 'NONE',  ( -0.000000000000000000, 0.000000000000000000, 1.000000000000000000 ) ) ;
#1180 = DIRECTION ( 'NONE',  ( -0.7071067811865471286, -0.7071067811865479058, 0.000000000000000000 ) ) ;
#1181 = VERTEX_POINT ( 'NONE', #1000 ) ;
#1182 = CARTESIAN_POINT ( 'NONE',  ( -38.66428571428571814, 82.61785090089283301, 3.000000000000000000 ) ) ;
#1183 = ORIENTED_EDGE ( 'NONE', *, *, #131, .F. ) ;
#1184 = ORIENTED_EDGE ( 'NONE', *, *, #1575, .F. ) ;
#1185 = CARTESIAN_POINT ( 'NONE',  ( -29.46428571428571530, -1.547185802898235137E-14, 3.000000000000000000 ) ) ;
#1186 = EDGE_CURVE ( 'NONE', #1079, #529, #140, .T. ) ;
#1187 = CARTESIAN_POINT ( 'NONE',  ( -25.46428571428572951, 24.54464285714286476, -12.50000000000000000 ) ) ;
#1188 = VERTEX_POINT ( 'NONE', #1357 ) ;
#1189 = DIRECTION ( 'NONE',  ( 0.000000000000000000, -0.000000000000000000, -1.000000000000000000 ) ) ;
#1190 = VERTEX_POINT ( 'NONE', #267 ) ;
#1191 = CIRCLE ( 'NONE', #521, 8.000000000000000000 ) ;
#1192 = VECTOR ( 'NONE', #1043, 1000.000000000000000 ) ;
#1193 = CARTESIAN_POINT ( 'NONE',  ( -17.46428571428572596, 24.54464285714286831, -13.00000000000000178 ) ) ;
#1194 = AXIS2_PLACEMENT_3D ( 'NONE', #257, #364, #510 ) ;
#1195 = AXIS2_PLACEMENT_3D ( 'NONE', #379, #1326, #979 ) ;
#1196 = DIRECTION ( 'NONE',  ( -1.000000000000000000, 0.000000000000000000, 0.000000000000000000 ) ) ;
#1197 = EDGE_CURVE ( 'NONE', #551, #1147, #853, .T. ) ;
#1198 = VERTEX_POINT ( 'NONE', #638 ) ;
#1199 = LINE ( 'NONE', #1461, #699 ) ;
#1200 = ORIENTED_EDGE ( 'NONE', *, *, #1034, .T. ) ;
#1201 = LINE ( 'NONE', #1169, #244 ) ;
#1202 = DIRECTION ( 'NONE',  ( 7.228014483236693597E-16, -1.000000000000000000, 0.000000000000000000 ) ) ;
#1203 = ORIENTED_EDGE ( 'NONE', *, *, #1016, .T. ) ;
#1204 = ADVANCED_FACE ( 'NONE', ( #549 ), #648, .F. ) ;
#1205 = ORIENTED_EDGE ( 'NONE', *, *, #795, .F. ) ;
#1206 = DIRECTION ( 'NONE',  ( 1.000000000000000000, 0.000000000000000000, 0.000000000000000000 ) ) ;
#1207 = DIRECTION ( 'NONE',  ( -0.000000000000000000, -0.000000000000000000, -1.000000000000000000 ) ) ;
#1208 = VERTEX_POINT ( 'NONE', #791 ) ;
#1209 = DIRECTION ( 'NONE',  ( 5.782411586589355667E-16, -1.000000000000000000, 0.000000000000000000 ) ) ;
#1210 = EDGE_CURVE ( 'NONE', #1011, #1086, #1372, .T. ) ;
#1211 = AXIS2_PLACEMENT_3D ( 'NONE', #1340, #1331, #128 ) ;
#1212 = CIRCLE ( 'NONE', #643, 1.500000000000001332 ) ;
#1213 = AXIS2_PLACEMENT_3D ( 'NONE', #1073, #1544, #108 ) ;
#1214 = DIRECTION ( 'NONE',  ( -1.000000000000000000, -5.251054846200071727E-16, 0.000000000000000000 ) ) ;
#1215 = VECTOR ( 'NONE', #1104, 1000.000000000000000 ) ;
#1216 = VERTEX_POINT ( 'NONE', #1504 ) ;
#1217 = FACE_OUTER_BOUND ( 'NONE', #67, .T. ) ;
#1218 = EDGE_CURVE ( 'NONE', #823, #436, #655, .T. ) ;
#1219 = FACE_OUTER_BOUND ( 'NONE', #322, .T. ) ;
#1220 = CARTESIAN_POINT ( 'NONE',  ( -15.46428571428573306, 53.25848052220072049, 3.000000000000000000 ) ) ;
#1221 = LINE ( 'NONE', #625, #603 ) ;
#1222 = ORIENTED_EDGE ( 'NONE', *, *, #337, .T. ) ;
#1223 = FACE_BOUND ( 'NONE', #78, .T. ) ;
#1224 = EDGE_CURVE ( 'NONE', #1455, #576, #401, .T. ) ;
#1225 = CARTESIAN_POINT ( 'NONE',  ( -13.59085772703332040, 53.25848052220072049, 3.000000000000000000 ) ) ;
#1226 = ORIENTED_EDGE ( 'NONE', *, *, #313, .T. ) ;
#1227 = DIRECTION ( 'NONE',  ( 1.734723475976807094E-16, -1.000000000000000000, 0.000000000000000000 ) ) ;
#1228 = DIRECTION ( 'NONE',  ( 0.000000000000000000, 1.000000000000000000, 0.000000000000000000 ) ) ;
#1229 = DIRECTION ( 'NONE',  ( -0.000000000000000000, -0.000000000000000000, 1.000000000000000000 ) ) ;
#1230 = VECTOR ( 'NONE', #654, 1000.000000000000000 ) ;
#1231 = VECTOR ( 'NONE', #1167, 1000.000000000000000 ) ;
#1232 = PRODUCT_DEFINITION ( 'UNKNOWN', '', #1469, #905 ) ;
#1233 = PLANE ( 'NONE',  #1194 ) ;
#1234 = VECTOR ( 'NONE', #1227, 1000.000000000000000 ) ;
#1235 = EDGE_LOOP ( 'NONE', ( #358, #247 ) ) ;
#1236 = EDGE_CURVE ( 'NONE', #1428, #632, #291, .T. ) ;
#1237 = DIRECTION ( 'NONE',  ( 1.000000000000000000, 3.028870610316458789E-16, -0.000000000000000000 ) ) ;
#1238 = EDGE_LOOP ( 'NONE', ( #919, #1094, #581, #7 ) ) ;
#1239 = CIRCLE ( 'NONE', #1361, 2.999999999999999112 ) ;
#1240 = SHAPE_DEFINITION_REPRESENTATION ( #1290, #994 ) ;
#1241 = CARTESIAN_POINT ( 'NONE',  ( -9.464285714285734841, 24.54464285714287186, -11.00000000000000000 ) ) ;
#1242 = VERTEX_POINT ( 'NONE', #1265 ) ;
#1243 = PLANE ( 'NONE',  #765 ) ;
#1244 = ORIENTED_EDGE ( 'NONE', *, *, #41, .F. ) ;
#1245 = EDGE_CURVE ( 'NONE', #1538, #527, #904, .T. ) ;
#1246 = APPLICATION_PROTOCOL_DEFINITION ( 'international standard', 'config_control_design', 1994, #1114 ) ;
#1247 = LINE ( 'NONE', #892, #1065 ) ;
#1248 = LINE ( 'NONE', #338, #268 ) ;
#1249 = ORIENTED_EDGE ( 'NONE', *, *, #1178, .T. ) ;
#1250 = CARTESIAN_POINT ( 'NONE',  ( -38.66428571428571814, 82.61785090089283301, 3.000000000000000000 ) ) ;
#1251 = VERTEX_POINT ( 'NONE', #1489 ) ;
#1252 = CC_DESIGN_PERSON_AND_ORGANIZATION_ASSIGNMENT ( #630, #530, ( #1232 ) ) ;
#1253 = DATE_AND_TIME ( #38, #1071 ) ;
#1254 = CARTESIAN_POINT ( 'NONE',  ( 4.735714285714277771, 82.61785090089283301, 3.000000000000000000 ) ) ;
#1255 = DIRECTION ( 'NONE',  ( 0.000000000000000000, 0.000000000000000000, 1.000000000000000000 ) ) ;
#1256 = ORIENTED_EDGE ( 'NONE', *, *, #1149, .F. ) ;
#1257 = CARTESIAN_POINT ( 'NONE',  ( -5.464285714285724183, 27.54464285714287541, -13.00000000000000178 ) ) ;
#1258 = AXIS2_PLACEMENT_3D ( 'NONE', #336, #1166, #1430 ) ;
#1259 = ORIENTED_EDGE ( 'NONE', *, *, #534, .F. ) ;
#1260 = AXIS2_PLACEMENT_3D ( 'NONE', #1182, #208, #219 ) ;
#1261 = AXIS2_PLACEMENT_3D ( 'NONE', #925, #439, #1075 ) ;
#1262 = CC_DESIGN_APPROVAL ( #1571, ( #1338 ) ) ;
#1263 = CARTESIAN_POINT ( 'NONE',  ( -25.46428571428572951, 2.544642857142873638, -11.00000000000000000 ) ) ;
#1264 = EDGE_CURVE ( 'NONE', #258, #1321, #906, .T. ) ;
#1265 = CARTESIAN_POINT ( 'NONE',  ( 10.53571428571427049, 80.54464285714288962, 3.000000000000000000 ) ) ;
#1266 = EDGE_LOOP ( 'NONE', ( #533, #1347, #492, #949 ) ) ;
#1267 = VERTEX_POINT ( 'NONE', #155 ) ;
#1268 = DIRECTION ( 'NONE',  ( 0.000000000000000000, -1.000000000000000000, 0.000000000000000000 ) ) ;
#1269 = LINE ( 'NONE', #786, #95 ) ;
#1270 = DATE_AND_TIME ( #653, #201 ) ;
#1271 = DIRECTION ( 'NONE',  ( -0.000000000000000000, -0.000000000000000000, -1.000000000000000000 ) ) ;
#1272 = CARTESIAN_POINT ( 'NONE',  ( -17.46428571428571175, -9.170592213542267268E-15, -13.00000000000000178 ) ) ;
#1273 = ADVANCED_FACE ( 'NONE', ( #1015 ), #282, .F. ) ;
#1274 = CARTESIAN_POINT ( 'NONE',  ( 3.735714285714279548, 64.81785090089283585, 3.000000000000000000 ) ) ;
#1275 = EDGE_LOOP ( 'NONE', ( #1407, #352 ) ) ;
#1276 = ORIENTED_EDGE ( 'NONE', *, *, #944, .T. ) ;
#1277 = DIRECTION ( 'NONE',  ( 1.000000000000000000, 0.000000000000000000, 0.000000000000000000 ) ) ;
#1278 = PLANE ( 'NONE',  #1485 ) ;
#1279 = ORIENTED_EDGE ( 'NONE', *, *, #509, .F. ) ;
#1280 = FACE_OUTER_BOUND ( 'NONE', #1172, .T. ) ;
#1281 = DIRECTION ( 'NONE',  ( -0.000000000000000000, -0.000000000000000000, -1.000000000000000000 ) ) ;
#1282 = CARTESIAN_POINT ( 'NONE',  ( -5.464285714285724183, 24.54464285714287541, 3.000000000000000000 ) ) ;
#1283 = FACE_OUTER_BOUND ( 'NONE', #1517, .T. ) ;
#1284 = ORIENTED_EDGE ( 'NONE', *, *, #1563, .T. ) ;
#1285 = CARTESIAN_POINT ( 'NONE',  ( -29.46428571428573306, 44.36607142857140929, 3.000000000000000000 ) ) ;
#1286 = DIRECTION ( 'NONE',  ( -0.000000000000000000, 0.000000000000000000, 1.000000000000000000 ) ) ;
#1287 = CLOSED_SHELL ( 'NONE', ( #1046, #1273, #226, #953, #990, #1204, #890, #343, #51, #756, #709, #241, #367, #1137, #18, #1098, #68, #385, #1519, #327, #484, #868, #1080, #701, #955, #491, #1448, #1341, #727, #524, #270, #826, #598, #146, #514, #1555, #647, #1532, #1317, #427, #661, #1084, #1400, #1118 ) ) ;
#1288 = EDGE_CURVE ( 'NONE', #1530, #295, #419, .T. ) ;
#1289 = AXIS2_PLACEMENT_3D ( 'NONE', #55, #1309, #1303 ) ;
#1290 = PRODUCT_DEFINITION_SHAPE ( 'NONE', 'NONE',  #1232 ) ;
#1291 = ORIENTED_EDGE ( 'NONE', *, *, #686, .T. ) ;
#1292 = CIRCLE ( 'NONE', #99, 12.00000000000000000 ) ;
#1293 = DIRECTION ( 'NONE',  ( -0.000000000000000000, 0.000000000000000000, 1.000000000000000000 ) ) ;
#1294 = AXIS2_PLACEMENT_3D ( 'NONE', #1102, #867, #1206 ) ;
#1295 = LINE ( 'NONE', #561, #831 ) ;
#1296 = DIRECTION ( 'NONE',  ( -0.000000000000000000, 0.000000000000000000, 1.000000000000000000 ) ) ;
#1297 = ORIENTED_EDGE ( 'NONE', *, *, #717, .T. ) ;
#1298 = CARTESIAN_POINT ( 'NONE',  ( -5.464285714285727735, 30.54464285714287897, -3.000000000000000000 ) ) ;
#1299 = FACE_BOUND ( 'NONE', #1129, .T. ) ;
#1300 = CARTESIAN_POINT ( 'NONE',  ( 3.735714285714279548, 64.81785090089283585, 0.000000000000000000 ) ) ;
#1301 = ORIENTED_EDGE ( 'NONE', *, *, #31, .T. ) ;
#1302 = EDGE_CURVE ( 'NONE', #739, #132, #40, .T. ) ;
#1303 = DIRECTION ( 'NONE',  ( -1.000000000000000000, 0.000000000000000000, 0.000000000000000000 ) ) ;
#1304 = FACE_OUTER_BOUND ( 'NONE', #1101, .T. ) ;
#1305 = CARTESIAN_POINT ( 'NONE',  ( 3.735714285714279548, 64.81785090089283585, 0.000000000000000000 ) ) ;
#1306 = FACE_OUTER_BOUND ( 'NONE', #691, .T. ) ;
#1307 = ORIENTED_EDGE ( 'NONE', *, *, #212, .F. ) ;
#1308 = EDGE_CURVE ( 'NONE', #552, #1123, #431, .T. ) ;
#1309 = DIRECTION ( 'NONE',  ( -0.000000000000000000, -0.000000000000000000, -1.000000000000000000 ) ) ;
#1310 = CARTESIAN_POINT ( 'NONE',  ( -5.464285714285724183, 30.54464285714287541, -2.999999999999999112 ) ) ;
#1311 = DIRECTION ( 'NONE',  ( 1.000000000000000000, 0.000000000000000000, 0.000000000000000000 ) ) ;
#1312 = DIRECTION ( 'NONE',  ( -0.000000000000000000, 0.000000000000000000, 1.000000000000000000 ) ) ;
#1313 = ORIENTED_EDGE ( 'NONE', *, *, #1444, .T. ) ;
#1314 = VECTOR ( 'NONE', #751, 1000.000000000000000 ) ;
#1315 = AXIS2_PLACEMENT_3D ( 'NONE', #619, #1330, #987 ) ;
#1316 = DIRECTION ( 'NONE',  ( -0.000000000000000000, -0.000000000000000000, -1.000000000000000000 ) ) ;
#1317 = ADVANCED_FACE ( 'NONE', ( #1379 ), #1021, .T. ) ;
#1318 = CYLINDRICAL_SURFACE ( 'NONE', #11, 0.9999999999999940048 ) ;
#1319 = ORIENTED_EDGE ( 'NONE', *, *, #1472, .F. ) ;
#1320 = CARTESIAN_POINT ( 'NONE',  ( -11.71742973978088465, -5.323586785090552534E-15, 3.000000000000000000 ) ) ;
#1321 = VERTEX_POINT ( 'NONE', #312 ) ;
#1322 = LINE ( 'NONE', #1533, #1447 ) ;
#1323 = DIRECTION ( 'NONE',  ( -5.782411586589356653E-16, 1.000000000000000000, 0.000000000000000000 ) ) ;
#1324 = EDGE_LOOP ( 'NONE', ( #34, #1514, #1375, #1436 ) ) ;
#1325 = ORIENTED_EDGE ( 'NONE', *, *, #1487, .T. ) ;
#1326 = DIRECTION ( 'NONE',  ( 6.563818557750090892E-16, -1.000000000000000000, -0.000000000000000000 ) ) ;
#1327 = DIRECTION ( 'NONE',  ( 0.000000000000000000, -0.000000000000000000, -1.000000000000000000 ) ) ;
#1328 = DIRECTION ( 'NONE',  ( 0.000000000000000000, -1.000000000000000000, 0.000000000000000000 ) ) ;
#1329 = ORIENTED_EDGE ( 'NONE', *, *, #1564, .T. ) ;
#1330 = DIRECTION ( 'NONE',  ( -0.000000000000000000, -0.000000000000000000, -1.000000000000000000 ) ) ;
#1331 = DIRECTION ( 'NONE',  ( 1.000000000000000000, 5.251054846200071727E-16, -0.000000000000000000 ) ) ;
#1332 = EDGE_CURVE ( 'NONE', #1434, #1538, #539, .T. ) ;
#1333 = AXIS2_PLACEMENT_3D ( 'NONE', #1116, #21, #512 ) ;
#1334 = DIRECTION ( 'NONE',  ( 5.251054846200071727E-16, -1.000000000000000000, -0.000000000000000000 ) ) ;
#1335 = VECTOR ( 'NONE', #404, 1000.000000000000000 ) ;
#1336 = CARTESIAN_POINT ( 'NONE',  ( -38.26428571428571956, 73.71785090089282733, 0.000000000000000000 ) ) ;
#1337 = EDGE_LOOP ( 'NONE', ( #62, #658, #426, #1083 ) ) ;
#1338 = SECURITY_CLASSIFICATION ( '', '', #1135 ) ;
#1339 = CARTESIAN_POINT ( 'NONE',  ( -25.46428571428572951, 2.544642857142873638, -12.50000000000000000 ) ) ;
#1340 = CARTESIAN_POINT ( 'NONE',  ( -29.46428571428572951, 30.54464285714287541, -2.999999999999999112 ) ) ;
#1341 = ADVANCED_FACE ( 'NONE', ( #665 ), #1154, .F. ) ;
#1342 = EDGE_CURVE ( 'NONE', #14, #474, #938, .T. ) ;
#1343 = FACE_BOUND ( 'NONE', #817, .T. ) ;
#1344 = DIRECTION ( 'NONE',  ( 0.000000000000000000, 0.000000000000000000, 1.000000000000000000 ) ) ;
#1345 = VERTEX_POINT ( 'NONE', #752 ) ;
#1346 = CARTESIAN_POINT ( 'NONE',  ( -5.464285714285727735, 30.54464285714287897, 3.000000000000000000 ) ) ;
#1347 = ORIENTED_EDGE ( 'NONE', *, *, #944, .F. ) ;
#1348 = EDGE_CURVE ( 'NONE', #1251, #69, #1248, .T. ) ;
#1349 = FACE_OUTER_BOUND ( 'NONE', #114, .T. ) ;
#1350 = EDGE_CURVE ( 'NONE', #183, #896, #1295, .T. ) ;
#1351 = DIRECTION ( 'NONE',  ( 1.000000000000000000, 0.000000000000000000, 0.000000000000000000 ) ) ;
#1352 = ORIENTED_EDGE ( 'NONE', *, *, #143, .T. ) ;
#1353 = DIRECTION ( 'NONE',  ( 0.000000000000000000, -1.000000000000000000, -0.000000000000000000 ) ) ;
#1354 = ORIENTED_EDGE ( 'NONE', *, *, #1582, .T. ) ;
#1355 = PERSON_AND_ORGANIZATION ( #913, #483 ) ;
#1356 = AXIS2_PLACEMENT_3D ( 'NONE', #1531, #1421, #577 ) ;
#1357 = CARTESIAN_POINT ( 'NONE',  ( -11.71742973978090241, 41.80389101237968674, 0.000000000000000000 ) ) ;
#1358 = EDGE_CURVE ( 'NONE', #474, #1188, #460, .T. ) ;
#1359 = VECTOR ( 'NONE', #1368, 1000.000000000000000 ) ;
#1360 = EDGE_LOOP ( 'NONE', ( #1017, #1054, #753, #126 ) ) ;
#1361 = AXIS2_PLACEMENT_3D ( 'NONE', #1438, #344, #594 ) ;
#1362 = CARTESIAN_POINT ( 'NONE',  ( -38.66428571428571814, 82.61785090089283301, 0.000000000000000000 ) ) ;
#1363 = ORIENTED_EDGE ( 'NONE', *, *, #81, .T. ) ;
#1364 = LINE ( 'NONE', #1254, #983 ) ;
#1365 = DIRECTION ( 'NONE',  ( -0.000000000000000000, -0.000000000000000000, -1.000000000000000000 ) ) ;
#1366 = ORIENTED_EDGE ( 'NONE', *, *, #123, .F. ) ;
#1367 = CC_DESIGN_PERSON_AND_ORGANIZATION_ASSIGNMENT ( #28, #757, ( #277 ) ) ;
#1368 = DIRECTION ( 'NONE',  ( -0.000000000000000000, 1.000000000000000000, -0.000000000000000000 ) ) ;
#1369 = ORIENTED_EDGE ( 'NONE', *, *, #451, .F. ) ;
#1370 = APPROVAL_ROLE ( '' ) ;
#1371 = DIRECTION ( 'NONE',  ( 0.000000000000000000, -0.000000000000000000, -1.000000000000000000 ) ) ;
#1372 = LINE ( 'NONE', #1401, #1574 ) ;
#1373 = EDGE_LOOP ( 'NONE', ( #1063, #923, #650, #866 ) ) ;
#1374 = CARTESIAN_POINT ( 'NONE',  ( -45.46428571428572241, 0.000000000000000000, 0.000000000000000000 ) ) ;
#1375 = ORIENTED_EDGE ( 'NONE', *, *, #766, .T. ) ;
#1376 = EDGE_CURVE ( 'NONE', #818, #295, #1322, .T. ) ;
#1377 = DATE_AND_TIME ( #161, #353 ) ;
#1378 = LINE ( 'NONE', #289, #1314 ) ;
#1379 = FACE_OUTER_BOUND ( 'NONE', #819, .T. ) ;
#1380 = LINE ( 'NONE', #293, #1570 ) ;
#1381 = ORIENTED_EDGE ( 'NONE', *, *, #1478, .F. ) ;
#1382 = VECTOR ( 'NONE', #597, 1000.000000000000000 ) ;
#1383 = ORIENTED_EDGE ( 'NONE', *, *, #997, .T. ) ;
#1384 = LINE ( 'NONE', #1150, #1192 ) ;
#1385 = AXIS2_PLACEMENT_3D ( 'NONE', #6, #731, #127 ) ;
#1386 = DIRECTION ( 'NONE',  ( -6.563818557750089906E-16, 1.000000000000000000, -0.000000000000000000 ) ) ;
#1387 = VECTOR ( 'NONE', #762, 1000.000000000000000 ) ;
#1388 = AXIS2_PLACEMENT_3D ( 'NONE', #708, #1179, #213 ) ;
#1389 = EDGE_CURVE ( 'NONE', #496, #487, #1057, .T. ) ;
#1390 = DIRECTION ( 'NONE',  ( 0.000000000000000000, 0.000000000000000000, 1.000000000000000000 ) ) ;
#1391 = CARTESIAN_POINT ( 'NONE',  ( -5.464285714285741058, 44.36607142857142350, 3.000000000000000000 ) ) ;
#1392 = CARTESIAN_POINT ( 'NONE',  ( -5.464285714285724183, 27.54464285714287541, -2.999999999999999112 ) ) ;
#1393 = CARTESIAN_POINT ( 'NONE',  ( -45.46428571428572241, 60.54464285714281857, 0.000000000000000000 ) ) ;
#1394 = ORIENTED_EDGE ( 'NONE', *, *, #568, .F. ) ;
#1395 = DIRECTION ( 'NONE',  ( -0.000000000000000000, -0.000000000000000000, -1.000000000000000000 ) ) ;
#1396 = DIRECTION ( 'NONE',  ( -1.000000000000000000, -5.782411586589356653E-16, -0.000000000000000000 ) ) ;
#1397 = ORIENTED_EDGE ( 'NONE', *, *, #1332, .T. ) ;
#1398 = DIRECTION ( 'NONE',  ( -1.000000000000000000, -5.251054846200071727E-16, 0.000000000000000000 ) ) ;
#1399 = FACE_OUTER_BOUND ( 'NONE', #234, .T. ) ;
#1400 = ADVANCED_FACE ( 'NONE', ( #1304 ), #225, .F. ) ;
#1401 = CARTESIAN_POINT ( 'NONE',  ( -63.00446428571432023, 63.00446428571425628, 3.000000000000000000 ) ) ;
#1402 = CARTESIAN_POINT ( 'NONE',  ( -30.26428571428572312, 73.71785090089282733, 3.000000000000000000 ) ) ;
#1403 = EDGE_LOOP ( 'NONE', ( #238, #195, #1491, #848 ) ) ;
#1404 = EDGE_CURVE ( 'NONE', #22, #258, #725, .T. ) ;
#1405 = CARTESIAN_POINT ( 'NONE',  ( -29.46428571428571530, -1.547185802898235137E-14, 0.000000000000000000 ) ) ;
#1406 = ORIENTED_EDGE ( 'NONE', *, *, #31, .F. ) ;
#1407 = ORIENTED_EDGE ( 'NONE', *, *, #1077, .F. ) ;
#1408 = ORIENTED_EDGE ( 'NONE', *, *, #497, .F. ) ;
#1409 = LINE ( 'NONE', #544, #601 ) ;
#1410 = CYLINDRICAL_SURFACE ( 'NONE', #646, 1.873427987252412219 ) ;
#1411 = CARTESIAN_POINT ( 'NONE',  ( -17.46428571428572951, 2.544642857142873638, -12.50000000000000000 ) ) ;
#1412 = VERTEX_POINT ( 'NONE', #1081 ) ;
#1413 = VERTEX_POINT ( 'NONE', #1422 ) ;
#1414 = EDGE_CURVE ( 'NONE', #387, #474, #1069, .T. ) ;
#1415 = CARTESIAN_POINT ( 'NONE',  ( -10.49131581588060769, 79.19924855068134661, 3.000000000000000000 ) ) ;
#1416 = VECTOR ( 'NONE', #230, 1000.000000000000000 ) ;
#1417 = VECTOR ( 'NONE', #927, 1000.000000000000000 ) ;
#1418 = ORIENTED_EDGE ( 'NONE', *, *, #852, .T. ) ;
#1419 = VECTOR ( 'NONE', #1207, 1000.000000000000000 ) ;
#1420 = AXIS2_PLACEMENT_3D ( 'NONE', #12, #504, #19 ) ;
#1421 = DIRECTION ( 'NONE',  ( 1.000000000000000000, 0.000000000000000000, -0.000000000000000000 ) ) ;
#1422 = CARTESIAN_POINT ( 'NONE',  ( -29.46428571428572596, 24.54464285714286120, -13.00000000000000178 ) ) ;
#1423 = LINE ( 'NONE', #813, #801 ) ;
#1424 = ORIENTED_EDGE ( 'NONE', *, *, #1288, .F. ) ;
#1425 = LINE ( 'NONE', #1415, #1419 ) ;
#1426 = CARTESIAN_POINT ( 'NONE',  ( 0.000000000000000000, 0.000000000000000000, 0.000000000000000000 ) ) ;
#1427 = EDGE_CURVE ( 'NONE', #1208, #1413, #1201, .T. ) ;
#1428 = VERTEX_POINT ( 'NONE', #1431 ) ;
#1429 = EDGE_CURVE ( 'NONE', #586, #1345, #1165, .T. ) ;
#1430 = DIRECTION ( 'NONE',  ( 1.000000000000000000, 0.000000000000000000, 0.000000000000000000 ) ) ;
#1431 = CARTESIAN_POINT ( 'NONE',  ( -29.46428571428572951, 30.54464285714286476, 3.000000000000000000 ) ) ;
#1432 = VERTEX_POINT ( 'NONE', #948 ) ;
#1433 = CARTESIAN_POINT ( 'NONE',  ( -17.46428571428572951, 24.54464285714286831, -12.50000000000000000 ) ) ;
#1434 = VERTEX_POINT ( 'NONE', #218 ) ;
#1435 = ORIENTED_EDGE ( 'NONE', *, *, #1124, .F. ) ;
#1436 = ORIENTED_EDGE ( 'NONE', *, *, #1308, .T. ) ;
#1437 = EDGE_CURVE ( 'NONE', #445, #576, #1467, .T. ) ;
#1438 = CARTESIAN_POINT ( 'NONE',  ( -5.464285714285727735, 30.54464285714287541, -2.999999999999999112 ) ) ;
#1439 = CARTESIAN_POINT ( 'NONE',  ( 4.735714285714277771, 64.81785090089283585, 0.000000000000000000 ) ) ;
#1440 = VECTOR ( 'NONE', #1396, 1000.000000000000000 ) ;
#1441 = ORIENTED_EDGE ( 'NONE', *, *, #1124, .T. ) ;
#1442 = CIRCLE ( 'NONE', #580, 6.999999999999988454 ) ;
#1443 = ORIENTED_EDGE ( 'NONE', *, *, #1005, .T. ) ;
#1444 = EDGE_CURVE ( 'NONE', #673, #423, #968, .T. ) ;
#1445 = AXIS2_PLACEMENT_3D ( 'NONE', #178, #196, #1537 ) ;
#1446 = DIRECTION ( 'NONE',  ( 0.000000000000000000, -1.000000000000000000, 0.000000000000000000 ) ) ;
#1447 = VECTOR ( 'NONE', #72, 1000.000000000000000 ) ;
#1448 = ADVANCED_FACE ( 'NONE', ( #569 ), #1410, .F. ) ;
#1449 = APPROVAL_PERSON_ORGANIZATION ( #1152, #1571, #1370 ) ;
#1450 = DIRECTION ( 'NONE',  ( 1.000000000000000000, 0.000000000000000000, 0.000000000000000000 ) ) ;
#1451 = CARTESIAN_POINT ( 'NONE',  ( -38.26428571428571956, 73.71785090089282733, 3.000000000000000000 ) ) ;
#1452 = VERTEX_POINT ( 'NONE', #320 ) ;
#1453 = CYLINDRICAL_SURFACE ( 'NONE', #1036, 5.999999999999998224 ) ;
#1454 = EDGE_CURVE ( 'NONE', #1413, #445, #1292, .T. ) ;
#1455 = VERTEX_POINT ( 'NONE', #447 ) ;
#1456 = DIRECTION ( 'NONE',  ( -1.000000000000000000, 0.000000000000000000, 0.000000000000000000 ) ) ;
#1457 = CARTESIAN_POINT ( 'NONE',  ( -33.46428571428573662, 92.54464285714287541, 3.000000000000000000 ) ) ;
#1458 = ORIENTED_EDGE ( 'NONE', *, *, #250, .T. ) ;
#1459 = EDGE_CURVE ( 'NONE', #423, #673, #351, .T. ) ;
#1460 = CARTESIAN_POINT ( 'NONE',  ( -17.46428571428572951, 24.54464285714286831, -14.00000000000000178 ) ) ;
#1461 = CARTESIAN_POINT ( 'NONE',  ( -24.94413484451806795, 24.66881326786772632, 3.000000000000000000 ) ) ;
#1462 = CIRCLE ( 'NONE', #764, 1.000000000000000888 ) ;
#1463 = CIRCLE ( 'NONE', #1333, 0.9999999999999940048 ) ;
#1464 = CARTESIAN_POINT ( 'NONE',  ( -29.46428571428572596, 27.54464285714287541, -25.00000000000000000 ) ) ;
#1465 = VECTOR ( 'NONE', #957, 1000.000000000000000 ) ;
#1466 = CARTESIAN_POINT ( 'NONE',  ( -9.464285714285734841, 2.544642857142873638, -12.50000000000000000 ) ) ;
#1467 = CIRCLE ( 'NONE', #455, 12.00000000000000000 ) ;
#1468 = ORIENTED_EDGE ( 'NONE', *, *, #1350, .T. ) ;
#1469 = PRODUCT_DEFINITION_FORMATION_WITH_SPECIFIED_SOURCE ( 'ANY', '', #277, .NOT_KNOWN. ) ;
#1470 = CYLINDRICAL_SURFACE ( 'NONE', #220, 1.500000000000001332 ) ;
#1471 = ORIENTED_EDGE ( 'NONE', *, *, #997, .F. ) ;
#1472 = EDGE_CURVE ( 'NONE', #295, #823, #1239, .T. ) ;
#1473 =( LENGTH_UNIT ( ) NAMED_UNIT ( * ) SI_UNIT ( .MILLI., .METRE. ) );
#1474 = DIRECTION ( 'NONE',  ( -0.000000000000000000, -0.000000000000000000, -1.000000000000000000 ) ) ;
#1475 = ORIENTED_EDGE ( 'NONE', *, *, #1332, .F. ) ;
#1476 = DIRECTION ( 'NONE',  ( 0.000000000000000000, -0.000000000000000000, 1.000000000000000000 ) ) ;
#1477 = VERTEX_POINT ( 'NONE', #827 ) ;
#1478 = EDGE_CURVE ( 'NONE', #1011, #932, #1566, .T. ) ;
#1479 = FACE_OUTER_BOUND ( 'NONE', #149, .T. ) ;
#1480 = CARTESIAN_POINT ( 'NONE',  ( -9.464285714285734841, 24.54464285714287186, -12.50000000000000000 ) ) ;
#1481 = VERTEX_POINT ( 'NONE', #354 ) ;
#1482 = DIRECTION ( 'NONE',  ( -0.000000000000000000, 1.000000000000000000, -0.000000000000000000 ) ) ;
#1483 = ORIENTED_EDGE ( 'NONE', *, *, #1059, .F. ) ;
#1484 = COORDINATED_UNIVERSAL_TIME_OFFSET ( 2, 0, .AHEAD. ) ;
#1485 = AXIS2_PLACEMENT_3D ( 'NONE', #185, #87, #198 ) ;
#1486 = CYLINDRICAL_SURFACE ( 'NONE', #319, 1.500000000000001332 ) ;
#1487 = EDGE_CURVE ( 'NONE', #1190, #1123, #835, .T. ) ;
#1488 = AXIS2_PLACEMENT_3D ( 'NONE', #760, #192, #1180 ) ;
#1489 = CARTESIAN_POINT ( 'NONE',  ( -10.49131581588062723, 68.23645325110435067, 3.000000000000000000 ) ) ;
#1490 = CIRCLE ( 'NONE', #243, 1.873427987252412219 ) ;
#1491 = ORIENTED_EDGE ( 'NONE', *, *, #473, .T. ) ;
#1492 = VECTOR ( 'NONE', #1334, 1000.000000000000000 ) ;
#1493 = FACE_BOUND ( 'NONE', #507, .T. ) ;
#1494 = EDGE_LOOP ( 'NONE', ( #187, #946, #659, #1369 ) ) ;
#1495 = CIRCLE ( 'NONE', #972, 7.999999999999992895 ) ;
#1496 = CALENDAR_DATE ( 2022, 26, 9 ) ;
#1497 = LINE ( 'NONE', #1263, #620 ) ;
#1498 = CARTESIAN_POINT ( 'NONE',  ( -24.43725561269084778, 68.23645325110430804, 3.000000000000000000 ) ) ;
#1499 = EDGE_LOOP ( 'NONE', ( #482, #540, #889, #541 ) ) ;
#1500 = EDGE_CURVE ( 'NONE', #739, #1412, #876, .T. ) ;
#1501 = FACE_OUTER_BOUND ( 'NONE', #335, .T. ) ;
#1502 = ORIENTED_EDGE ( 'NONE', *, *, #766, .F. ) ;
#1503 = CARTESIAN_POINT ( 'NONE',  ( 7.286022849371992294, 7.205603171122853645, 3.000000000000000000 ) ) ;
#1504 = CARTESIAN_POINT ( 'NONE',  ( -29.46428571428572596, 27.54464285714287541, -13.00000000000000178 ) ) ;
#1505 = ORIENTED_EDGE ( 'NONE', *, *, #1245, .T. ) ;
#1506 = DIRECTION ( 'NONE',  ( -1.000000000000000000, 0.000000000000000000, 0.000000000000000000 ) ) ;
#1507 = DIRECTION ( 'NONE',  ( -5.782411586589356653E-16, 1.000000000000000000, 0.000000000000000000 ) ) ;
#1508 = EDGE_CURVE ( 'NONE', #1216, #1413, #255, .T. ) ;
#1509 = DATE_TIME_ROLE ( 'creation_date' ) ;
#1510 = CARTESIAN_POINT ( 'NONE',  ( 45.54017857142857650, 45.54017857142861203, 3.000000000000000000 ) ) ;
#1511 = CARTESIAN_POINT ( 'NONE',  ( -5.464285714285727735, 30.54464285714287897, 3.000000000000000000 ) ) ;
#1512 = CARTESIAN_POINT ( 'NONE',  ( -11.71742973978090774, 53.25848052220072049, 3.000000000000000000 ) ) ;
#1513 = VECTOR ( 'NONE', #1523, 1000.000000000000000 ) ;
#1514 = ORIENTED_EDGE ( 'NONE', *, *, #1160, .F. ) ;
#1515 = CARTESIAN_POINT ( 'NONE',  ( -15.46428571428573306, 53.25848052220072049, 0.000000000000000000 ) ) ;
#1516 = AXIS2_PLACEMENT_3D ( 'NONE', #859, #16, #253 ) ;
#1517 = EDGE_LOOP ( 'NONE', ( #1558, #1406, #864, #411 ) ) ;
#1518 = CIRCLE ( 'NONE', #263, 1.500000000000001332 ) ;
#1519 = ADVANCED_FACE ( 'NONE', ( #1479 ), #502, .T. ) ;
#1520 = AXIS2_PLACEMENT_3D ( 'NONE', #917, #394, #275 ) ;
#1521 = CARTESIAN_POINT ( 'NONE',  ( -9.464285714285734841, 24.54464285714287186, -14.00000000000000178 ) ) ;
#1522 = EDGE_CURVE ( 'NONE', #132, #159, #119, .T. ) ;
#1523 = DIRECTION ( 'NONE',  ( 4.543305915474688183E-16, -1.000000000000000000, 0.000000000000000000 ) ) ;
#1524 = DIRECTION ( 'NONE',  ( -1.000000000000000000, 0.000000000000000000, 0.000000000000000000 ) ) ;
#1525 = DIRECTION ( 'NONE',  ( 1.000000000000000000, 1.734723475976806848E-16, -0.000000000000000000 ) ) ;
#1526 = ORIENTED_EDGE ( 'NONE', *, *, #998, .F. ) ;
#1527 = CARTESIAN_POINT ( 'NONE',  ( -38.66428571428571814, 82.61785090089283301, 3.000000000000000000 ) ) ;
#1528 = CARTESIAN_POINT ( 'NONE',  ( -15.46428571428573306, 41.80389101237968674, 3.000000000000000000 ) ) ;
#1529 = ORIENTED_EDGE ( 'NONE', *, *, #629, .T. ) ;
#1530 = VERTEX_POINT ( 'NONE', #112 ) ;
#1531 = CARTESIAN_POINT ( 'NONE',  ( -15.46428571428573306, 0.000000000000000000, 3.000000000000000000 ) ) ;
#1532 = ADVANCED_FACE ( 'NONE', ( #1349 ), #129, .T. ) ;
#1533 = CARTESIAN_POINT ( 'NONE',  ( -5.464285714285724183, 27.54464285714287541, -25.00000000000000000 ) ) ;
#1534 = DIRECTION ( 'NONE',  ( -0.000000000000000000, -0.000000000000000000, -1.000000000000000000 ) ) ;
#1535 = EDGE_LOOP ( 'NONE', ( #814, #145, #834, #993 ) ) ;
#1536 = ORIENTED_EDGE ( 'NONE', *, *, #250, .F. ) ;
#1537 = DIRECTION ( 'NONE',  ( 1.000000000000000000, 0.000000000000000000, 0.000000000000000000 ) ) ;
#1538 = VERTEX_POINT ( 'NONE', #245 ) ;
#1539 = CARTESIAN_POINT ( 'NONE',  ( 45.54017857142857650, 45.54017857142861203, 3.000000000000000000 ) ) ;
#1540 = CARTESIAN_POINT ( 'NONE',  ( -17.46428571428572596, 24.54464285714286831, -13.00000000000000178 ) ) ;
#1541 = EDGE_CURVE ( 'NONE', #1147, #551, #907, .T. ) ;
#1542 = CARTESIAN_POINT ( 'NONE',  ( 4.735714285714277771, 64.81785090089283585, 3.000000000000000000 ) ) ;
#1543 = ORIENTED_EDGE ( 'NONE', *, *, #852, .F. ) ;
#1544 = DIRECTION ( 'NONE',  ( -0.000000000000000000, -0.000000000000000000, -1.000000000000000000 ) ) ;
#1545 = CARTESIAN_POINT ( 'NONE',  ( -38.26428571428571956, 73.71785090089282733, 3.000000000000000000 ) ) ;
#1546 = AXIS2_PLACEMENT_3D ( 'NONE', #39, #1281, #779 ) ;
#1547 = ORIENTED_EDGE ( 'NONE', *, *, #1376, .F. ) ;
#1548 = AXIS2_PLACEMENT_3D ( 'NONE', #837, #86, #967 ) ;
#1549 = CIRCLE ( 'NONE', #1420, 1.873427987252415772 ) ;
#1550 = FACE_OUTER_BOUND ( 'NONE', #1535, .T. ) ;
#1551 = DIRECTION ( 'NONE',  ( -5.782411586589356653E-16, 1.000000000000000000, 0.000000000000000000 ) ) ;
#1552 = ORIENTED_EDGE ( 'NONE', *, *, #656, .T. ) ;
#1553 = CARTESIAN_POINT ( 'NONE',  ( -29.46428571428572596, 30.54464285714287541, 0.000000000000000000 ) ) ;
#1554 = ORIENTED_EDGE ( 'NONE', *, *, #1350, .F. ) ;
#1555 = ADVANCED_FACE ( 'NONE', ( #1343, #611, #728, #713, #371, #1219, #1096, #1088 ), #1, .T. ) ;
#1556 = CARTESIAN_POINT ( 'NONE',  ( -17.46428571428572596, 27.54464285714287541, -13.00000000000000178 ) ) ;
#1557 = ORIENTED_EDGE ( 'NONE', *, *, #143, .F. ) ;
#1558 = ORIENTED_EDGE ( 'NONE', *, *, #1005, .F. ) ;
#1559 = CARTESIAN_POINT ( 'NONE',  ( -25.46428571428572951, 24.54464285714286476, -12.50000000000000000 ) ) ;
#1560 = DIRECTION ( 'NONE',  ( -0.000000000000000000, -0.000000000000000000, -1.000000000000000000 ) ) ;
#1561 = ORIENTED_EDGE ( 'NONE', *, *, #1582, .F. ) ;
#1562 = PLANE ( 'NONE',  #8 ) ;
#1563 = EDGE_CURVE ( 'NONE', #1216, #1530, #1576, .T. ) ;
#1564 = EDGE_CURVE ( 'NONE', #69, #858, #1495, .T. ) ;
#1565 = ORIENTED_EDGE ( 'NONE', *, *, #843, .T. ) ;
#1566 = LINE ( 'NONE', #965, #605 ) ;
#1567 = FACE_OUTER_BOUND ( 'NONE', #1494, .T. ) ;
#1568 = EDGE_LOOP ( 'NONE', ( #396, #171, #742, #1105 ) ) ;
#1569 = CARTESIAN_POINT ( 'NONE',  ( -13.59085772703332040, 41.80389101237968674, 0.000000000000000000 ) ) ;
#1570 = VECTOR ( 'NONE', #1146, 1000.000000000000000 ) ;
#1571 = APPROVAL ( #1004, 'UNSPECIFIED' ) ;
#1572 = AXIS2_PLACEMENT_3D ( 'NONE', #148, #1474, #252 ) ;
#1573 = ORIENTED_EDGE ( 'NONE', *, *, #54, .T. ) ;
#1574 = VECTOR ( 'NONE', #174, 1000.000000000000000 ) ;
#1575 = EDGE_CURVE ( 'NONE', #304, #527, #485, .T. ) ;
#1576 = LINE ( 'NONE', #1464, #503 ) ;
#1577 = APPROVAL_PERSON_ORGANIZATION ( #415, #360, #299 ) ;
#1578 = CARTESIAN_POINT ( 'NONE',  ( -17.46428571428573306, 68.85101878539352072, 0.000000000000000000 ) ) ;
#1579 = CARTESIAN_POINT ( 'NONE',  ( -29.46428571428571530, -1.547185802898235137E-14, 3.000000000000000000 ) ) ;
#1580 = ORIENTED_EDGE ( 'NONE', *, *, #377, .T. ) ;
#1581 = DIRECTION ( 'NONE',  ( -0.000000000000000000, -0.000000000000000000, -1.000000000000000000 ) ) ;
#1582 = EDGE_CURVE ( 'NONE', #858, #1481, #142, .T. ) ;
#1583 = LINE ( 'NONE', #857, #1215 ) ;
#1584 = EDGE_LOOP ( 'NONE', ( #672, #193, #1109, #1418 ) ) ;
#1585 = DIRECTION ( 'NONE',  ( -3.028870610316458789E-16, 1.000000000000000000, 0.000000000000000000 ) ) ;
ENDSEC;
END-ISO-10303-21;
